Time,X,Y,Z
19:02:26.487,1.5,-0.5,0
19:02:29.303,1.5,-0.5411392,0
19:02:30.307,1.5,-0.5490345,0
19:02:31.313,1.5,-0.5490345,0
19:02:32.316,6.611062,-0.5490345,0
19:02:33.324,12.92803,-0.5490345,0
19:02:34.351,7.276373,-0.5490345,0
19:02:35.378,10.71641,-0.5490345,0
19:02:36.391,16.34701,2.973791,0
19:02:37.395,17.92127,-2.543403,0
19:02:38.396,17.92127,-2.543403,0
