Time,X,Y,Z
19:00:43.581,1.5,-0.5,0
19:01:11.938,6.021333,-0.5485678,0
19:01:12.941,10.89315,-0.5485679,0
19:01:13.951,10.69841,-0.5485678,0
19:01:14.966,9.064489,-0.5485678,0
19:01:15.986,7.721623,-0.5485678,0
19:01:16.996,7.721624,-0.5485678,0
19:01:18.008,7.721624,2.822533,0
19:01:19.022,9.427904,1.736819,0
19:01:20.040,12.04033,2.453027,0
19:01:21.053,12.04032,2.453027,0
19:01:22.066,12.04032,2.453027,0
