Time,X,Y,Z
21:06:41.910,1.5,-0.5,0
21:06:43.903,1.574363,-0.5482169,0
21:06:44.905,11.09352,-0.1767104,0
21:06:45.905,21.09571,-2.648794,0
21:06:46.909,31.13827,-7.246566,0
21:06:47.912,36.72926,-10.54891,0
21:06:48.914,36.72926,-10.54891,0
