Time,X,Y,Z
18:37:23.549,1.5,-0.5,0
18:37:26.393,8.313022,-0.52,0
18:37:27.392,12.07967,-0.52,0
18:37:28.411,14.40022,-4.47064,0
18:37:29.419,13.8948,-3.035758,0
18:37:30.451,14.5,-1.219031,0
18:37:31.464,14.5,-4.370674,0
18:37:32.500,14.5,-2.174012,0
