Time,X,Y,Z
21:09:09.898,1.5,-0.5,0
21:09:11.874,1.5,-0.5487214,0
21:09:12.875,-5.629072,-0.5487214,0
21:09:13.877,-15.5,3.054041,0
21:09:14.879,-19.4494,8.040206,0
21:09:15.883,-21.83187,13.47306,0
21:09:16.886,-21.85348,17.8532,0
21:09:17.887,-28.5,20.13975,0
21:09:18.888,-24.80366,16.48141,0
21:09:19.890,-29.68581,11.94213,0
21:09:20.894,-35.25069,8.474529,0
21:09:21.897,-34.19504,12.90348,0
21:09:22.897,-35.56111,15.45132,0
21:09:23.897,-35.61588,15.45133,0
