Time,X,Y,Z
21:08:42.803,1.5,-0.5,0
21:08:44.772,1.5,-0.5488551,0
21:08:45.773,1.5,-0.5488551,0
21:08:46.777,1.5,-0.5488551,0
21:08:47.780,1.5,-0.5488551,0
21:08:48.785,1.5,-0.5488551,0
21:08:49.791,1.5,-0.5488551,0
21:08:50.798,1.5,-0.5488551,0
21:08:51.804,1.5,-0.5488551,0
21:08:52.809,1.5,-0.5488551,0
21:08:53.809,1.5,-0.5488551,0
21:08:54.811,1.5,-0.5488551,0
