Time,X,Y,Z,ItemId
00:07:52.197,1.5,-0.5,0,null
00:07:55.725,1.627481,-0.5445243,0,null
00:07:56.733,11.29957,-0.5445244,0,null
00:07:57.741,18.5,5.735764,0,null
00:07:58.751,24.51686,8.451633,0,null
00:07:59.760,26.5,15.9199,0,null
00:08:00.875,26.5,15.9199,0,null
00:08:01.894,26.5,15.9199,0,null
00:08:02.898,26.5,15.9199,0,null
00:08:03.904,26.5,15.9199,0,null
00:08:04.909,26.5,15.9199,0,null
00:08:05.918,26.5,15.9199,0,null
00:08:06.919,26.5,15.9199,0,null
00:08:07.924,26.5,15.9199,0,null
