Time,X,Y,Z
17:19:03.276,1.5,-0.5,0
17:19:05.850,1.578029,-0.5437378,0
17:19:06.854,11.09568,2.905548,0
17:19:07.860,18.5,0.007712878,0
17:19:08.865,18.5,9.053691,0
17:19:09.869,12.5,10.41203,0
17:19:10.872,16.28017,16.33556,0
17:19:11.876,22.5,20.24742,0
17:19:12.887,15.23199,22.45586,0
17:19:13.894,11.97247,22.45585,0
17:19:14.901,11.97167,22.45585,0
17:19:15.926,11.97167,22.45585,0
