Time,X,Y,Z
18:39:25.220,1.5,-0.5,0
18:39:27.994,6.168031,-0.5483356,0
18:39:28.996,13.26374,-0.5483356,0
18:39:30.006,16.01763,-4.543017,0
18:39:31.014,14.07591,-2.884317,0
18:39:32.017,14.17409,-2.392367,0
18:39:33.025,14.81186,-4.547256,0
