Time,X,Y,Z
18:40:20.441,1.5,-0.5,0
18:40:23.204,1.5,-0.5470013,0
18:40:24.204,6.986961,-0.5470012,0
18:40:25.210,11.30085,-0.5470012,0
18:40:26.220,9.503997,-0.5470012,0
18:40:27.227,10.5,1.276217,0
18:40:28.232,12.67972,0.8905302,0
18:40:29.238,11.16468,0.3365687,0
18:40:30.241,11.1582,-0.1426371,0
18:40:31.242,10.43468,1.755909,0
18:40:32.249,10.43468,-0.5452026,0
18:40:33.258,10.43468,-0.5452026,0
18:40:34.260,10.43468,-0.5452026,0
