Time,X,Y,Z
18:37:43.417,1.5,-0.5,0
18:37:46.262,1.5,-0.52,0
18:37:47.290,9.948151,-0.52,0
18:37:48.327,13.23077,-0.52,0
18:37:49.378,13.05461,-2.3386,0
18:37:50.448,12.2071,-6.378263,0
