Timestamp, Level, Source, Message
15:10:01.111,INFO,GameLogger,=== Game Session Started ===
15:10:01.596,ERROR,Stove,"firewoodSprites 배열이 비어있거나, 크기가 requiredFirewood(4)와 일치하지 않습니다. 인스펙터에서 0개부터 3개까지의 스프라이트를 할당해주세요."
15:10:01.603,WARNING,Unity,Minimap: no renderers found for bounds. Check includeLayers.
15:10:01.620,INFO,Unity,야외닿음
15:10:01.620,INFO,Unity,야외닿음
15:10:01.621,INFO,Unity,야외닿음
15:10:01.621,INFO,Unity,Trigger Entered with: 야외
15:10:01.622,INFO,Unity,Trigger Entered with: Wall3 (1)
15:10:01.626,INFO,Unity,야외닿음
15:10:01.626,INFO,Unity,야외닿음
15:10:01.627,INFO,Unity,야외닿음
15:10:01.627,INFO,Unity,야외닿음
15:10:01.627,INFO,Unity,Trigger Entered with: 야외
15:10:01.627,INFO,Unity,Trigger Entered with: Wall3 (1)
15:10:01.629,INFO,Unity,야외닿음
15:10:01.629,INFO,Unity,Trigger Entered with: 야외
15:10:01.629,INFO,Unity,Trigger Entered with: Wall3 (1)
15:10:01.630,INFO,Unity,Trigger Entered with: 야외
15:10:01.630,INFO,Unity,Trigger Entered with: Wall3 (1)
15:10:01.630,INFO,Unity,야외닿음
15:10:01.631,INFO,Unity,야외닿음
15:10:01.631,INFO,Unity,Trigger Entered with: 야외
15:10:01.632,INFO,Unity,Trigger Entered with: Wall3 (1)
15:10:01.632,INFO,Unity,야외닿음
15:10:01.632,INFO,Unity,야외닿음
15:10:01.634,INFO,Unity,야외닿음
15:10:01.634,INFO,Unity,야외닿음
15:10:01.634,INFO,Unity,야외닿음
15:10:01.635,INFO,Unity,야외닿음
15:10:01.635,INFO,Unity,야외닿음
15:10:01.657,ERROR,Unity,"NullReferenceException: Object reference not set to an instance of an object
CarryableRotation.Update () (at Assets/Scripts/Interaction/CarryableRotation.cs:20)
"
15:10:02.852,ERROR,Unity,"NullReferenceException: Object reference not set to an instance of an object
CarryableRotation.Update () (at Assets/Scripts/Interaction/CarryableRotation.cs:20)
"
15:10:02.929,ERROR,Unity,"NullReferenceException: Object reference not set to an instance of an object
CarryableRotation.Update () (at Assets/Scripts/Interaction/CarryableRotation.cs:20)
"
15:10:02.967,ERROR,Unity,"NullReferenceException: Object reference not set to an instance of an object
CarryableRotation.Update () (at Assets/Scripts/Interaction/CarryableRotation.cs:20)
"
15:10:02.983,ERROR,Unity,"NullReferenceException: Object reference not set to an instance of an object
CarryableRotation.Update () (at Assets/Scripts/Interaction/CarryableRotation.cs:20)
"
15:10:02.998,ERROR,Unity,"NullReferenceException: Object reference not set to an instance of an object
CarryableRotation.Update () (at Assets/Scripts/Interaction/CarryableRotation.cs:20)
"
15:10:03.015,ERROR,Unity,"NullReferenceException: Object reference not set to an instance of an object
CarryableRotation.Update () (at Assets/Scripts/Interaction/CarryableRotation.cs:20)
"
15:10:03.030,ERROR,Unity,"NullReferenceException: Object reference not set to an instance of an object
CarryableRotation.Update () (at Assets/Scripts/Interaction/CarryableRotation.cs:20)
"
15:10:03.046,ERROR,Unity,"NullReferenceException: Object reference not set to an instance of an object
CarryableRotation.Update () (at Assets/Scripts/Interaction/CarryableRotation.cs:20)
"
15:10:03.061,ERROR,Unity,"NullReferenceException: Object reference not set to an instance of an object
CarryableRotation.Update () (at Assets/Scripts/Interaction/CarryableRotation.cs:20)
"
15:10:03.075,ERROR,Unity,"NullReferenceException: Object reference not set to an instance of an object
CarryableRotation.Update () (at Assets/Scripts/Interaction/CarryableRotation.cs:20)
"
15:10:03.090,ERROR,Unity,"NullReferenceException: Object reference not set to an instance of an object
CarryableRotation.Update () (at Assets/Scripts/Interaction/CarryableRotation.cs:20)
"
15:10:03.105,ERROR,Unity,"NullReferenceException: Object reference not set to an instance of an object
CarryableRotation.Update () (at Assets/Scripts/Interaction/CarryableRotation.cs:20)
"
15:10:03.120,ERROR,Unity,"NullReferenceException: Object reference not set to an instance of an object
CarryableRotation.Update () (at Assets/Scripts/Interaction/CarryableRotation.cs:20)
"
15:10:03.134,ERROR,Unity,"NullReferenceException: Object reference not set to an instance of an object
CarryableRotation.Update () (at Assets/Scripts/Interaction/CarryableRotation.cs:20)
"
15:10:03.149,ERROR,Unity,"NullReferenceException: Object reference not set to an instance of an object
CarryableRotation.Update () (at Assets/Scripts/Interaction/CarryableRotation.cs:20)
"
15:10:03.164,ERROR,Unity,"NullReferenceException: Object reference not set to an instance of an object
CarryableRotation.Update () (at Assets/Scripts/Interaction/CarryableRotation.cs:20)
"
15:10:03.180,ERROR,Unity,"NullReferenceException: Object reference not set to an instance of an object
CarryableRotation.Update () (at Assets/Scripts/Interaction/CarryableRotation.cs:20)
"
15:10:03.194,ERROR,Unity,"NullReferenceException: Object reference not set to an instance of an object
CarryableRotation.Update () (at Assets/Scripts/Interaction/CarryableRotation.cs:20)
"
15:10:03.208,ERROR,Unity,"NullReferenceException: Object reference not set to an instance of an object
CarryableRotation.Update () (at Assets/Scripts/Interaction/CarryableRotation.cs:20)
"
15:10:03.225,ERROR,Unity,"NullReferenceException: Object reference not set to an instance of an object
CarryableRotation.Update () (at Assets/Scripts/Interaction/CarryableRotation.cs:20)
"
15:10:03.238,ERROR,Unity,"NullReferenceException: Object reference not set to an instance of an object
CarryableRotation.Update () (at Assets/Scripts/Interaction/CarryableRotation.cs:20)
"
15:10:03.254,ERROR,Unity,"NullReferenceException: Object reference not set to an instance of an object
CarryableRotation.Update () (at Assets/Scripts/Interaction/CarryableRotation.cs:20)
"
15:10:03.268,ERROR,Unity,"NullReferenceException: Object reference not set to an instance of an object
CarryableRotation.Update () (at Assets/Scripts/Interaction/CarryableRotation.cs:20)
"
15:10:03.281,ERROR,Unity,"NullReferenceException: Object reference not set to an instance of an object
CarryableRotation.Update () (at Assets/Scripts/Interaction/CarryableRotation.cs:20)
"
15:10:03.297,ERROR,Unity,"NullReferenceException: Object reference not set to an instance of an object
CarryableRotation.Update () (at Assets/Scripts/Interaction/CarryableRotation.cs:20)
"
15:10:03.310,ERROR,Unity,"NullReferenceException: Object reference not set to an instance of an object
CarryableRotation.Update () (at Assets/Scripts/Interaction/CarryableRotation.cs:20)
"
15:10:03.325,ERROR,Unity,"NullReferenceException: Object reference not set to an instance of an object
CarryableRotation.Update () (at Assets/Scripts/Interaction/CarryableRotation.cs:20)
"
15:10:03.338,ERROR,Unity,"NullReferenceException: Object reference not set to an instance of an object
CarryableRotation.Update () (at Assets/Scripts/Interaction/CarryableRotation.cs:20)
"
15:10:03.353,ERROR,Unity,"NullReferenceException: Object reference not set to an instance of an object
CarryableRotation.Update () (at Assets/Scripts/Interaction/CarryableRotation.cs:20)
"
15:10:03.368,ERROR,Unity,"NullReferenceException: Object reference not set to an instance of an object
CarryableRotation.Update () (at Assets/Scripts/Interaction/CarryableRotation.cs:20)
"
15:10:03.382,ERROR,Unity,"NullReferenceException: Object reference not set to an instance of an object
CarryableRotation.Update () (at Assets/Scripts/Interaction/CarryableRotation.cs:20)
"
15:10:03.396,ERROR,Unity,"NullReferenceException: Object reference not set to an instance of an object
CarryableRotation.Update () (at Assets/Scripts/Interaction/CarryableRotation.cs:20)
"
15:10:03.411,ERROR,Unity,"NullReferenceException: Object reference not set to an instance of an object
CarryableRotation.Update () (at Assets/Scripts/Interaction/CarryableRotation.cs:20)
"
15:10:03.427,ERROR,Unity,"NullReferenceException: Object reference not set to an instance of an object
CarryableRotation.Update () (at Assets/Scripts/Interaction/CarryableRotation.cs:20)
"
15:10:03.441,ERROR,Unity,"NullReferenceException: Object reference not set to an instance of an object
CarryableRotation.Update () (at Assets/Scripts/Interaction/CarryableRotation.cs:20)
"
15:10:03.456,ERROR,Unity,"NullReferenceException: Object reference not set to an instance of an object
CarryableRotation.Update () (at Assets/Scripts/Interaction/CarryableRotation.cs:20)
"
15:10:03.471,ERROR,Unity,"NullReferenceException: Object reference not set to an instance of an object
CarryableRotation.Update () (at Assets/Scripts/Interaction/CarryableRotation.cs:20)
"
15:10:03.485,ERROR,Unity,"NullReferenceException: Object reference not set to an instance of an object
CarryableRotation.Update () (at Assets/Scripts/Interaction/CarryableRotation.cs:20)
"
15:10:03.499,ERROR,Unity,"NullReferenceException: Object reference not set to an instance of an object
CarryableRotation.Update () (at Assets/Scripts/Interaction/CarryableRotation.cs:20)
"
15:10:03.514,ERROR,Unity,"NullReferenceException: Object reference not set to an instance of an object
CarryableRotation.Update () (at Assets/Scripts/Interaction/CarryableRotation.cs:20)
"
15:10:03.527,ERROR,Unity,"NullReferenceException: Object reference not set to an instance of an object
CarryableRotation.Update () (at Assets/Scripts/Interaction/CarryableRotation.cs:20)
"
15:10:03.541,ERROR,Unity,"NullReferenceException: Object reference not set to an instance of an object
CarryableRotation.Update () (at Assets/Scripts/Interaction/CarryableRotation.cs:20)
"
15:10:03.557,ERROR,Unity,"NullReferenceException: Object reference not set to an instance of an object
CarryableRotation.Update () (at Assets/Scripts/Interaction/CarryableRotation.cs:20)
"
15:10:03.571,ERROR,Unity,"NullReferenceException: Object reference not set to an instance of an object
CarryableRotation.Update () (at Assets/Scripts/Interaction/CarryableRotation.cs:20)
"
15:10:03.585,ERROR,Unity,"NullReferenceException: Object reference not set to an instance of an object
CarryableRotation.Update () (at Assets/Scripts/Interaction/CarryableRotation.cs:20)
"
15:10:03.599,ERROR,Unity,"NullReferenceException: Object reference not set to an instance of an object
CarryableRotation.Update () (at Assets/Scripts/Interaction/CarryableRotation.cs:20)
"
15:10:03.614,ERROR,Unity,"NullReferenceException: Object reference not set to an instance of an object
CarryableRotation.Update () (at Assets/Scripts/Interaction/CarryableRotation.cs:20)
"
15:10:03.631,ERROR,Unity,"NullReferenceException: Object reference not set to an instance of an object
CarryableRotation.Update () (at Assets/Scripts/Interaction/CarryableRotation.cs:20)
"
15:10:03.645,ERROR,Unity,"NullReferenceException: Object reference not set to an instance of an object
CarryableRotation.Update () (at Assets/Scripts/Interaction/CarryableRotation.cs:20)
"
15:10:03.659,ERROR,Unity,"NullReferenceException: Object reference not set to an instance of an object
CarryableRotation.Update () (at Assets/Scripts/Interaction/CarryableRotation.cs:20)
"
15:10:03.675,ERROR,Unity,"NullReferenceException: Object reference not set to an instance of an object
CarryableRotation.Update () (at Assets/Scripts/Interaction/CarryableRotation.cs:20)
"
15:10:03.689,ERROR,Unity,"NullReferenceException: Object reference not set to an instance of an object
CarryableRotation.Update () (at Assets/Scripts/Interaction/CarryableRotation.cs:20)
"
15:10:03.703,ERROR,Unity,"NullReferenceException: Object reference not set to an instance of an object
CarryableRotation.Update () (at Assets/Scripts/Interaction/CarryableRotation.cs:20)
"
15:10:03.717,ERROR,Unity,"NullReferenceException: Object reference not set to an instance of an object
CarryableRotation.Update () (at Assets/Scripts/Interaction/CarryableRotation.cs:20)
"
15:10:03.731,ERROR,Unity,"NullReferenceException: Object reference not set to an instance of an object
CarryableRotation.Update () (at Assets/Scripts/Interaction/CarryableRotation.cs:20)
"
15:10:03.744,ERROR,Unity,"NullReferenceException: Object reference not set to an instance of an object
CarryableRotation.Update () (at Assets/Scripts/Interaction/CarryableRotation.cs:20)
"
15:10:03.759,ERROR,Unity,"NullReferenceException: Object reference not set to an instance of an object
CarryableRotation.Update () (at Assets/Scripts/Interaction/CarryableRotation.cs:20)
"
15:10:03.772,ERROR,Unity,"NullReferenceException: Object reference not set to an instance of an object
CarryableRotation.Update () (at Assets/Scripts/Interaction/CarryableRotation.cs:20)
"
15:10:03.786,ERROR,Unity,"NullReferenceException: Object reference not set to an instance of an object
CarryableRotation.Update () (at Assets/Scripts/Interaction/CarryableRotation.cs:20)
"
15:10:03.800,ERROR,Unity,"NullReferenceException: Object reference not set to an instance of an object
CarryableRotation.Update () (at Assets/Scripts/Interaction/CarryableRotation.cs:20)
"
15:10:03.814,ERROR,Unity,"NullReferenceException: Object reference not set to an instance of an object
CarryableRotation.Update () (at Assets/Scripts/Interaction/CarryableRotation.cs:20)
"
15:10:03.828,ERROR,Unity,"NullReferenceException: Object reference not set to an instance of an object
CarryableRotation.Update () (at Assets/Scripts/Interaction/CarryableRotation.cs:20)
"
15:10:03.845,ERROR,Unity,"NullReferenceException: Object reference not set to an instance of an object
CarryableRotation.Update () (at Assets/Scripts/Interaction/CarryableRotation.cs:20)
"
15:10:03.859,ERROR,Unity,"NullReferenceException: Object reference not set to an instance of an object
CarryableRotation.Update () (at Assets/Scripts/Interaction/CarryableRotation.cs:20)
"
15:10:03.874,ERROR,Unity,"NullReferenceException: Object reference not set to an instance of an object
CarryableRotation.Update () (at Assets/Scripts/Interaction/CarryableRotation.cs:20)
"
15:10:03.887,ERROR,Unity,"NullReferenceException: Object reference not set to an instance of an object
CarryableRotation.Update () (at Assets/Scripts/Interaction/CarryableRotation.cs:20)
"
15:10:03.901,ERROR,Unity,"NullReferenceException: Object reference not set to an instance of an object
CarryableRotation.Update () (at Assets/Scripts/Interaction/CarryableRotation.cs:20)
"
15:10:03.915,ERROR,Unity,"NullReferenceException: Object reference not set to an instance of an object
CarryableRotation.Update () (at Assets/Scripts/Interaction/CarryableRotation.cs:20)
"
15:10:03.929,ERROR,Unity,"NullReferenceException: Object reference not set to an instance of an object
CarryableRotation.Update () (at Assets/Scripts/Interaction/CarryableRotation.cs:20)
"
15:10:03.944,ERROR,Unity,"NullReferenceException: Object reference not set to an instance of an object
CarryableRotation.Update () (at Assets/Scripts/Interaction/CarryableRotation.cs:20)
"
15:10:03.957,ERROR,Unity,"NullReferenceException: Object reference not set to an instance of an object
CarryableRotation.Update () (at Assets/Scripts/Interaction/CarryableRotation.cs:20)
"
15:10:03.971,ERROR,Unity,"NullReferenceException: Object reference not set to an instance of an object
CarryableRotation.Update () (at Assets/Scripts/Interaction/CarryableRotation.cs:20)
"
15:10:03.986,ERROR,Unity,"NullReferenceException: Object reference not set to an instance of an object
CarryableRotation.Update () (at Assets/Scripts/Interaction/CarryableRotation.cs:20)
"
15:10:03.999,ERROR,Unity,"NullReferenceException: Object reference not set to an instance of an object
CarryableRotation.Update () (at Assets/Scripts/Interaction/CarryableRotation.cs:20)
"
15:10:04.013,ERROR,Unity,"NullReferenceException: Object reference not set to an instance of an object
CarryableRotation.Update () (at Assets/Scripts/Interaction/CarryableRotation.cs:20)
"
15:10:04.028,ERROR,Unity,"NullReferenceException: Object reference not set to an instance of an object
CarryableRotation.Update () (at Assets/Scripts/Interaction/CarryableRotation.cs:20)
"
15:10:04.041,ERROR,Unity,"NullReferenceException: Object reference not set to an instance of an object
CarryableRotation.Update () (at Assets/Scripts/Interaction/CarryableRotation.cs:20)
"
15:10:04.058,ERROR,Unity,"NullReferenceException: Object reference not set to an instance of an object
CarryableRotation.Update () (at Assets/Scripts/Interaction/CarryableRotation.cs:20)
"
15:10:04.071,ERROR,Unity,"NullReferenceException: Object reference not set to an instance of an object
CarryableRotation.Update () (at Assets/Scripts/Interaction/CarryableRotation.cs:20)
"
15:10:04.085,ERROR,Unity,"NullReferenceException: Object reference not set to an instance of an object
CarryableRotation.Update () (at Assets/Scripts/Interaction/CarryableRotation.cs:20)
"
15:10:04.099,ERROR,Unity,"NullReferenceException: Object reference not set to an instance of an object
CarryableRotation.Update () (at Assets/Scripts/Interaction/CarryableRotation.cs:20)
"
15:10:04.114,ERROR,Unity,"NullReferenceException: Object reference not set to an instance of an object
CarryableRotation.Update () (at Assets/Scripts/Interaction/CarryableRotation.cs:20)
"
15:10:04.127,ERROR,Unity,"NullReferenceException: Object reference not set to an instance of an object
CarryableRotation.Update () (at Assets/Scripts/Interaction/CarryableRotation.cs:20)
"
15:10:04.141,ERROR,Unity,"NullReferenceException: Object reference not set to an instance of an object
CarryableRotation.Update () (at Assets/Scripts/Interaction/CarryableRotation.cs:20)
"
15:10:04.155,ERROR,Unity,"NullReferenceException: Object reference not set to an instance of an object
CarryableRotation.Update () (at Assets/Scripts/Interaction/CarryableRotation.cs:20)
"
15:10:04.169,ERROR,Unity,"NullReferenceException: Object reference not set to an instance of an object
CarryableRotation.Update () (at Assets/Scripts/Interaction/CarryableRotation.cs:20)
"
15:10:04.183,ERROR,Unity,"NullReferenceException: Object reference not set to an instance of an object
CarryableRotation.Update () (at Assets/Scripts/Interaction/CarryableRotation.cs:20)
"
15:10:04.197,ERROR,Unity,"NullReferenceException: Object reference not set to an instance of an object
CarryableRotation.Update () (at Assets/Scripts/Interaction/CarryableRotation.cs:20)
"
15:10:04.211,ERROR,Unity,"NullReferenceException: Object reference not set to an instance of an object
CarryableRotation.Update () (at Assets/Scripts/Interaction/CarryableRotation.cs:20)
"
15:10:04.225,ERROR,Unity,"NullReferenceException: Object reference not set to an instance of an object
CarryableRotation.Update () (at Assets/Scripts/Interaction/CarryableRotation.cs:20)
"
15:10:04.239,ERROR,Unity,"NullReferenceException: Object reference not set to an instance of an object
CarryableRotation.Update () (at Assets/Scripts/Interaction/CarryableRotation.cs:20)
"
15:10:04.253,ERROR,Unity,"NullReferenceException: Object reference not set to an instance of an object
CarryableRotation.Update () (at Assets/Scripts/Interaction/CarryableRotation.cs:20)
"
15:10:04.268,ERROR,Unity,"NullReferenceException: Object reference not set to an instance of an object
CarryableRotation.Update () (at Assets/Scripts/Interaction/CarryableRotation.cs:20)
"
15:10:04.283,ERROR,Unity,"NullReferenceException: Object reference not set to an instance of an object
CarryableRotation.Update () (at Assets/Scripts/Interaction/CarryableRotation.cs:20)
"
15:10:04.297,ERROR,Unity,"NullReferenceException: Object reference not set to an instance of an object
CarryableRotation.Update () (at Assets/Scripts/Interaction/CarryableRotation.cs:20)
"
15:10:04.312,ERROR,Unity,"NullReferenceException: Object reference not set to an instance of an object
CarryableRotation.Update () (at Assets/Scripts/Interaction/CarryableRotation.cs:20)
"
15:10:04.326,ERROR,Unity,"NullReferenceException: Object reference not set to an instance of an object
CarryableRotation.Update () (at Assets/Scripts/Interaction/CarryableRotation.cs:20)
"
15:10:04.339,ERROR,Unity,"NullReferenceException: Object reference not set to an instance of an object
CarryableRotation.Update () (at Assets/Scripts/Interaction/CarryableRotation.cs:20)
"
15:10:04.354,ERROR,Unity,"NullReferenceException: Object reference not set to an instance of an object
CarryableRotation.Update () (at Assets/Scripts/Interaction/CarryableRotation.cs:20)
"
15:10:04.367,ERROR,Unity,"NullReferenceException: Object reference not set to an instance of an object
CarryableRotation.Update () (at Assets/Scripts/Interaction/CarryableRotation.cs:20)
"
15:10:04.382,ERROR,Unity,"NullReferenceException: Object reference not set to an instance of an object
CarryableRotation.Update () (at Assets/Scripts/Interaction/CarryableRotation.cs:20)
"
15:10:04.396,ERROR,Unity,"NullReferenceException: Object reference not set to an instance of an object
CarryableRotation.Update () (at Assets/Scripts/Interaction/CarryableRotation.cs:20)
"
15:10:04.410,ERROR,Unity,"NullReferenceException: Object reference not set to an instance of an object
CarryableRotation.Update () (at Assets/Scripts/Interaction/CarryableRotation.cs:20)
"
15:10:04.423,ERROR,Unity,"NullReferenceException: Object reference not set to an instance of an object
CarryableRotation.Update () (at Assets/Scripts/Interaction/CarryableRotation.cs:20)
"
15:10:04.437,ERROR,Unity,"NullReferenceException: Object reference not set to an instance of an object
CarryableRotation.Update () (at Assets/Scripts/Interaction/CarryableRotation.cs:20)
"
15:10:04.450,ERROR,Unity,"NullReferenceException: Object reference not set to an instance of an object
CarryableRotation.Update () (at Assets/Scripts/Interaction/CarryableRotation.cs:20)
"
15:10:04.464,ERROR,Unity,"NullReferenceException: Object reference not set to an instance of an object
CarryableRotation.Update () (at Assets/Scripts/Interaction/CarryableRotation.cs:20)
"
15:10:04.481,ERROR,Unity,"NullReferenceException: Object reference not set to an instance of an object
CarryableRotation.Update () (at Assets/Scripts/Interaction/CarryableRotation.cs:20)
"
15:10:04.494,ERROR,Unity,"NullReferenceException: Object reference not set to an instance of an object
CarryableRotation.Update () (at Assets/Scripts/Interaction/CarryableRotation.cs:20)
"
15:10:04.514,ERROR,Unity,"NullReferenceException: Object reference not set to an instance of an object
CarryableRotation.Update () (at Assets/Scripts/Interaction/CarryableRotation.cs:20)
"
15:10:04.535,ERROR,Unity,"NullReferenceException: Object reference not set to an instance of an object
CarryableRotation.Update () (at Assets/Scripts/Interaction/CarryableRotation.cs:20)
"
15:10:04.550,ERROR,Unity,"NullReferenceException: Object reference not set to an instance of an object
CarryableRotation.Update () (at Assets/Scripts/Interaction/CarryableRotation.cs:20)
"
15:10:04.566,ERROR,Unity,"NullReferenceException: Object reference not set to an instance of an object
CarryableRotation.Update () (at Assets/Scripts/Interaction/CarryableRotation.cs:20)
"
15:10:04.583,ERROR,Unity,"NullReferenceException: Object reference not set to an instance of an object
CarryableRotation.Update () (at Assets/Scripts/Interaction/CarryableRotation.cs:20)
"
15:10:04.600,ERROR,Unity,"NullReferenceException: Object reference not set to an instance of an object
CarryableRotation.Update () (at Assets/Scripts/Interaction/CarryableRotation.cs:20)
"
15:10:04.619,ERROR,Unity,"NullReferenceException: Object reference not set to an instance of an object
CarryableRotation.Update () (at Assets/Scripts/Interaction/CarryableRotation.cs:20)
"
15:10:04.635,ERROR,Unity,"NullReferenceException: Object reference not set to an instance of an object
CarryableRotation.Update () (at Assets/Scripts/Interaction/CarryableRotation.cs:20)
"
15:10:04.655,ERROR,Unity,"NullReferenceException: Object reference not set to an instance of an object
CarryableRotation.Update () (at Assets/Scripts/Interaction/CarryableRotation.cs:20)
"
15:10:04.672,ERROR,Unity,"NullReferenceException: Object reference not set to an instance of an object
CarryableRotation.Update () (at Assets/Scripts/Interaction/CarryableRotation.cs:20)
"
15:10:04.691,ERROR,Unity,"NullReferenceException: Object reference not set to an instance of an object
CarryableRotation.Update () (at Assets/Scripts/Interaction/CarryableRotation.cs:20)
"
15:10:04.707,ERROR,Unity,"NullReferenceException: Object reference not set to an instance of an object
CarryableRotation.Update () (at Assets/Scripts/Interaction/CarryableRotation.cs:20)
"
15:10:04.721,ERROR,Unity,"NullReferenceException: Object reference not set to an instance of an object
CarryableRotation.Update () (at Assets/Scripts/Interaction/CarryableRotation.cs:20)
"
15:10:04.735,ERROR,Unity,"NullReferenceException: Object reference not set to an instance of an object
CarryableRotation.Update () (at Assets/Scripts/Interaction/CarryableRotation.cs:20)
"
15:10:04.752,ERROR,Unity,"NullReferenceException: Object reference not set to an instance of an object
CarryableRotation.Update () (at Assets/Scripts/Interaction/CarryableRotation.cs:20)
"
15:10:04.766,ERROR,Unity,"NullReferenceException: Object reference not set to an instance of an object
CarryableRotation.Update () (at Assets/Scripts/Interaction/CarryableRotation.cs:20)
"
15:10:04.781,ERROR,Unity,"NullReferenceException: Object reference not set to an instance of an object
CarryableRotation.Update () (at Assets/Scripts/Interaction/CarryableRotation.cs:20)
"
15:10:04.794,ERROR,Unity,"NullReferenceException: Object reference not set to an instance of an object
CarryableRotation.Update () (at Assets/Scripts/Interaction/CarryableRotation.cs:20)
"
15:10:04.807,ERROR,Unity,"NullReferenceException: Object reference not set to an instance of an object
CarryableRotation.Update () (at Assets/Scripts/Interaction/CarryableRotation.cs:20)
"
15:10:04.822,ERROR,Unity,"NullReferenceException: Object reference not set to an instance of an object
CarryableRotation.Update () (at Assets/Scripts/Interaction/CarryableRotation.cs:20)
"
15:10:04.837,ERROR,Unity,"NullReferenceException: Object reference not set to an instance of an object
CarryableRotation.Update () (at Assets/Scripts/Interaction/CarryableRotation.cs:20)
"
15:10:04.853,ERROR,Unity,"NullReferenceException: Object reference not set to an instance of an object
CarryableRotation.Update () (at Assets/Scripts/Interaction/CarryableRotation.cs:20)
"
15:10:04.869,ERROR,Unity,"NullReferenceException: Object reference not set to an instance of an object
CarryableRotation.Update () (at Assets/Scripts/Interaction/CarryableRotation.cs:20)
"
15:10:04.883,ERROR,Unity,"NullReferenceException: Object reference not set to an instance of an object
CarryableRotation.Update () (at Assets/Scripts/Interaction/CarryableRotation.cs:20)
"
15:10:04.901,ERROR,Unity,"NullReferenceException: Object reference not set to an instance of an object
CarryableRotation.Update () (at Assets/Scripts/Interaction/CarryableRotation.cs:20)
"
15:10:04.916,ERROR,Unity,"NullReferenceException: Object reference not set to an instance of an object
CarryableRotation.Update () (at Assets/Scripts/Interaction/CarryableRotation.cs:20)
"
15:10:04.931,ERROR,Unity,"NullReferenceException: Object reference not set to an instance of an object
CarryableRotation.Update () (at Assets/Scripts/Interaction/CarryableRotation.cs:20)
"
15:10:04.946,ERROR,Unity,"NullReferenceException: Object reference not set to an instance of an object
CarryableRotation.Update () (at Assets/Scripts/Interaction/CarryableRotation.cs:20)
"
15:10:04.961,ERROR,Unity,"NullReferenceException: Object reference not set to an instance of an object
CarryableRotation.Update () (at Assets/Scripts/Interaction/CarryableRotation.cs:20)
"
15:10:04.975,ERROR,Unity,"NullReferenceException: Object reference not set to an instance of an object
CarryableRotation.Update () (at Assets/Scripts/Interaction/CarryableRotation.cs:20)
"
15:10:04.990,ERROR,Unity,"NullReferenceException: Object reference not set to an instance of an object
CarryableRotation.Update () (at Assets/Scripts/Interaction/CarryableRotation.cs:20)
"
15:10:05.005,ERROR,Unity,"NullReferenceException: Object reference not set to an instance of an object
CarryableRotation.Update () (at Assets/Scripts/Interaction/CarryableRotation.cs:20)
"
15:10:05.020,ERROR,Unity,"NullReferenceException: Object reference not set to an instance of an object
CarryableRotation.Update () (at Assets/Scripts/Interaction/CarryableRotation.cs:20)
"
15:10:05.034,ERROR,Unity,"NullReferenceException: Object reference not set to an instance of an object
CarryableRotation.Update () (at Assets/Scripts/Interaction/CarryableRotation.cs:20)
"
15:10:05.050,ERROR,Unity,"NullReferenceException: Object reference not set to an instance of an object
CarryableRotation.Update () (at Assets/Scripts/Interaction/CarryableRotation.cs:20)
"
15:10:05.065,ERROR,Unity,"NullReferenceException: Object reference not set to an instance of an object
CarryableRotation.Update () (at Assets/Scripts/Interaction/CarryableRotation.cs:20)
"
15:10:05.078,ERROR,Unity,"NullReferenceException: Object reference not set to an instance of an object
CarryableRotation.Update () (at Assets/Scripts/Interaction/CarryableRotation.cs:20)
"
15:10:05.103,ERROR,Unity,"NullReferenceException: Object reference not set to an instance of an object
CarryableRotation.Update () (at Assets/Scripts/Interaction/CarryableRotation.cs:20)
"
15:10:05.121,ERROR,Unity,"NullReferenceException: Object reference not set to an instance of an object
CarryableRotation.Update () (at Assets/Scripts/Interaction/CarryableRotation.cs:20)
"
15:10:05.135,ERROR,Unity,"NullReferenceException: Object reference not set to an instance of an object
CarryableRotation.Update () (at Assets/Scripts/Interaction/CarryableRotation.cs:20)
"
15:10:05.149,ERROR,Unity,"NullReferenceException: Object reference not set to an instance of an object
CarryableRotation.Update () (at Assets/Scripts/Interaction/CarryableRotation.cs:20)
"
15:10:05.163,ERROR,Unity,"NullReferenceException: Object reference not set to an instance of an object
CarryableRotation.Update () (at Assets/Scripts/Interaction/CarryableRotation.cs:20)
"
15:10:05.178,ERROR,Unity,"NullReferenceException: Object reference not set to an instance of an object
CarryableRotation.Update () (at Assets/Scripts/Interaction/CarryableRotation.cs:20)
"
15:10:05.193,ERROR,Unity,"NullReferenceException: Object reference not set to an instance of an object
CarryableRotation.Update () (at Assets/Scripts/Interaction/CarryableRotation.cs:20)
"
15:10:05.207,ERROR,Unity,"NullReferenceException: Object reference not set to an instance of an object
CarryableRotation.Update () (at Assets/Scripts/Interaction/CarryableRotation.cs:20)
"
15:10:05.227,ERROR,Unity,"NullReferenceException: Object reference not set to an instance of an object
CarryableRotation.Update () (at Assets/Scripts/Interaction/CarryableRotation.cs:20)
"
15:10:05.242,ERROR,Unity,"NullReferenceException: Object reference not set to an instance of an object
CarryableRotation.Update () (at Assets/Scripts/Interaction/CarryableRotation.cs:20)
"
15:10:05.256,ERROR,Unity,"NullReferenceException: Object reference not set to an instance of an object
CarryableRotation.Update () (at Assets/Scripts/Interaction/CarryableRotation.cs:20)
"
15:10:05.277,ERROR,Unity,"NullReferenceException: Object reference not set to an instance of an object
CarryableRotation.Update () (at Assets/Scripts/Interaction/CarryableRotation.cs:20)
"
15:10:05.292,ERROR,Unity,"NullReferenceException: Object reference not set to an instance of an object
CarryableRotation.Update () (at Assets/Scripts/Interaction/CarryableRotation.cs:20)
"
15:10:05.306,ERROR,Unity,"NullReferenceException: Object reference not set to an instance of an object
CarryableRotation.Update () (at Assets/Scripts/Interaction/CarryableRotation.cs:20)
"
15:10:05.324,ERROR,Unity,"NullReferenceException: Object reference not set to an instance of an object
CarryableRotation.Update () (at Assets/Scripts/Interaction/CarryableRotation.cs:20)
"
15:10:05.338,ERROR,Unity,"NullReferenceException: Object reference not set to an instance of an object
CarryableRotation.Update () (at Assets/Scripts/Interaction/CarryableRotation.cs:20)
"
15:10:05.353,ERROR,Unity,"NullReferenceException: Object reference not set to an instance of an object
CarryableRotation.Update () (at Assets/Scripts/Interaction/CarryableRotation.cs:20)
"
15:10:05.368,ERROR,Unity,"NullReferenceException: Object reference not set to an instance of an object
CarryableRotation.Update () (at Assets/Scripts/Interaction/CarryableRotation.cs:20)
"
15:10:05.383,ERROR,Unity,"NullReferenceException: Object reference not set to an instance of an object
CarryableRotation.Update () (at Assets/Scripts/Interaction/CarryableRotation.cs:20)
"
15:10:05.398,ERROR,Unity,"NullReferenceException: Object reference not set to an instance of an object
CarryableRotation.Update () (at Assets/Scripts/Interaction/CarryableRotation.cs:20)
"
15:10:05.413,ERROR,Unity,"NullReferenceException: Object reference not set to an instance of an object
CarryableRotation.Update () (at Assets/Scripts/Interaction/CarryableRotation.cs:20)
"
15:10:05.426,ERROR,Unity,"NullReferenceException: Object reference not set to an instance of an object
CarryableRotation.Update () (at Assets/Scripts/Interaction/CarryableRotation.cs:20)
"
15:10:05.440,ERROR,Unity,"NullReferenceException: Object reference not set to an instance of an object
CarryableRotation.Update () (at Assets/Scripts/Interaction/CarryableRotation.cs:20)
"
15:10:05.454,ERROR,Unity,"NullReferenceException: Object reference not set to an instance of an object
CarryableRotation.Update () (at Assets/Scripts/Interaction/CarryableRotation.cs:20)
"
15:10:05.468,ERROR,Unity,"NullReferenceException: Object reference not set to an instance of an object
CarryableRotation.Update () (at Assets/Scripts/Interaction/CarryableRotation.cs:20)
"
15:10:05.482,ERROR,Unity,"NullReferenceException: Object reference not set to an instance of an object
CarryableRotation.Update () (at Assets/Scripts/Interaction/CarryableRotation.cs:20)
"
15:10:05.497,ERROR,Unity,"NullReferenceException: Object reference not set to an instance of an object
CarryableRotation.Update () (at Assets/Scripts/Interaction/CarryableRotation.cs:20)
"
15:10:05.511,ERROR,Unity,"NullReferenceException: Object reference not set to an instance of an object
CarryableRotation.Update () (at Assets/Scripts/Interaction/CarryableRotation.cs:20)
"
15:10:05.527,ERROR,Unity,"NullReferenceException: Object reference not set to an instance of an object
CarryableRotation.Update () (at Assets/Scripts/Interaction/CarryableRotation.cs:20)
"
15:10:05.542,ERROR,Unity,"NullReferenceException: Object reference not set to an instance of an object
CarryableRotation.Update () (at Assets/Scripts/Interaction/CarryableRotation.cs:20)
"
15:10:05.555,ERROR,Unity,"NullReferenceException: Object reference not set to an instance of an object
CarryableRotation.Update () (at Assets/Scripts/Interaction/CarryableRotation.cs:20)
"
15:10:05.569,ERROR,Unity,"NullReferenceException: Object reference not set to an instance of an object
CarryableRotation.Update () (at Assets/Scripts/Interaction/CarryableRotation.cs:20)
"
15:10:05.583,ERROR,Unity,"NullReferenceException: Object reference not set to an instance of an object
CarryableRotation.Update () (at Assets/Scripts/Interaction/CarryableRotation.cs:20)
"
15:10:05.597,ERROR,Unity,"NullReferenceException: Object reference not set to an instance of an object
CarryableRotation.Update () (at Assets/Scripts/Interaction/CarryableRotation.cs:20)
"
15:10:05.611,ERROR,Unity,"NullReferenceException: Object reference not set to an instance of an object
CarryableRotation.Update () (at Assets/Scripts/Interaction/CarryableRotation.cs:20)
"
15:10:05.624,ERROR,Unity,"NullReferenceException: Object reference not set to an instance of an object
CarryableRotation.Update () (at Assets/Scripts/Interaction/CarryableRotation.cs:20)
"
15:10:05.639,ERROR,Unity,"NullReferenceException: Object reference not set to an instance of an object
CarryableRotation.Update () (at Assets/Scripts/Interaction/CarryableRotation.cs:20)
"
15:10:05.653,ERROR,Unity,"NullReferenceException: Object reference not set to an instance of an object
CarryableRotation.Update () (at Assets/Scripts/Interaction/CarryableRotation.cs:20)
"
15:10:05.667,ERROR,Unity,"NullReferenceException: Object reference not set to an instance of an object
CarryableRotation.Update () (at Assets/Scripts/Interaction/CarryableRotation.cs:20)
"
15:10:05.681,ERROR,Unity,"NullReferenceException: Object reference not set to an instance of an object
CarryableRotation.Update () (at Assets/Scripts/Interaction/CarryableRotation.cs:20)
"
15:10:05.696,ERROR,Unity,"NullReferenceException: Object reference not set to an instance of an object
CarryableRotation.Update () (at Assets/Scripts/Interaction/CarryableRotation.cs:20)
"
15:10:05.709,ERROR,Unity,"NullReferenceException: Object reference not set to an instance of an object
CarryableRotation.Update () (at Assets/Scripts/Interaction/CarryableRotation.cs:20)
"
15:10:05.724,ERROR,Unity,"NullReferenceException: Object reference not set to an instance of an object
CarryableRotation.Update () (at Assets/Scripts/Interaction/CarryableRotation.cs:20)
"
15:10:05.740,ERROR,Unity,"NullReferenceException: Object reference not set to an instance of an object
CarryableRotation.Update () (at Assets/Scripts/Interaction/CarryableRotation.cs:20)
"
15:10:05.754,ERROR,Unity,"NullReferenceException: Object reference not set to an instance of an object
CarryableRotation.Update () (at Assets/Scripts/Interaction/CarryableRotation.cs:20)
"
15:10:05.769,ERROR,Unity,"NullReferenceException: Object reference not set to an instance of an object
CarryableRotation.Update () (at Assets/Scripts/Interaction/CarryableRotation.cs:20)
"
15:10:05.785,INFO,Unity,maxJumpVelocity20
15:10:05.785,ERROR,Unity,"NullReferenceException: Object reference not set to an instance of an object
CarryableRotation.Update () (at Assets/Scripts/Interaction/CarryableRotation.cs:20)
"
15:10:05.801,ERROR,Unity,"NullReferenceException: Object reference not set to an instance of an object
CarryableRotation.Update () (at Assets/Scripts/Interaction/CarryableRotation.cs:20)
"
15:10:05.814,ERROR,Unity,"NullReferenceException: Object reference not set to an instance of an object
CarryableRotation.Update () (at Assets/Scripts/Interaction/CarryableRotation.cs:20)
"
15:10:05.829,ERROR,Unity,"NullReferenceException: Object reference not set to an instance of an object
CarryableRotation.Update () (at Assets/Scripts/Interaction/CarryableRotation.cs:20)
"
15:10:05.842,ERROR,Unity,"NullReferenceException: Object reference not set to an instance of an object
CarryableRotation.Update () (at Assets/Scripts/Interaction/CarryableRotation.cs:20)
"
15:10:05.858,ERROR,Unity,"NullReferenceException: Object reference not set to an instance of an object
CarryableRotation.Update () (at Assets/Scripts/Interaction/CarryableRotation.cs:20)
"
15:10:05.871,ERROR,Unity,"NullReferenceException: Object reference not set to an instance of an object
CarryableRotation.Update () (at Assets/Scripts/Interaction/CarryableRotation.cs:20)
"
15:10:05.884,ERROR,Unity,"NullReferenceException: Object reference not set to an instance of an object
CarryableRotation.Update () (at Assets/Scripts/Interaction/CarryableRotation.cs:20)
"
15:10:05.902,ERROR,Unity,"NullReferenceException: Object reference not set to an instance of an object
CarryableRotation.Update () (at Assets/Scripts/Interaction/CarryableRotation.cs:20)
"
15:10:05.916,ERROR,Unity,"NullReferenceException: Object reference not set to an instance of an object
CarryableRotation.Update () (at Assets/Scripts/Interaction/CarryableRotation.cs:20)
"
15:10:05.930,ERROR,Unity,"NullReferenceException: Object reference not set to an instance of an object
CarryableRotation.Update () (at Assets/Scripts/Interaction/CarryableRotation.cs:20)
"
15:10:05.951,ERROR,Unity,"NullReferenceException: Object reference not set to an instance of an object
CarryableRotation.Update () (at Assets/Scripts/Interaction/CarryableRotation.cs:20)
"
15:10:05.965,ERROR,Unity,"NullReferenceException: Object reference not set to an instance of an object
CarryableRotation.Update () (at Assets/Scripts/Interaction/CarryableRotation.cs:20)
"
15:10:05.980,ERROR,Unity,"NullReferenceException: Object reference not set to an instance of an object
CarryableRotation.Update () (at Assets/Scripts/Interaction/CarryableRotation.cs:20)
"
15:10:05.994,ERROR,Unity,"NullReferenceException: Object reference not set to an instance of an object
CarryableRotation.Update () (at Assets/Scripts/Interaction/CarryableRotation.cs:20)
"
15:10:06.009,ERROR,Unity,"NullReferenceException: Object reference not set to an instance of an object
CarryableRotation.Update () (at Assets/Scripts/Interaction/CarryableRotation.cs:20)
"
15:10:06.022,ERROR,Unity,"NullReferenceException: Object reference not set to an instance of an object
CarryableRotation.Update () (at Assets/Scripts/Interaction/CarryableRotation.cs:20)
"
15:10:06.036,ERROR,Unity,"NullReferenceException: Object reference not set to an instance of an object
CarryableRotation.Update () (at Assets/Scripts/Interaction/CarryableRotation.cs:20)
"
15:10:06.051,ERROR,Unity,"NullReferenceException: Object reference not set to an instance of an object
CarryableRotation.Update () (at Assets/Scripts/Interaction/CarryableRotation.cs:20)
"
15:10:06.067,ERROR,Unity,"NullReferenceException: Object reference not set to an instance of an object
CarryableRotation.Update () (at Assets/Scripts/Interaction/CarryableRotation.cs:20)
"
15:10:06.080,ERROR,Unity,"NullReferenceException: Object reference not set to an instance of an object
CarryableRotation.Update () (at Assets/Scripts/Interaction/CarryableRotation.cs:20)
"
15:10:06.095,ERROR,Unity,"NullReferenceException: Object reference not set to an instance of an object
CarryableRotation.Update () (at Assets/Scripts/Interaction/CarryableRotation.cs:20)
"
15:10:06.109,ERROR,Unity,"NullReferenceException: Object reference not set to an instance of an object
CarryableRotation.Update () (at Assets/Scripts/Interaction/CarryableRotation.cs:20)
"
15:10:06.124,ERROR,Unity,"NullReferenceException: Object reference not set to an instance of an object
CarryableRotation.Update () (at Assets/Scripts/Interaction/CarryableRotation.cs:20)
"
15:10:06.137,ERROR,Unity,"NullReferenceException: Object reference not set to an instance of an object
CarryableRotation.Update () (at Assets/Scripts/Interaction/CarryableRotation.cs:20)
"
15:10:06.154,ERROR,Unity,"NullReferenceException: Object reference not set to an instance of an object
CarryableRotation.Update () (at Assets/Scripts/Interaction/CarryableRotation.cs:20)
"
15:10:06.168,ERROR,Unity,"NullReferenceException: Object reference not set to an instance of an object
CarryableRotation.Update () (at Assets/Scripts/Interaction/CarryableRotation.cs:20)
"
15:10:06.182,ERROR,Unity,"NullReferenceException: Object reference not set to an instance of an object
CarryableRotation.Update () (at Assets/Scripts/Interaction/CarryableRotation.cs:20)
"
15:10:06.196,ERROR,Unity,"NullReferenceException: Object reference not set to an instance of an object
CarryableRotation.Update () (at Assets/Scripts/Interaction/CarryableRotation.cs:20)
"
15:10:06.210,ERROR,Unity,"NullReferenceException: Object reference not set to an instance of an object
CarryableRotation.Update () (at Assets/Scripts/Interaction/CarryableRotation.cs:20)
"
15:10:06.224,ERROR,Unity,"NullReferenceException: Object reference not set to an instance of an object
CarryableRotation.Update () (at Assets/Scripts/Interaction/CarryableRotation.cs:20)
"
15:10:06.239,ERROR,Unity,"NullReferenceException: Object reference not set to an instance of an object
CarryableRotation.Update () (at Assets/Scripts/Interaction/CarryableRotation.cs:20)
"
15:10:06.253,ERROR,Unity,"NullReferenceException: Object reference not set to an instance of an object
CarryableRotation.Update () (at Assets/Scripts/Interaction/CarryableRotation.cs:20)
"
15:10:06.267,ERROR,Unity,"NullReferenceException: Object reference not set to an instance of an object
CarryableRotation.Update () (at Assets/Scripts/Interaction/CarryableRotation.cs:20)
"
15:10:06.283,ERROR,Unity,"NullReferenceException: Object reference not set to an instance of an object
CarryableRotation.Update () (at Assets/Scripts/Interaction/CarryableRotation.cs:20)
"
15:10:06.297,ERROR,Unity,"NullReferenceException: Object reference not set to an instance of an object
CarryableRotation.Update () (at Assets/Scripts/Interaction/CarryableRotation.cs:20)
"
15:10:06.311,ERROR,Unity,"NullReferenceException: Object reference not set to an instance of an object
CarryableRotation.Update () (at Assets/Scripts/Interaction/CarryableRotation.cs:20)
"
15:10:06.325,ERROR,Unity,"NullReferenceException: Object reference not set to an instance of an object
CarryableRotation.Update () (at Assets/Scripts/Interaction/CarryableRotation.cs:20)
"
15:10:06.341,ERROR,Unity,"NullReferenceException: Object reference not set to an instance of an object
CarryableRotation.Update () (at Assets/Scripts/Interaction/CarryableRotation.cs:20)
"
15:10:06.358,ERROR,Unity,"NullReferenceException: Object reference not set to an instance of an object
CarryableRotation.Update () (at Assets/Scripts/Interaction/CarryableRotation.cs:20)
"
15:10:06.372,ERROR,Unity,"NullReferenceException: Object reference not set to an instance of an object
CarryableRotation.Update () (at Assets/Scripts/Interaction/CarryableRotation.cs:20)
"
15:10:06.385,ERROR,Unity,"NullReferenceException: Object reference not set to an instance of an object
CarryableRotation.Update () (at Assets/Scripts/Interaction/CarryableRotation.cs:20)
"
15:10:06.399,ERROR,Unity,"NullReferenceException: Object reference not set to an instance of an object
CarryableRotation.Update () (at Assets/Scripts/Interaction/CarryableRotation.cs:20)
"
15:10:06.414,ERROR,Unity,"NullReferenceException: Object reference not set to an instance of an object
CarryableRotation.Update () (at Assets/Scripts/Interaction/CarryableRotation.cs:20)
"
15:10:06.428,ERROR,Unity,"NullReferenceException: Object reference not set to an instance of an object
CarryableRotation.Update () (at Assets/Scripts/Interaction/CarryableRotation.cs:20)
"
15:10:06.442,ERROR,Unity,"NullReferenceException: Object reference not set to an instance of an object
CarryableRotation.Update () (at Assets/Scripts/Interaction/CarryableRotation.cs:20)
"
15:10:06.456,ERROR,Unity,"NullReferenceException: Object reference not set to an instance of an object
CarryableRotation.Update () (at Assets/Scripts/Interaction/CarryableRotation.cs:20)
"
15:10:06.470,ERROR,Unity,"NullReferenceException: Object reference not set to an instance of an object
CarryableRotation.Update () (at Assets/Scripts/Interaction/CarryableRotation.cs:20)
"
15:10:06.484,ERROR,Unity,"NullReferenceException: Object reference not set to an instance of an object
CarryableRotation.Update () (at Assets/Scripts/Interaction/CarryableRotation.cs:20)
"
15:10:06.499,ERROR,Unity,"NullReferenceException: Object reference not set to an instance of an object
CarryableRotation.Update () (at Assets/Scripts/Interaction/CarryableRotation.cs:20)
"
15:10:06.515,ERROR,Unity,"NullReferenceException: Object reference not set to an instance of an object
CarryableRotation.Update () (at Assets/Scripts/Interaction/CarryableRotation.cs:20)
"
15:10:06.529,ERROR,Unity,"NullReferenceException: Object reference not set to an instance of an object
CarryableRotation.Update () (at Assets/Scripts/Interaction/CarryableRotation.cs:20)
"
15:10:06.544,ERROR,Unity,"NullReferenceException: Object reference not set to an instance of an object
CarryableRotation.Update () (at Assets/Scripts/Interaction/CarryableRotation.cs:20)
"
15:10:06.560,ERROR,Unity,"NullReferenceException: Object reference not set to an instance of an object
CarryableRotation.Update () (at Assets/Scripts/Interaction/CarryableRotation.cs:20)
"
15:10:06.574,ERROR,Unity,"NullReferenceException: Object reference not set to an instance of an object
CarryableRotation.Update () (at Assets/Scripts/Interaction/CarryableRotation.cs:20)
"
15:10:06.588,ERROR,Unity,"NullReferenceException: Object reference not set to an instance of an object
CarryableRotation.Update () (at Assets/Scripts/Interaction/CarryableRotation.cs:20)
"
15:10:06.603,ERROR,Unity,"NullReferenceException: Object reference not set to an instance of an object
CarryableRotation.Update () (at Assets/Scripts/Interaction/CarryableRotation.cs:20)
"
15:10:06.616,ERROR,Unity,"NullReferenceException: Object reference not set to an instance of an object
CarryableRotation.Update () (at Assets/Scripts/Interaction/CarryableRotation.cs:20)
"
15:10:06.631,ERROR,Unity,"NullReferenceException: Object reference not set to an instance of an object
CarryableRotation.Update () (at Assets/Scripts/Interaction/CarryableRotation.cs:20)
"
15:10:06.647,DEBUG,PlayerCarrying,집기 조작Box (UnityEngine.BoxCollider2D)
15:10:06.649,INFO,Unity,_focus is null
15:10:06.649,INFO,Unity,Weight Update =0
15:10:06.649,INFO,Unity,Weight Update2 =10
15:10:06.651,ERROR,Unity,"NullReferenceException: Object reference not set to an instance of an object
CarryableRotation.Update () (at Assets/Scripts/Interaction/CarryableRotation.cs:20)
"
15:10:06.666,ERROR,Unity,"NullReferenceException: Object reference not set to an instance of an object
CarryableRotation.Update () (at Assets/Scripts/Interaction/CarryableRotation.cs:20)
"
15:10:06.681,ERROR,Unity,"NullReferenceException: Object reference not set to an instance of an object
CarryableRotation.Update () (at Assets/Scripts/Interaction/CarryableRotation.cs:20)
"
15:10:06.695,ERROR,Unity,"NullReferenceException: Object reference not set to an instance of an object
CarryableRotation.Update () (at Assets/Scripts/Interaction/CarryableRotation.cs:20)
"
15:10:06.710,ERROR,Unity,"NullReferenceException: Object reference not set to an instance of an object
CarryableRotation.Update () (at Assets/Scripts/Interaction/CarryableRotation.cs:20)
"
15:10:06.725,ERROR,Unity,"NullReferenceException: Object reference not set to an instance of an object
CarryableRotation.Update () (at Assets/Scripts/Interaction/CarryableRotation.cs:20)
"
15:10:06.739,ERROR,Unity,"NullReferenceException: Object reference not set to an instance of an object
CarryableRotation.Update () (at Assets/Scripts/Interaction/CarryableRotation.cs:20)
"
15:10:06.754,ERROR,Unity,"NullReferenceException: Object reference not set to an instance of an object
CarryableRotation.Update () (at Assets/Scripts/Interaction/CarryableRotation.cs:20)
"
15:10:06.774,ERROR,Unity,"NullReferenceException: Object reference not set to an instance of an object
CarryableRotation.Update () (at Assets/Scripts/Interaction/CarryableRotation.cs:20)
"
15:10:06.788,ERROR,Unity,"NullReferenceException: Object reference not set to an instance of an object
CarryableRotation.Update () (at Assets/Scripts/Interaction/CarryableRotation.cs:20)
"
15:10:06.803,ERROR,Unity,"NullReferenceException: Object reference not set to an instance of an object
CarryableRotation.Update () (at Assets/Scripts/Interaction/CarryableRotation.cs:20)
"
15:10:06.818,ERROR,Unity,"NullReferenceException: Object reference not set to an instance of an object
CarryableRotation.Update () (at Assets/Scripts/Interaction/CarryableRotation.cs:20)
"
15:10:06.831,ERROR,Unity,"NullReferenceException: Object reference not set to an instance of an object
CarryableRotation.Update () (at Assets/Scripts/Interaction/CarryableRotation.cs:20)
"
15:10:06.846,ERROR,Unity,"NullReferenceException: Object reference not set to an instance of an object
CarryableRotation.Update () (at Assets/Scripts/Interaction/CarryableRotation.cs:20)
"
15:10:06.861,ERROR,Unity,"NullReferenceException: Object reference not set to an instance of an object
CarryableRotation.Update () (at Assets/Scripts/Interaction/CarryableRotation.cs:20)
"
15:10:06.875,ERROR,Unity,"NullReferenceException: Object reference not set to an instance of an object
CarryableRotation.Update () (at Assets/Scripts/Interaction/CarryableRotation.cs:20)
"
15:10:06.889,ERROR,Unity,"NullReferenceException: Object reference not set to an instance of an object
CarryableRotation.Update () (at Assets/Scripts/Interaction/CarryableRotation.cs:20)
"
15:10:06.902,ERROR,Unity,"NullReferenceException: Object reference not set to an instance of an object
CarryableRotation.Update () (at Assets/Scripts/Interaction/CarryableRotation.cs:20)
"
15:10:06.917,ERROR,Unity,"NullReferenceException: Object reference not set to an instance of an object
CarryableRotation.Update () (at Assets/Scripts/Interaction/CarryableRotation.cs:20)
"
15:10:06.932,ERROR,Unity,"NullReferenceException: Object reference not set to an instance of an object
CarryableRotation.Update () (at Assets/Scripts/Interaction/CarryableRotation.cs:20)
"
15:10:06.945,ERROR,Unity,"NullReferenceException: Object reference not set to an instance of an object
CarryableRotation.Update () (at Assets/Scripts/Interaction/CarryableRotation.cs:20)
"
15:10:06.959,ERROR,Unity,"NullReferenceException: Object reference not set to an instance of an object
CarryableRotation.Update () (at Assets/Scripts/Interaction/CarryableRotation.cs:20)
"
15:10:06.976,ERROR,Unity,"NullReferenceException: Object reference not set to an instance of an object
CarryableRotation.Update () (at Assets/Scripts/Interaction/CarryableRotation.cs:20)
"
15:10:06.991,ERROR,Unity,"NullReferenceException: Object reference not set to an instance of an object
CarryableRotation.Update () (at Assets/Scripts/Interaction/CarryableRotation.cs:20)
"
15:10:07.006,ERROR,Unity,"NullReferenceException: Object reference not set to an instance of an object
CarryableRotation.Update () (at Assets/Scripts/Interaction/CarryableRotation.cs:20)
"
15:10:07.022,INFO,Unity,maxJumpVelocity19.23077
15:10:07.022,ERROR,Unity,"NullReferenceException: Object reference not set to an instance of an object
CarryableRotation.Update () (at Assets/Scripts/Interaction/CarryableRotation.cs:20)
"
15:10:07.038,ERROR,Unity,"NullReferenceException: Object reference not set to an instance of an object
CarryableRotation.Update () (at Assets/Scripts/Interaction/CarryableRotation.cs:20)
"
15:10:07.052,ERROR,Unity,"NullReferenceException: Object reference not set to an instance of an object
CarryableRotation.Update () (at Assets/Scripts/Interaction/CarryableRotation.cs:20)
"
15:10:07.066,ERROR,Unity,"NullReferenceException: Object reference not set to an instance of an object
CarryableRotation.Update () (at Assets/Scripts/Interaction/CarryableRotation.cs:20)
"
15:10:07.081,ERROR,Unity,"NullReferenceException: Object reference not set to an instance of an object
CarryableRotation.Update () (at Assets/Scripts/Interaction/CarryableRotation.cs:20)
"
15:10:07.095,ERROR,Unity,"NullReferenceException: Object reference not set to an instance of an object
CarryableRotation.Update () (at Assets/Scripts/Interaction/CarryableRotation.cs:20)
"
15:10:07.110,ERROR,Unity,"NullReferenceException: Object reference not set to an instance of an object
CarryableRotation.Update () (at Assets/Scripts/Interaction/CarryableRotation.cs:20)
"
15:10:07.124,ERROR,Unity,"NullReferenceException: Object reference not set to an instance of an object
CarryableRotation.Update () (at Assets/Scripts/Interaction/CarryableRotation.cs:20)
"
15:10:07.138,ERROR,Unity,"NullReferenceException: Object reference not set to an instance of an object
CarryableRotation.Update () (at Assets/Scripts/Interaction/CarryableRotation.cs:20)
"
15:10:07.154,ERROR,Unity,"NullReferenceException: Object reference not set to an instance of an object
CarryableRotation.Update () (at Assets/Scripts/Interaction/CarryableRotation.cs:20)
"
15:10:07.167,ERROR,Unity,"NullReferenceException: Object reference not set to an instance of an object
CarryableRotation.Update () (at Assets/Scripts/Interaction/CarryableRotation.cs:20)
"
15:10:07.186,ERROR,Unity,"NullReferenceException: Object reference not set to an instance of an object
CarryableRotation.Update () (at Assets/Scripts/Interaction/CarryableRotation.cs:20)
"
15:10:07.200,ERROR,Unity,"NullReferenceException: Object reference not set to an instance of an object
CarryableRotation.Update () (at Assets/Scripts/Interaction/CarryableRotation.cs:20)
"
15:10:07.216,ERROR,Unity,"NullReferenceException: Object reference not set to an instance of an object
CarryableRotation.Update () (at Assets/Scripts/Interaction/CarryableRotation.cs:20)
"
15:10:07.230,ERROR,Unity,"NullReferenceException: Object reference not set to an instance of an object
CarryableRotation.Update () (at Assets/Scripts/Interaction/CarryableRotation.cs:20)
"
15:10:07.245,ERROR,Unity,"NullReferenceException: Object reference not set to an instance of an object
CarryableRotation.Update () (at Assets/Scripts/Interaction/CarryableRotation.cs:20)
"
15:10:07.268,ERROR,Unity,"NullReferenceException: Object reference not set to an instance of an object
CarryableRotation.Update () (at Assets/Scripts/Interaction/CarryableRotation.cs:20)
"
15:10:07.288,INFO,Unity,Weight Update =0
15:10:07.290,ERROR,Unity,"NullReferenceException: Object reference not set to an instance of an object
CarryableRotation.Update () (at Assets/Scripts/Interaction/CarryableRotation.cs:20)
"
15:10:07.305,ERROR,Unity,"NullReferenceException: Object reference not set to an instance of an object
CarryableRotation.Update () (at Assets/Scripts/Interaction/CarryableRotation.cs:20)
"
15:10:07.324,ERROR,Unity,"NullReferenceException: Object reference not set to an instance of an object
CarryableRotation.Update () (at Assets/Scripts/Interaction/CarryableRotation.cs:20)
"
15:10:07.342,ERROR,Unity,"NullReferenceException: Object reference not set to an instance of an object
CarryableRotation.Update () (at Assets/Scripts/Interaction/CarryableRotation.cs:20)
"
15:10:07.356,ERROR,Unity,"NullReferenceException: Object reference not set to an instance of an object
CarryableRotation.Update () (at Assets/Scripts/Interaction/CarryableRotation.cs:20)
"
15:10:07.370,ERROR,Unity,"NullReferenceException: Object reference not set to an instance of an object
CarryableRotation.Update () (at Assets/Scripts/Interaction/CarryableRotation.cs:20)
"
15:10:07.389,ERROR,Unity,"NullReferenceException: Object reference not set to an instance of an object
CarryableRotation.Update () (at Assets/Scripts/Interaction/CarryableRotation.cs:20)
"
15:10:07.405,ERROR,Unity,"NullReferenceException: Object reference not set to an instance of an object
CarryableRotation.Update () (at Assets/Scripts/Interaction/CarryableRotation.cs:20)
"
15:10:07.423,ERROR,Unity,"NullReferenceException: Object reference not set to an instance of an object
CarryableRotation.Update () (at Assets/Scripts/Interaction/CarryableRotation.cs:20)
"
15:10:07.441,ERROR,Unity,"NullReferenceException: Object reference not set to an instance of an object
CarryableRotation.Update () (at Assets/Scripts/Interaction/CarryableRotation.cs:20)
"
15:10:07.455,ERROR,Unity,"NullReferenceException: Object reference not set to an instance of an object
CarryableRotation.Update () (at Assets/Scripts/Interaction/CarryableRotation.cs:20)
"
15:10:07.470,ERROR,Unity,"NullReferenceException: Object reference not set to an instance of an object
CarryableRotation.Update () (at Assets/Scripts/Interaction/CarryableRotation.cs:20)
"
15:10:07.484,ERROR,Unity,"NullReferenceException: Object reference not set to an instance of an object
CarryableRotation.Update () (at Assets/Scripts/Interaction/CarryableRotation.cs:20)
"
15:10:07.498,ERROR,Unity,"NullReferenceException: Object reference not set to an instance of an object
CarryableRotation.Update () (at Assets/Scripts/Interaction/CarryableRotation.cs:20)
"
15:10:07.512,ERROR,Unity,"NullReferenceException: Object reference not set to an instance of an object
CarryableRotation.Update () (at Assets/Scripts/Interaction/CarryableRotation.cs:20)
"
15:10:07.526,ERROR,Unity,"NullReferenceException: Object reference not set to an instance of an object
CarryableRotation.Update () (at Assets/Scripts/Interaction/CarryableRotation.cs:20)
"
15:10:07.540,ERROR,Unity,"NullReferenceException: Object reference not set to an instance of an object
CarryableRotation.Update () (at Assets/Scripts/Interaction/CarryableRotation.cs:20)
"
15:10:07.555,ERROR,Unity,"NullReferenceException: Object reference not set to an instance of an object
CarryableRotation.Update () (at Assets/Scripts/Interaction/CarryableRotation.cs:20)
"
15:10:07.569,ERROR,Unity,"NullReferenceException: Object reference not set to an instance of an object
CarryableRotation.Update () (at Assets/Scripts/Interaction/CarryableRotation.cs:20)
"
15:10:07.584,ERROR,Unity,"NullReferenceException: Object reference not set to an instance of an object
CarryableRotation.Update () (at Assets/Scripts/Interaction/CarryableRotation.cs:20)
"
15:10:07.601,ERROR,Unity,"NullReferenceException: Object reference not set to an instance of an object
CarryableRotation.Update () (at Assets/Scripts/Interaction/CarryableRotation.cs:20)
"
15:10:07.614,ERROR,Unity,"NullReferenceException: Object reference not set to an instance of an object
CarryableRotation.Update () (at Assets/Scripts/Interaction/CarryableRotation.cs:20)
"
15:10:07.629,ERROR,Unity,"NullReferenceException: Object reference not set to an instance of an object
CarryableRotation.Update () (at Assets/Scripts/Interaction/CarryableRotation.cs:20)
"
15:10:07.643,ERROR,Unity,"NullReferenceException: Object reference not set to an instance of an object
CarryableRotation.Update () (at Assets/Scripts/Interaction/CarryableRotation.cs:20)
"
15:10:07.657,ERROR,Unity,"NullReferenceException: Object reference not set to an instance of an object
CarryableRotation.Update () (at Assets/Scripts/Interaction/CarryableRotation.cs:20)
"
15:10:07.671,ERROR,Unity,"NullReferenceException: Object reference not set to an instance of an object
CarryableRotation.Update () (at Assets/Scripts/Interaction/CarryableRotation.cs:20)
"
15:10:07.686,ERROR,Unity,"NullReferenceException: Object reference not set to an instance of an object
CarryableRotation.Update () (at Assets/Scripts/Interaction/CarryableRotation.cs:20)
"
15:10:07.700,ERROR,Unity,"NullReferenceException: Object reference not set to an instance of an object
CarryableRotation.Update () (at Assets/Scripts/Interaction/CarryableRotation.cs:20)
"
15:10:07.715,ERROR,Unity,"NullReferenceException: Object reference not set to an instance of an object
CarryableRotation.Update () (at Assets/Scripts/Interaction/CarryableRotation.cs:20)
"
15:10:07.730,ERROR,Unity,"NullReferenceException: Object reference not set to an instance of an object
CarryableRotation.Update () (at Assets/Scripts/Interaction/CarryableRotation.cs:20)
"
15:10:07.744,ERROR,Unity,"NullReferenceException: Object reference not set to an instance of an object
CarryableRotation.Update () (at Assets/Scripts/Interaction/CarryableRotation.cs:20)
"
15:10:07.759,ERROR,Unity,"NullReferenceException: Object reference not set to an instance of an object
CarryableRotation.Update () (at Assets/Scripts/Interaction/CarryableRotation.cs:20)
"
15:10:07.775,ERROR,Unity,"NullReferenceException: Object reference not set to an instance of an object
CarryableRotation.Update () (at Assets/Scripts/Interaction/CarryableRotation.cs:20)
"
15:10:07.788,ERROR,Unity,"NullReferenceException: Object reference not set to an instance of an object
CarryableRotation.Update () (at Assets/Scripts/Interaction/CarryableRotation.cs:20)
"
15:10:07.805,ERROR,Unity,"NullReferenceException: Object reference not set to an instance of an object
CarryableRotation.Update () (at Assets/Scripts/Interaction/CarryableRotation.cs:20)
"
15:10:07.820,ERROR,Unity,"NullReferenceException: Object reference not set to an instance of an object
CarryableRotation.Update () (at Assets/Scripts/Interaction/CarryableRotation.cs:20)
"
15:10:07.835,ERROR,Unity,"NullReferenceException: Object reference not set to an instance of an object
CarryableRotation.Update () (at Assets/Scripts/Interaction/CarryableRotation.cs:20)
"
15:10:07.850,ERROR,Unity,"NullReferenceException: Object reference not set to an instance of an object
CarryableRotation.Update () (at Assets/Scripts/Interaction/CarryableRotation.cs:20)
"
15:10:07.864,ERROR,Unity,"NullReferenceException: Object reference not set to an instance of an object
CarryableRotation.Update () (at Assets/Scripts/Interaction/CarryableRotation.cs:20)
"
15:10:07.878,ERROR,Unity,"NullReferenceException: Object reference not set to an instance of an object
CarryableRotation.Update () (at Assets/Scripts/Interaction/CarryableRotation.cs:20)
"
15:10:07.892,ERROR,Unity,"NullReferenceException: Object reference not set to an instance of an object
CarryableRotation.Update () (at Assets/Scripts/Interaction/CarryableRotation.cs:20)
"
15:10:07.906,ERROR,Unity,"NullReferenceException: Object reference not set to an instance of an object
CarryableRotation.Update () (at Assets/Scripts/Interaction/CarryableRotation.cs:20)
"
15:10:07.921,ERROR,Unity,"NullReferenceException: Object reference not set to an instance of an object
CarryableRotation.Update () (at Assets/Scripts/Interaction/CarryableRotation.cs:20)
"
15:10:07.936,ERROR,Unity,"NullReferenceException: Object reference not set to an instance of an object
CarryableRotation.Update () (at Assets/Scripts/Interaction/CarryableRotation.cs:20)
"
15:10:07.951,ERROR,Unity,"NullReferenceException: Object reference not set to an instance of an object
CarryableRotation.Update () (at Assets/Scripts/Interaction/CarryableRotation.cs:20)
"
15:10:07.965,ERROR,Unity,"NullReferenceException: Object reference not set to an instance of an object
CarryableRotation.Update () (at Assets/Scripts/Interaction/CarryableRotation.cs:20)
"
15:10:07.979,ERROR,Unity,"NullReferenceException: Object reference not set to an instance of an object
CarryableRotation.Update () (at Assets/Scripts/Interaction/CarryableRotation.cs:20)
"
15:10:07.993,ERROR,Unity,"NullReferenceException: Object reference not set to an instance of an object
CarryableRotation.Update () (at Assets/Scripts/Interaction/CarryableRotation.cs:20)
"
15:10:08.010,ERROR,Unity,"NullReferenceException: Object reference not set to an instance of an object
CarryableRotation.Update () (at Assets/Scripts/Interaction/CarryableRotation.cs:20)
"
15:10:08.024,ERROR,Unity,"NullReferenceException: Object reference not set to an instance of an object
CarryableRotation.Update () (at Assets/Scripts/Interaction/CarryableRotation.cs:20)
"
15:10:08.043,ERROR,Unity,"NullReferenceException: Object reference not set to an instance of an object
CarryableRotation.Update () (at Assets/Scripts/Interaction/CarryableRotation.cs:20)
"
15:10:08.060,ERROR,Unity,"NullReferenceException: Object reference not set to an instance of an object
CarryableRotation.Update () (at Assets/Scripts/Interaction/CarryableRotation.cs:20)
"
15:10:08.076,ERROR,Unity,"NullReferenceException: Object reference not set to an instance of an object
CarryableRotation.Update () (at Assets/Scripts/Interaction/CarryableRotation.cs:20)
"
15:10:08.092,ERROR,Unity,"NullReferenceException: Object reference not set to an instance of an object
CarryableRotation.Update () (at Assets/Scripts/Interaction/CarryableRotation.cs:20)
"
15:10:08.106,ERROR,Unity,"NullReferenceException: Object reference not set to an instance of an object
CarryableRotation.Update () (at Assets/Scripts/Interaction/CarryableRotation.cs:20)
"
15:10:08.120,ERROR,Unity,"NullReferenceException: Object reference not set to an instance of an object
CarryableRotation.Update () (at Assets/Scripts/Interaction/CarryableRotation.cs:20)
"
15:10:08.134,ERROR,Unity,"NullReferenceException: Object reference not set to an instance of an object
CarryableRotation.Update () (at Assets/Scripts/Interaction/CarryableRotation.cs:20)
"
15:10:08.150,INFO,Unity,maxJumpVelocity20
15:10:08.151,ERROR,Unity,"NullReferenceException: Object reference not set to an instance of an object
CarryableRotation.Update () (at Assets/Scripts/Interaction/CarryableRotation.cs:20)
"
15:10:08.166,ERROR,Unity,"NullReferenceException: Object reference not set to an instance of an object
CarryableRotation.Update () (at Assets/Scripts/Interaction/CarryableRotation.cs:20)
"
15:10:08.180,ERROR,Unity,"NullReferenceException: Object reference not set to an instance of an object
CarryableRotation.Update () (at Assets/Scripts/Interaction/CarryableRotation.cs:20)
"
15:10:08.195,ERROR,Unity,"NullReferenceException: Object reference not set to an instance of an object
CarryableRotation.Update () (at Assets/Scripts/Interaction/CarryableRotation.cs:20)
"
15:10:08.212,ERROR,Unity,"NullReferenceException: Object reference not set to an instance of an object
CarryableRotation.Update () (at Assets/Scripts/Interaction/CarryableRotation.cs:20)
"
15:10:08.226,ERROR,Unity,"NullReferenceException: Object reference not set to an instance of an object
CarryableRotation.Update () (at Assets/Scripts/Interaction/CarryableRotation.cs:20)
"
15:10:08.240,ERROR,Unity,"NullReferenceException: Object reference not set to an instance of an object
CarryableRotation.Update () (at Assets/Scripts/Interaction/CarryableRotation.cs:20)
"
15:10:08.255,ERROR,Unity,"NullReferenceException: Object reference not set to an instance of an object
CarryableRotation.Update () (at Assets/Scripts/Interaction/CarryableRotation.cs:20)
"
15:10:08.270,ERROR,Unity,"NullReferenceException: Object reference not set to an instance of an object
CarryableRotation.Update () (at Assets/Scripts/Interaction/CarryableRotation.cs:20)
"
15:10:08.284,ERROR,Unity,"NullReferenceException: Object reference not set to an instance of an object
CarryableRotation.Update () (at Assets/Scripts/Interaction/CarryableRotation.cs:20)
"
15:10:08.299,ERROR,Unity,"NullReferenceException: Object reference not set to an instance of an object
CarryableRotation.Update () (at Assets/Scripts/Interaction/CarryableRotation.cs:20)
"
15:10:08.314,ERROR,Unity,"NullReferenceException: Object reference not set to an instance of an object
CarryableRotation.Update () (at Assets/Scripts/Interaction/CarryableRotation.cs:20)
"
15:10:08.328,ERROR,Unity,"NullReferenceException: Object reference not set to an instance of an object
CarryableRotation.Update () (at Assets/Scripts/Interaction/CarryableRotation.cs:20)
"
15:10:08.342,ERROR,Unity,"NullReferenceException: Object reference not set to an instance of an object
CarryableRotation.Update () (at Assets/Scripts/Interaction/CarryableRotation.cs:20)
"
15:10:08.358,ERROR,Unity,"NullReferenceException: Object reference not set to an instance of an object
CarryableRotation.Update () (at Assets/Scripts/Interaction/CarryableRotation.cs:20)
"
15:10:08.373,ERROR,Unity,"NullReferenceException: Object reference not set to an instance of an object
CarryableRotation.Update () (at Assets/Scripts/Interaction/CarryableRotation.cs:20)
"
15:10:08.387,ERROR,Unity,"NullReferenceException: Object reference not set to an instance of an object
CarryableRotation.Update () (at Assets/Scripts/Interaction/CarryableRotation.cs:20)
"
15:10:08.401,ERROR,Unity,"NullReferenceException: Object reference not set to an instance of an object
CarryableRotation.Update () (at Assets/Scripts/Interaction/CarryableRotation.cs:20)
"
15:10:08.418,ERROR,Unity,"NullReferenceException: Object reference not set to an instance of an object
CarryableRotation.Update () (at Assets/Scripts/Interaction/CarryableRotation.cs:20)
"
15:10:08.432,ERROR,Unity,"NullReferenceException: Object reference not set to an instance of an object
CarryableRotation.Update () (at Assets/Scripts/Interaction/CarryableRotation.cs:20)
"
15:10:08.446,ERROR,Unity,"NullReferenceException: Object reference not set to an instance of an object
CarryableRotation.Update () (at Assets/Scripts/Interaction/CarryableRotation.cs:20)
"
15:10:08.461,ERROR,Unity,"NullReferenceException: Object reference not set to an instance of an object
CarryableRotation.Update () (at Assets/Scripts/Interaction/CarryableRotation.cs:20)
"
15:10:08.476,ERROR,Unity,"NullReferenceException: Object reference not set to an instance of an object
CarryableRotation.Update () (at Assets/Scripts/Interaction/CarryableRotation.cs:20)
"
15:10:08.489,ERROR,Unity,"NullReferenceException: Object reference not set to an instance of an object
CarryableRotation.Update () (at Assets/Scripts/Interaction/CarryableRotation.cs:20)
"
15:10:08.504,ERROR,Unity,"NullReferenceException: Object reference not set to an instance of an object
CarryableRotation.Update () (at Assets/Scripts/Interaction/CarryableRotation.cs:20)
"
15:10:08.518,ERROR,Unity,"NullReferenceException: Object reference not set to an instance of an object
CarryableRotation.Update () (at Assets/Scripts/Interaction/CarryableRotation.cs:20)
"
15:10:08.532,ERROR,Unity,"NullReferenceException: Object reference not set to an instance of an object
CarryableRotation.Update () (at Assets/Scripts/Interaction/CarryableRotation.cs:20)
"
15:10:08.546,ERROR,Unity,"NullReferenceException: Object reference not set to an instance of an object
CarryableRotation.Update () (at Assets/Scripts/Interaction/CarryableRotation.cs:20)
"
15:10:08.560,ERROR,Unity,"NullReferenceException: Object reference not set to an instance of an object
CarryableRotation.Update () (at Assets/Scripts/Interaction/CarryableRotation.cs:20)
"
15:10:08.574,ERROR,Unity,"NullReferenceException: Object reference not set to an instance of an object
CarryableRotation.Update () (at Assets/Scripts/Interaction/CarryableRotation.cs:20)
"
15:10:08.588,ERROR,Unity,"NullReferenceException: Object reference not set to an instance of an object
CarryableRotation.Update () (at Assets/Scripts/Interaction/CarryableRotation.cs:20)
"
15:10:08.603,ERROR,Unity,"NullReferenceException: Object reference not set to an instance of an object
CarryableRotation.Update () (at Assets/Scripts/Interaction/CarryableRotation.cs:20)
"
15:10:08.620,ERROR,Unity,"NullReferenceException: Object reference not set to an instance of an object
CarryableRotation.Update () (at Assets/Scripts/Interaction/CarryableRotation.cs:20)
"
15:10:08.637,ERROR,Unity,"NullReferenceException: Object reference not set to an instance of an object
CarryableRotation.Update () (at Assets/Scripts/Interaction/CarryableRotation.cs:20)
"
15:10:08.651,ERROR,Unity,"NullReferenceException: Object reference not set to an instance of an object
CarryableRotation.Update () (at Assets/Scripts/Interaction/CarryableRotation.cs:20)
"
15:10:08.666,ERROR,Unity,"NullReferenceException: Object reference not set to an instance of an object
CarryableRotation.Update () (at Assets/Scripts/Interaction/CarryableRotation.cs:20)
"
15:10:08.680,ERROR,Unity,"NullReferenceException: Object reference not set to an instance of an object
CarryableRotation.Update () (at Assets/Scripts/Interaction/CarryableRotation.cs:20)
"
15:10:08.694,ERROR,Unity,"NullReferenceException: Object reference not set to an instance of an object
CarryableRotation.Update () (at Assets/Scripts/Interaction/CarryableRotation.cs:20)
"
15:10:08.708,ERROR,Unity,"NullReferenceException: Object reference not set to an instance of an object
CarryableRotation.Update () (at Assets/Scripts/Interaction/CarryableRotation.cs:20)
"
15:10:08.722,ERROR,Unity,"NullReferenceException: Object reference not set to an instance of an object
CarryableRotation.Update () (at Assets/Scripts/Interaction/CarryableRotation.cs:20)
"
15:10:08.736,ERROR,Unity,"NullReferenceException: Object reference not set to an instance of an object
CarryableRotation.Update () (at Assets/Scripts/Interaction/CarryableRotation.cs:20)
"
15:10:08.751,ERROR,Unity,"NullReferenceException: Object reference not set to an instance of an object
CarryableRotation.Update () (at Assets/Scripts/Interaction/CarryableRotation.cs:20)
"
15:10:08.764,ERROR,Unity,"NullReferenceException: Object reference not set to an instance of an object
CarryableRotation.Update () (at Assets/Scripts/Interaction/CarryableRotation.cs:20)
"
15:10:08.780,ERROR,Unity,"NullReferenceException: Object reference not set to an instance of an object
CarryableRotation.Update () (at Assets/Scripts/Interaction/CarryableRotation.cs:20)
"
15:10:08.793,ERROR,Unity,"NullReferenceException: Object reference not set to an instance of an object
CarryableRotation.Update () (at Assets/Scripts/Interaction/CarryableRotation.cs:20)
"
15:10:08.808,ERROR,Unity,"NullReferenceException: Object reference not set to an instance of an object
CarryableRotation.Update () (at Assets/Scripts/Interaction/CarryableRotation.cs:20)
"
15:10:08.824,ERROR,Unity,"NullReferenceException: Object reference not set to an instance of an object
CarryableRotation.Update () (at Assets/Scripts/Interaction/CarryableRotation.cs:20)
"
15:10:08.839,ERROR,Unity,"NullReferenceException: Object reference not set to an instance of an object
CarryableRotation.Update () (at Assets/Scripts/Interaction/CarryableRotation.cs:20)
"
15:10:08.853,ERROR,Unity,"NullReferenceException: Object reference not set to an instance of an object
CarryableRotation.Update () (at Assets/Scripts/Interaction/CarryableRotation.cs:20)
"
15:10:08.869,ERROR,Unity,"NullReferenceException: Object reference not set to an instance of an object
CarryableRotation.Update () (at Assets/Scripts/Interaction/CarryableRotation.cs:20)
"
15:10:08.883,ERROR,Unity,"NullReferenceException: Object reference not set to an instance of an object
CarryableRotation.Update () (at Assets/Scripts/Interaction/CarryableRotation.cs:20)
"
15:10:08.898,ERROR,Unity,"NullReferenceException: Object reference not set to an instance of an object
CarryableRotation.Update () (at Assets/Scripts/Interaction/CarryableRotation.cs:20)
"
15:10:08.912,ERROR,Unity,"NullReferenceException: Object reference not set to an instance of an object
CarryableRotation.Update () (at Assets/Scripts/Interaction/CarryableRotation.cs:20)
"
15:10:08.926,ERROR,Unity,"NullReferenceException: Object reference not set to an instance of an object
CarryableRotation.Update () (at Assets/Scripts/Interaction/CarryableRotation.cs:20)
"
15:10:08.941,ERROR,Unity,"NullReferenceException: Object reference not set to an instance of an object
CarryableRotation.Update () (at Assets/Scripts/Interaction/CarryableRotation.cs:20)
"
15:10:08.955,ERROR,Unity,"NullReferenceException: Object reference not set to an instance of an object
CarryableRotation.Update () (at Assets/Scripts/Interaction/CarryableRotation.cs:20)
"
15:10:08.968,ERROR,Unity,"NullReferenceException: Object reference not set to an instance of an object
CarryableRotation.Update () (at Assets/Scripts/Interaction/CarryableRotation.cs:20)
"
15:10:08.983,ERROR,Unity,"NullReferenceException: Object reference not set to an instance of an object
CarryableRotation.Update () (at Assets/Scripts/Interaction/CarryableRotation.cs:20)
"
15:10:08.998,ERROR,Unity,"NullReferenceException: Object reference not set to an instance of an object
CarryableRotation.Update () (at Assets/Scripts/Interaction/CarryableRotation.cs:20)
"
15:10:09.012,ERROR,Unity,"NullReferenceException: Object reference not set to an instance of an object
CarryableRotation.Update () (at Assets/Scripts/Interaction/CarryableRotation.cs:20)
"
15:10:09.029,ERROR,Unity,"NullReferenceException: Object reference not set to an instance of an object
CarryableRotation.Update () (at Assets/Scripts/Interaction/CarryableRotation.cs:20)
"
15:10:09.043,ERROR,Unity,"NullReferenceException: Object reference not set to an instance of an object
CarryableRotation.Update () (at Assets/Scripts/Interaction/CarryableRotation.cs:20)
"
15:10:09.057,ERROR,Unity,"NullReferenceException: Object reference not set to an instance of an object
CarryableRotation.Update () (at Assets/Scripts/Interaction/CarryableRotation.cs:20)
"
15:10:09.071,ERROR,Unity,"NullReferenceException: Object reference not set to an instance of an object
CarryableRotation.Update () (at Assets/Scripts/Interaction/CarryableRotation.cs:20)
"
15:10:09.086,ERROR,Unity,"NullReferenceException: Object reference not set to an instance of an object
CarryableRotation.Update () (at Assets/Scripts/Interaction/CarryableRotation.cs:20)
"
15:10:09.101,ERROR,Unity,"NullReferenceException: Object reference not set to an instance of an object
CarryableRotation.Update () (at Assets/Scripts/Interaction/CarryableRotation.cs:20)
"
15:10:09.114,ERROR,Unity,"NullReferenceException: Object reference not set to an instance of an object
CarryableRotation.Update () (at Assets/Scripts/Interaction/CarryableRotation.cs:20)
"
15:10:09.129,ERROR,Unity,"NullReferenceException: Object reference not set to an instance of an object
CarryableRotation.Update () (at Assets/Scripts/Interaction/CarryableRotation.cs:20)
"
15:10:09.142,ERROR,Unity,"NullReferenceException: Object reference not set to an instance of an object
CarryableRotation.Update () (at Assets/Scripts/Interaction/CarryableRotation.cs:20)
"
15:10:09.157,ERROR,Unity,"NullReferenceException: Object reference not set to an instance of an object
CarryableRotation.Update () (at Assets/Scripts/Interaction/CarryableRotation.cs:20)
"
15:10:09.170,ERROR,Unity,"NullReferenceException: Object reference not set to an instance of an object
CarryableRotation.Update () (at Assets/Scripts/Interaction/CarryableRotation.cs:20)
"
15:10:09.185,ERROR,Unity,"NullReferenceException: Object reference not set to an instance of an object
CarryableRotation.Update () (at Assets/Scripts/Interaction/CarryableRotation.cs:20)
"
15:10:09.198,ERROR,Unity,"NullReferenceException: Object reference not set to an instance of an object
CarryableRotation.Update () (at Assets/Scripts/Interaction/CarryableRotation.cs:20)
"
15:10:09.214,ERROR,Unity,"NullReferenceException: Object reference not set to an instance of an object
CarryableRotation.Update () (at Assets/Scripts/Interaction/CarryableRotation.cs:20)
"
15:10:09.233,ERROR,Unity,"NullReferenceException: Object reference not set to an instance of an object
CarryableRotation.Update () (at Assets/Scripts/Interaction/CarryableRotation.cs:20)
"
15:10:09.248,ERROR,Unity,"NullReferenceException: Object reference not set to an instance of an object
CarryableRotation.Update () (at Assets/Scripts/Interaction/CarryableRotation.cs:20)
"
15:10:09.262,ERROR,Unity,"NullReferenceException: Object reference not set to an instance of an object
CarryableRotation.Update () (at Assets/Scripts/Interaction/CarryableRotation.cs:20)
"
15:10:09.276,ERROR,Unity,"NullReferenceException: Object reference not set to an instance of an object
CarryableRotation.Update () (at Assets/Scripts/Interaction/CarryableRotation.cs:20)
"
15:10:09.291,ERROR,Unity,"NullReferenceException: Object reference not set to an instance of an object
CarryableRotation.Update () (at Assets/Scripts/Interaction/CarryableRotation.cs:20)
"
15:10:09.305,ERROR,Unity,"NullReferenceException: Object reference not set to an instance of an object
CarryableRotation.Update () (at Assets/Scripts/Interaction/CarryableRotation.cs:20)
"
15:10:09.319,ERROR,Unity,"NullReferenceException: Object reference not set to an instance of an object
CarryableRotation.Update () (at Assets/Scripts/Interaction/CarryableRotation.cs:20)
"
15:10:09.334,ERROR,Unity,"NullReferenceException: Object reference not set to an instance of an object
CarryableRotation.Update () (at Assets/Scripts/Interaction/CarryableRotation.cs:20)
"
15:10:09.347,ERROR,Unity,"NullReferenceException: Object reference not set to an instance of an object
CarryableRotation.Update () (at Assets/Scripts/Interaction/CarryableRotation.cs:20)
"
15:10:09.362,ERROR,Unity,"NullReferenceException: Object reference not set to an instance of an object
CarryableRotation.Update () (at Assets/Scripts/Interaction/CarryableRotation.cs:20)
"
15:10:09.375,ERROR,Unity,"NullReferenceException: Object reference not set to an instance of an object
CarryableRotation.Update () (at Assets/Scripts/Interaction/CarryableRotation.cs:20)
"
15:10:09.391,ERROR,Unity,"NullReferenceException: Object reference not set to an instance of an object
CarryableRotation.Update () (at Assets/Scripts/Interaction/CarryableRotation.cs:20)
"
15:10:09.405,ERROR,Unity,"NullReferenceException: Object reference not set to an instance of an object
CarryableRotation.Update () (at Assets/Scripts/Interaction/CarryableRotation.cs:20)
"
15:10:09.420,ERROR,Unity,"NullReferenceException: Object reference not set to an instance of an object
CarryableRotation.Update () (at Assets/Scripts/Interaction/CarryableRotation.cs:20)
"
15:10:09.437,ERROR,Unity,"NullReferenceException: Object reference not set to an instance of an object
CarryableRotation.Update () (at Assets/Scripts/Interaction/CarryableRotation.cs:20)
"
15:10:09.451,ERROR,Unity,"NullReferenceException: Object reference not set to an instance of an object
CarryableRotation.Update () (at Assets/Scripts/Interaction/CarryableRotation.cs:20)
"
15:10:09.466,ERROR,Unity,"NullReferenceException: Object reference not set to an instance of an object
CarryableRotation.Update () (at Assets/Scripts/Interaction/CarryableRotation.cs:20)
"
15:10:09.480,ERROR,Unity,"NullReferenceException: Object reference not set to an instance of an object
CarryableRotation.Update () (at Assets/Scripts/Interaction/CarryableRotation.cs:20)
"
15:10:09.495,ERROR,Unity,"NullReferenceException: Object reference not set to an instance of an object
CarryableRotation.Update () (at Assets/Scripts/Interaction/CarryableRotation.cs:20)
"
15:10:09.508,ERROR,Unity,"NullReferenceException: Object reference not set to an instance of an object
CarryableRotation.Update () (at Assets/Scripts/Interaction/CarryableRotation.cs:20)
"
15:10:09.523,ERROR,Unity,"NullReferenceException: Object reference not set to an instance of an object
CarryableRotation.Update () (at Assets/Scripts/Interaction/CarryableRotation.cs:20)
"
15:10:09.539,ERROR,Unity,"NullReferenceException: Object reference not set to an instance of an object
CarryableRotation.Update () (at Assets/Scripts/Interaction/CarryableRotation.cs:20)
"
15:10:09.553,ERROR,Unity,"NullReferenceException: Object reference not set to an instance of an object
CarryableRotation.Update () (at Assets/Scripts/Interaction/CarryableRotation.cs:20)
"
15:10:09.568,ERROR,Unity,"NullReferenceException: Object reference not set to an instance of an object
CarryableRotation.Update () (at Assets/Scripts/Interaction/CarryableRotation.cs:20)
"
15:10:09.582,ERROR,Unity,"NullReferenceException: Object reference not set to an instance of an object
CarryableRotation.Update () (at Assets/Scripts/Interaction/CarryableRotation.cs:20)
"
15:10:09.597,ERROR,Unity,"NullReferenceException: Object reference not set to an instance of an object
CarryableRotation.Update () (at Assets/Scripts/Interaction/CarryableRotation.cs:20)
"
15:10:09.611,ERROR,Unity,"NullReferenceException: Object reference not set to an instance of an object
CarryableRotation.Update () (at Assets/Scripts/Interaction/CarryableRotation.cs:20)
"
15:10:09.625,ERROR,Unity,"NullReferenceException: Object reference not set to an instance of an object
CarryableRotation.Update () (at Assets/Scripts/Interaction/CarryableRotation.cs:20)
"
15:10:09.643,ERROR,Unity,"NullReferenceException: Object reference not set to an instance of an object
CarryableRotation.Update () (at Assets/Scripts/Interaction/CarryableRotation.cs:20)
"
15:10:09.660,INFO,Unity,maxJumpVelocity20
15:10:09.661,ERROR,Unity,"NullReferenceException: Object reference not set to an instance of an object
CarryableRotation.Update () (at Assets/Scripts/Interaction/CarryableRotation.cs:20)
"
15:10:09.676,ERROR,Unity,"NullReferenceException: Object reference not set to an instance of an object
CarryableRotation.Update () (at Assets/Scripts/Interaction/CarryableRotation.cs:20)
"
15:10:09.691,ERROR,Unity,"NullReferenceException: Object reference not set to an instance of an object
CarryableRotation.Update () (at Assets/Scripts/Interaction/CarryableRotation.cs:20)
"
15:10:09.707,ERROR,Unity,"NullReferenceException: Object reference not set to an instance of an object
CarryableRotation.Update () (at Assets/Scripts/Interaction/CarryableRotation.cs:20)
"
15:10:09.721,ERROR,Unity,"NullReferenceException: Object reference not set to an instance of an object
CarryableRotation.Update () (at Assets/Scripts/Interaction/CarryableRotation.cs:20)
"
15:10:09.736,ERROR,Unity,"NullReferenceException: Object reference not set to an instance of an object
CarryableRotation.Update () (at Assets/Scripts/Interaction/CarryableRotation.cs:20)
"
15:10:09.750,ERROR,Unity,"NullReferenceException: Object reference not set to an instance of an object
CarryableRotation.Update () (at Assets/Scripts/Interaction/CarryableRotation.cs:20)
"
15:10:09.764,ERROR,Unity,"NullReferenceException: Object reference not set to an instance of an object
CarryableRotation.Update () (at Assets/Scripts/Interaction/CarryableRotation.cs:20)
"
15:10:09.778,ERROR,Unity,"NullReferenceException: Object reference not set to an instance of an object
CarryableRotation.Update () (at Assets/Scripts/Interaction/CarryableRotation.cs:20)
"
15:10:09.792,ERROR,Unity,"NullReferenceException: Object reference not set to an instance of an object
CarryableRotation.Update () (at Assets/Scripts/Interaction/CarryableRotation.cs:20)
"
15:10:09.806,ERROR,Unity,"NullReferenceException: Object reference not set to an instance of an object
CarryableRotation.Update () (at Assets/Scripts/Interaction/CarryableRotation.cs:20)
"
15:10:09.821,ERROR,Unity,"NullReferenceException: Object reference not set to an instance of an object
CarryableRotation.Update () (at Assets/Scripts/Interaction/CarryableRotation.cs:20)
"
15:10:09.835,ERROR,Unity,"NullReferenceException: Object reference not set to an instance of an object
CarryableRotation.Update () (at Assets/Scripts/Interaction/CarryableRotation.cs:20)
"
15:10:09.852,ERROR,Unity,"NullReferenceException: Object reference not set to an instance of an object
CarryableRotation.Update () (at Assets/Scripts/Interaction/CarryableRotation.cs:20)
"
15:10:09.867,ERROR,Unity,"NullReferenceException: Object reference not set to an instance of an object
CarryableRotation.Update () (at Assets/Scripts/Interaction/CarryableRotation.cs:20)
"
15:10:09.883,ERROR,Unity,"NullReferenceException: Object reference not set to an instance of an object
CarryableRotation.Update () (at Assets/Scripts/Interaction/CarryableRotation.cs:20)
"
15:10:09.897,ERROR,Unity,"NullReferenceException: Object reference not set to an instance of an object
CarryableRotation.Update () (at Assets/Scripts/Interaction/CarryableRotation.cs:20)
"
15:10:09.910,ERROR,Unity,"NullReferenceException: Object reference not set to an instance of an object
CarryableRotation.Update () (at Assets/Scripts/Interaction/CarryableRotation.cs:20)
"
15:10:09.925,ERROR,Unity,"NullReferenceException: Object reference not set to an instance of an object
CarryableRotation.Update () (at Assets/Scripts/Interaction/CarryableRotation.cs:20)
"
15:10:09.940,ERROR,Unity,"NullReferenceException: Object reference not set to an instance of an object
CarryableRotation.Update () (at Assets/Scripts/Interaction/CarryableRotation.cs:20)
"
15:10:09.955,ERROR,Unity,"NullReferenceException: Object reference not set to an instance of an object
CarryableRotation.Update () (at Assets/Scripts/Interaction/CarryableRotation.cs:20)
"
15:10:09.969,ERROR,Unity,"NullReferenceException: Object reference not set to an instance of an object
CarryableRotation.Update () (at Assets/Scripts/Interaction/CarryableRotation.cs:20)
"
15:10:09.984,ERROR,Unity,"NullReferenceException: Object reference not set to an instance of an object
CarryableRotation.Update () (at Assets/Scripts/Interaction/CarryableRotation.cs:20)
"
15:10:09.998,ERROR,Unity,"NullReferenceException: Object reference not set to an instance of an object
CarryableRotation.Update () (at Assets/Scripts/Interaction/CarryableRotation.cs:20)
"
15:10:10.012,ERROR,Unity,"NullReferenceException: Object reference not set to an instance of an object
CarryableRotation.Update () (at Assets/Scripts/Interaction/CarryableRotation.cs:20)
"
15:10:10.025,ERROR,Unity,"NullReferenceException: Object reference not set to an instance of an object
CarryableRotation.Update () (at Assets/Scripts/Interaction/CarryableRotation.cs:20)
"
15:10:10.040,ERROR,Unity,"NullReferenceException: Object reference not set to an instance of an object
CarryableRotation.Update () (at Assets/Scripts/Interaction/CarryableRotation.cs:20)
"
15:10:10.058,ERROR,Unity,"NullReferenceException: Object reference not set to an instance of an object
CarryableRotation.Update () (at Assets/Scripts/Interaction/CarryableRotation.cs:20)
"
15:10:10.072,ERROR,Unity,"NullReferenceException: Object reference not set to an instance of an object
CarryableRotation.Update () (at Assets/Scripts/Interaction/CarryableRotation.cs:20)
"
15:10:10.087,ERROR,Unity,"NullReferenceException: Object reference not set to an instance of an object
CarryableRotation.Update () (at Assets/Scripts/Interaction/CarryableRotation.cs:20)
"
15:10:10.101,ERROR,Unity,"NullReferenceException: Object reference not set to an instance of an object
CarryableRotation.Update () (at Assets/Scripts/Interaction/CarryableRotation.cs:20)
"
15:10:10.115,ERROR,Unity,"NullReferenceException: Object reference not set to an instance of an object
CarryableRotation.Update () (at Assets/Scripts/Interaction/CarryableRotation.cs:20)
"
15:10:10.128,ERROR,Unity,"NullReferenceException: Object reference not set to an instance of an object
CarryableRotation.Update () (at Assets/Scripts/Interaction/CarryableRotation.cs:20)
"
15:10:10.141,ERROR,Unity,"NullReferenceException: Object reference not set to an instance of an object
CarryableRotation.Update () (at Assets/Scripts/Interaction/CarryableRotation.cs:20)
"
15:10:10.156,ERROR,Unity,"NullReferenceException: Object reference not set to an instance of an object
CarryableRotation.Update () (at Assets/Scripts/Interaction/CarryableRotation.cs:20)
"
15:10:10.171,ERROR,Unity,"NullReferenceException: Object reference not set to an instance of an object
CarryableRotation.Update () (at Assets/Scripts/Interaction/CarryableRotation.cs:20)
"
15:10:10.185,ERROR,Unity,"NullReferenceException: Object reference not set to an instance of an object
CarryableRotation.Update () (at Assets/Scripts/Interaction/CarryableRotation.cs:20)
"
15:10:10.199,ERROR,Unity,"NullReferenceException: Object reference not set to an instance of an object
CarryableRotation.Update () (at Assets/Scripts/Interaction/CarryableRotation.cs:20)
"
15:10:10.212,ERROR,Unity,"NullReferenceException: Object reference not set to an instance of an object
CarryableRotation.Update () (at Assets/Scripts/Interaction/CarryableRotation.cs:20)
"
15:10:10.227,ERROR,Unity,"NullReferenceException: Object reference not set to an instance of an object
CarryableRotation.Update () (at Assets/Scripts/Interaction/CarryableRotation.cs:20)
"
15:10:10.241,ERROR,Unity,"NullReferenceException: Object reference not set to an instance of an object
CarryableRotation.Update () (at Assets/Scripts/Interaction/CarryableRotation.cs:20)
"
15:10:10.258,ERROR,Unity,"NullReferenceException: Object reference not set to an instance of an object
CarryableRotation.Update () (at Assets/Scripts/Interaction/CarryableRotation.cs:20)
"
15:10:10.273,ERROR,Unity,"NullReferenceException: Object reference not set to an instance of an object
CarryableRotation.Update () (at Assets/Scripts/Interaction/CarryableRotation.cs:20)
"
15:10:10.286,ERROR,Unity,"NullReferenceException: Object reference not set to an instance of an object
CarryableRotation.Update () (at Assets/Scripts/Interaction/CarryableRotation.cs:20)
"
15:10:10.302,ERROR,Unity,"NullReferenceException: Object reference not set to an instance of an object
CarryableRotation.Update () (at Assets/Scripts/Interaction/CarryableRotation.cs:20)
"
15:10:10.315,ERROR,Unity,"NullReferenceException: Object reference not set to an instance of an object
CarryableRotation.Update () (at Assets/Scripts/Interaction/CarryableRotation.cs:20)
"
15:10:10.329,ERROR,Unity,"NullReferenceException: Object reference not set to an instance of an object
CarryableRotation.Update () (at Assets/Scripts/Interaction/CarryableRotation.cs:20)
"
15:10:10.345,ERROR,Unity,"NullReferenceException: Object reference not set to an instance of an object
CarryableRotation.Update () (at Assets/Scripts/Interaction/CarryableRotation.cs:20)
"
15:10:10.362,ERROR,Unity,"NullReferenceException: Object reference not set to an instance of an object
CarryableRotation.Update () (at Assets/Scripts/Interaction/CarryableRotation.cs:20)
"
15:10:10.379,ERROR,Unity,"NullReferenceException: Object reference not set to an instance of an object
CarryableRotation.Update () (at Assets/Scripts/Interaction/CarryableRotation.cs:20)
"
15:10:10.393,ERROR,Unity,"NullReferenceException: Object reference not set to an instance of an object
CarryableRotation.Update () (at Assets/Scripts/Interaction/CarryableRotation.cs:20)
"
15:10:10.409,ERROR,Unity,"NullReferenceException: Object reference not set to an instance of an object
CarryableRotation.Update () (at Assets/Scripts/Interaction/CarryableRotation.cs:20)
"
15:10:10.424,ERROR,Unity,"NullReferenceException: Object reference not set to an instance of an object
CarryableRotation.Update () (at Assets/Scripts/Interaction/CarryableRotation.cs:20)
"
15:10:10.439,ERROR,Unity,"NullReferenceException: Object reference not set to an instance of an object
CarryableRotation.Update () (at Assets/Scripts/Interaction/CarryableRotation.cs:20)
"
15:10:10.454,ERROR,Unity,"NullReferenceException: Object reference not set to an instance of an object
CarryableRotation.Update () (at Assets/Scripts/Interaction/CarryableRotation.cs:20)
"
15:10:10.471,ERROR,Unity,"NullReferenceException: Object reference not set to an instance of an object
CarryableRotation.Update () (at Assets/Scripts/Interaction/CarryableRotation.cs:20)
"
15:10:10.486,ERROR,Unity,"NullReferenceException: Object reference not set to an instance of an object
CarryableRotation.Update () (at Assets/Scripts/Interaction/CarryableRotation.cs:20)
"
15:10:10.500,ERROR,Unity,"NullReferenceException: Object reference not set to an instance of an object
CarryableRotation.Update () (at Assets/Scripts/Interaction/CarryableRotation.cs:20)
"
15:10:10.515,ERROR,Unity,"NullReferenceException: Object reference not set to an instance of an object
CarryableRotation.Update () (at Assets/Scripts/Interaction/CarryableRotation.cs:20)
"
15:10:10.530,ERROR,Unity,"NullReferenceException: Object reference not set to an instance of an object
CarryableRotation.Update () (at Assets/Scripts/Interaction/CarryableRotation.cs:20)
"
15:10:10.545,ERROR,Unity,"NullReferenceException: Object reference not set to an instance of an object
CarryableRotation.Update () (at Assets/Scripts/Interaction/CarryableRotation.cs:20)
"
15:10:10.560,ERROR,Unity,"NullReferenceException: Object reference not set to an instance of an object
CarryableRotation.Update () (at Assets/Scripts/Interaction/CarryableRotation.cs:20)
"
15:10:10.575,ERROR,Unity,"NullReferenceException: Object reference not set to an instance of an object
CarryableRotation.Update () (at Assets/Scripts/Interaction/CarryableRotation.cs:20)
"
15:10:10.589,ERROR,Unity,"NullReferenceException: Object reference not set to an instance of an object
CarryableRotation.Update () (at Assets/Scripts/Interaction/CarryableRotation.cs:20)
"
15:10:10.605,ERROR,Unity,"NullReferenceException: Object reference not set to an instance of an object
CarryableRotation.Update () (at Assets/Scripts/Interaction/CarryableRotation.cs:20)
"
15:10:10.619,ERROR,Unity,"NullReferenceException: Object reference not set to an instance of an object
CarryableRotation.Update () (at Assets/Scripts/Interaction/CarryableRotation.cs:20)
"
15:10:10.633,ERROR,Unity,"NullReferenceException: Object reference not set to an instance of an object
CarryableRotation.Update () (at Assets/Scripts/Interaction/CarryableRotation.cs:20)
"
15:10:10.647,ERROR,Unity,"NullReferenceException: Object reference not set to an instance of an object
CarryableRotation.Update () (at Assets/Scripts/Interaction/CarryableRotation.cs:20)
"
15:10:10.662,ERROR,Unity,"NullReferenceException: Object reference not set to an instance of an object
CarryableRotation.Update () (at Assets/Scripts/Interaction/CarryableRotation.cs:20)
"
15:10:10.678,ERROR,Unity,"NullReferenceException: Object reference not set to an instance of an object
CarryableRotation.Update () (at Assets/Scripts/Interaction/CarryableRotation.cs:20)
"
15:10:10.692,ERROR,Unity,"NullReferenceException: Object reference not set to an instance of an object
CarryableRotation.Update () (at Assets/Scripts/Interaction/CarryableRotation.cs:20)
"
15:10:10.707,ERROR,Unity,"NullReferenceException: Object reference not set to an instance of an object
CarryableRotation.Update () (at Assets/Scripts/Interaction/CarryableRotation.cs:20)
"
15:10:10.721,ERROR,Unity,"NullReferenceException: Object reference not set to an instance of an object
CarryableRotation.Update () (at Assets/Scripts/Interaction/CarryableRotation.cs:20)
"
15:10:10.735,ERROR,Unity,"NullReferenceException: Object reference not set to an instance of an object
CarryableRotation.Update () (at Assets/Scripts/Interaction/CarryableRotation.cs:20)
"
15:10:10.749,ERROR,Unity,"NullReferenceException: Object reference not set to an instance of an object
CarryableRotation.Update () (at Assets/Scripts/Interaction/CarryableRotation.cs:20)
"
15:10:10.763,ERROR,Unity,"NullReferenceException: Object reference not set to an instance of an object
CarryableRotation.Update () (at Assets/Scripts/Interaction/CarryableRotation.cs:20)
"
15:10:10.777,ERROR,Unity,"NullReferenceException: Object reference not set to an instance of an object
CarryableRotation.Update () (at Assets/Scripts/Interaction/CarryableRotation.cs:20)
"
15:10:10.792,ERROR,Unity,"NullReferenceException: Object reference not set to an instance of an object
CarryableRotation.Update () (at Assets/Scripts/Interaction/CarryableRotation.cs:20)
"
15:10:10.806,ERROR,Unity,"NullReferenceException: Object reference not set to an instance of an object
CarryableRotation.Update () (at Assets/Scripts/Interaction/CarryableRotation.cs:20)
"
15:10:10.819,ERROR,Unity,"NullReferenceException: Object reference not set to an instance of an object
CarryableRotation.Update () (at Assets/Scripts/Interaction/CarryableRotation.cs:20)
"
15:10:10.835,ERROR,Unity,"NullReferenceException: Object reference not set to an instance of an object
CarryableRotation.Update () (at Assets/Scripts/Interaction/CarryableRotation.cs:20)
"
15:10:10.850,ERROR,Unity,"NullReferenceException: Object reference not set to an instance of an object
CarryableRotation.Update () (at Assets/Scripts/Interaction/CarryableRotation.cs:20)
"
15:10:10.864,ERROR,Unity,"NullReferenceException: Object reference not set to an instance of an object
CarryableRotation.Update () (at Assets/Scripts/Interaction/CarryableRotation.cs:20)
"
15:10:10.882,ERROR,Unity,"NullReferenceException: Object reference not set to an instance of an object
CarryableRotation.Update () (at Assets/Scripts/Interaction/CarryableRotation.cs:20)
"
15:10:10.899,ERROR,Unity,"NullReferenceException: Object reference not set to an instance of an object
CarryableRotation.Update () (at Assets/Scripts/Interaction/CarryableRotation.cs:20)
"
15:10:10.913,ERROR,Unity,"NullReferenceException: Object reference not set to an instance of an object
CarryableRotation.Update () (at Assets/Scripts/Interaction/CarryableRotation.cs:20)
"
15:10:10.929,ERROR,Unity,"NullReferenceException: Object reference not set to an instance of an object
CarryableRotation.Update () (at Assets/Scripts/Interaction/CarryableRotation.cs:20)
"
15:10:10.944,ERROR,Unity,"NullReferenceException: Object reference not set to an instance of an object
CarryableRotation.Update () (at Assets/Scripts/Interaction/CarryableRotation.cs:20)
"
15:10:10.960,ERROR,Unity,"NullReferenceException: Object reference not set to an instance of an object
CarryableRotation.Update () (at Assets/Scripts/Interaction/CarryableRotation.cs:20)
"
15:10:10.975,ERROR,Unity,"NullReferenceException: Object reference not set to an instance of an object
CarryableRotation.Update () (at Assets/Scripts/Interaction/CarryableRotation.cs:20)
"
15:10:10.990,ERROR,Unity,"NullReferenceException: Object reference not set to an instance of an object
CarryableRotation.Update () (at Assets/Scripts/Interaction/CarryableRotation.cs:20)
"
15:10:11.005,ERROR,Unity,"NullReferenceException: Object reference not set to an instance of an object
CarryableRotation.Update () (at Assets/Scripts/Interaction/CarryableRotation.cs:20)
"
15:10:11.022,ERROR,Unity,"NullReferenceException: Object reference not set to an instance of an object
CarryableRotation.Update () (at Assets/Scripts/Interaction/CarryableRotation.cs:20)
"
15:10:11.037,ERROR,Unity,"NullReferenceException: Object reference not set to an instance of an object
CarryableRotation.Update () (at Assets/Scripts/Interaction/CarryableRotation.cs:20)
"
15:10:11.051,ERROR,Unity,"NullReferenceException: Object reference not set to an instance of an object
CarryableRotation.Update () (at Assets/Scripts/Interaction/CarryableRotation.cs:20)
"
15:10:11.066,ERROR,Unity,"NullReferenceException: Object reference not set to an instance of an object
CarryableRotation.Update () (at Assets/Scripts/Interaction/CarryableRotation.cs:20)
"
15:10:11.085,ERROR,Unity,"NullReferenceException: Object reference not set to an instance of an object
CarryableRotation.Update () (at Assets/Scripts/Interaction/CarryableRotation.cs:20)
"
15:10:11.098,ERROR,Unity,"NullReferenceException: Object reference not set to an instance of an object
CarryableRotation.Update () (at Assets/Scripts/Interaction/CarryableRotation.cs:20)
"
15:10:11.112,ERROR,Unity,"NullReferenceException: Object reference not set to an instance of an object
CarryableRotation.Update () (at Assets/Scripts/Interaction/CarryableRotation.cs:20)
"
15:10:11.127,ERROR,Unity,"NullReferenceException: Object reference not set to an instance of an object
CarryableRotation.Update () (at Assets/Scripts/Interaction/CarryableRotation.cs:20)
"
15:10:11.142,ERROR,Unity,"NullReferenceException: Object reference not set to an instance of an object
CarryableRotation.Update () (at Assets/Scripts/Interaction/CarryableRotation.cs:20)
"
15:10:11.158,ERROR,Unity,"NullReferenceException: Object reference not set to an instance of an object
CarryableRotation.Update () (at Assets/Scripts/Interaction/CarryableRotation.cs:20)
"
15:10:11.172,ERROR,Unity,"NullReferenceException: Object reference not set to an instance of an object
CarryableRotation.Update () (at Assets/Scripts/Interaction/CarryableRotation.cs:20)
"
15:10:11.187,ERROR,Unity,"NullReferenceException: Object reference not set to an instance of an object
CarryableRotation.Update () (at Assets/Scripts/Interaction/CarryableRotation.cs:20)
"
15:10:11.202,ERROR,Unity,"NullReferenceException: Object reference not set to an instance of an object
CarryableRotation.Update () (at Assets/Scripts/Interaction/CarryableRotation.cs:20)
"
15:10:11.216,ERROR,Unity,"NullReferenceException: Object reference not set to an instance of an object
CarryableRotation.Update () (at Assets/Scripts/Interaction/CarryableRotation.cs:20)
"
15:10:11.230,ERROR,Unity,"NullReferenceException: Object reference not set to an instance of an object
CarryableRotation.Update () (at Assets/Scripts/Interaction/CarryableRotation.cs:20)
"
15:10:11.247,ERROR,Unity,"NullReferenceException: Object reference not set to an instance of an object
CarryableRotation.Update () (at Assets/Scripts/Interaction/CarryableRotation.cs:20)
"
15:10:11.261,ERROR,Unity,"NullReferenceException: Object reference not set to an instance of an object
CarryableRotation.Update () (at Assets/Scripts/Interaction/CarryableRotation.cs:20)
"
15:10:11.276,ERROR,Unity,"NullReferenceException: Object reference not set to an instance of an object
CarryableRotation.Update () (at Assets/Scripts/Interaction/CarryableRotation.cs:20)
"
15:10:11.293,ERROR,Unity,"NullReferenceException: Object reference not set to an instance of an object
CarryableRotation.Update () (at Assets/Scripts/Interaction/CarryableRotation.cs:20)
"
15:10:11.309,ERROR,Unity,"NullReferenceException: Object reference not set to an instance of an object
CarryableRotation.Update () (at Assets/Scripts/Interaction/CarryableRotation.cs:20)
"
15:10:11.324,ERROR,Unity,"NullReferenceException: Object reference not set to an instance of an object
CarryableRotation.Update () (at Assets/Scripts/Interaction/CarryableRotation.cs:20)
"
15:10:11.341,ERROR,Unity,"NullReferenceException: Object reference not set to an instance of an object
CarryableRotation.Update () (at Assets/Scripts/Interaction/CarryableRotation.cs:20)
"
15:10:11.357,ERROR,Unity,"NullReferenceException: Object reference not set to an instance of an object
CarryableRotation.Update () (at Assets/Scripts/Interaction/CarryableRotation.cs:20)
"
15:10:11.373,ERROR,Unity,"NullReferenceException: Object reference not set to an instance of an object
CarryableRotation.Update () (at Assets/Scripts/Interaction/CarryableRotation.cs:20)
"
15:10:11.388,ERROR,Unity,"NullReferenceException: Object reference not set to an instance of an object
CarryableRotation.Update () (at Assets/Scripts/Interaction/CarryableRotation.cs:20)
"
15:10:11.404,ERROR,Unity,"NullReferenceException: Object reference not set to an instance of an object
CarryableRotation.Update () (at Assets/Scripts/Interaction/CarryableRotation.cs:20)
"
15:10:11.420,ERROR,Unity,"NullReferenceException: Object reference not set to an instance of an object
CarryableRotation.Update () (at Assets/Scripts/Interaction/CarryableRotation.cs:20)
"
15:10:11.436,ERROR,Unity,"NullReferenceException: Object reference not set to an instance of an object
CarryableRotation.Update () (at Assets/Scripts/Interaction/CarryableRotation.cs:20)
"
15:10:11.453,ERROR,Unity,"NullReferenceException: Object reference not set to an instance of an object
CarryableRotation.Update () (at Assets/Scripts/Interaction/CarryableRotation.cs:20)
"
15:10:11.467,ERROR,Unity,"NullReferenceException: Object reference not set to an instance of an object
CarryableRotation.Update () (at Assets/Scripts/Interaction/CarryableRotation.cs:20)
"
15:10:11.484,ERROR,Unity,"NullReferenceException: Object reference not set to an instance of an object
CarryableRotation.Update () (at Assets/Scripts/Interaction/CarryableRotation.cs:20)
"
15:10:11.503,ERROR,Unity,"NullReferenceException: Object reference not set to an instance of an object
CarryableRotation.Update () (at Assets/Scripts/Interaction/CarryableRotation.cs:20)
"
15:10:11.517,ERROR,Unity,"NullReferenceException: Object reference not set to an instance of an object
CarryableRotation.Update () (at Assets/Scripts/Interaction/CarryableRotation.cs:20)
"
15:10:11.531,ERROR,Unity,"NullReferenceException: Object reference not set to an instance of an object
CarryableRotation.Update () (at Assets/Scripts/Interaction/CarryableRotation.cs:20)
"
15:10:11.546,ERROR,Unity,"NullReferenceException: Object reference not set to an instance of an object
CarryableRotation.Update () (at Assets/Scripts/Interaction/CarryableRotation.cs:20)
"
15:10:11.561,ERROR,Unity,"NullReferenceException: Object reference not set to an instance of an object
CarryableRotation.Update () (at Assets/Scripts/Interaction/CarryableRotation.cs:20)
"
15:10:11.576,ERROR,Unity,"NullReferenceException: Object reference not set to an instance of an object
CarryableRotation.Update () (at Assets/Scripts/Interaction/CarryableRotation.cs:20)
"
15:10:11.591,ERROR,Unity,"NullReferenceException: Object reference not set to an instance of an object
CarryableRotation.Update () (at Assets/Scripts/Interaction/CarryableRotation.cs:20)
"
15:10:11.605,ERROR,Unity,"NullReferenceException: Object reference not set to an instance of an object
CarryableRotation.Update () (at Assets/Scripts/Interaction/CarryableRotation.cs:20)
"
15:10:11.621,ERROR,Unity,"NullReferenceException: Object reference not set to an instance of an object
CarryableRotation.Update () (at Assets/Scripts/Interaction/CarryableRotation.cs:20)
"
15:10:11.635,ERROR,Unity,"NullReferenceException: Object reference not set to an instance of an object
CarryableRotation.Update () (at Assets/Scripts/Interaction/CarryableRotation.cs:20)
"
15:10:11.651,ERROR,Unity,"NullReferenceException: Object reference not set to an instance of an object
CarryableRotation.Update () (at Assets/Scripts/Interaction/CarryableRotation.cs:20)
"
15:10:11.665,ERROR,Unity,"NullReferenceException: Object reference not set to an instance of an object
CarryableRotation.Update () (at Assets/Scripts/Interaction/CarryableRotation.cs:20)
"
15:10:11.681,ERROR,Unity,"NullReferenceException: Object reference not set to an instance of an object
CarryableRotation.Update () (at Assets/Scripts/Interaction/CarryableRotation.cs:20)
"
15:10:11.701,ERROR,Unity,"NullReferenceException: Object reference not set to an instance of an object
CarryableRotation.Update () (at Assets/Scripts/Interaction/CarryableRotation.cs:20)
"
15:10:11.721,ERROR,Unity,"NullReferenceException: Object reference not set to an instance of an object
CarryableRotation.Update () (at Assets/Scripts/Interaction/CarryableRotation.cs:20)
"
15:10:11.736,ERROR,Unity,"NullReferenceException: Object reference not set to an instance of an object
CarryableRotation.Update () (at Assets/Scripts/Interaction/CarryableRotation.cs:20)
"
15:10:11.750,ERROR,Unity,"NullReferenceException: Object reference not set to an instance of an object
CarryableRotation.Update () (at Assets/Scripts/Interaction/CarryableRotation.cs:20)
"
15:10:11.765,ERROR,Unity,"NullReferenceException: Object reference not set to an instance of an object
CarryableRotation.Update () (at Assets/Scripts/Interaction/CarryableRotation.cs:20)
"
15:10:11.781,ERROR,Unity,"NullReferenceException: Object reference not set to an instance of an object
CarryableRotation.Update () (at Assets/Scripts/Interaction/CarryableRotation.cs:20)
"
15:10:11.796,ERROR,Unity,"NullReferenceException: Object reference not set to an instance of an object
CarryableRotation.Update () (at Assets/Scripts/Interaction/CarryableRotation.cs:20)
"
15:10:11.812,ERROR,Unity,"NullReferenceException: Object reference not set to an instance of an object
CarryableRotation.Update () (at Assets/Scripts/Interaction/CarryableRotation.cs:20)
"
15:10:11.827,ERROR,Unity,"NullReferenceException: Object reference not set to an instance of an object
CarryableRotation.Update () (at Assets/Scripts/Interaction/CarryableRotation.cs:20)
"
15:10:11.843,ERROR,Unity,"NullReferenceException: Object reference not set to an instance of an object
CarryableRotation.Update () (at Assets/Scripts/Interaction/CarryableRotation.cs:20)
"
15:10:11.858,ERROR,Unity,"NullReferenceException: Object reference not set to an instance of an object
CarryableRotation.Update () (at Assets/Scripts/Interaction/CarryableRotation.cs:20)
"
15:10:11.873,ERROR,Unity,"NullReferenceException: Object reference not set to an instance of an object
CarryableRotation.Update () (at Assets/Scripts/Interaction/CarryableRotation.cs:20)
"
15:10:11.888,ERROR,Unity,"NullReferenceException: Object reference not set to an instance of an object
CarryableRotation.Update () (at Assets/Scripts/Interaction/CarryableRotation.cs:20)
"
15:10:11.904,ERROR,Unity,"NullReferenceException: Object reference not set to an instance of an object
CarryableRotation.Update () (at Assets/Scripts/Interaction/CarryableRotation.cs:20)
"
15:10:11.921,ERROR,Unity,"NullReferenceException: Object reference not set to an instance of an object
CarryableRotation.Update () (at Assets/Scripts/Interaction/CarryableRotation.cs:20)
"
15:10:11.935,ERROR,Unity,"NullReferenceException: Object reference not set to an instance of an object
CarryableRotation.Update () (at Assets/Scripts/Interaction/CarryableRotation.cs:20)
"
15:10:11.949,ERROR,Unity,"NullReferenceException: Object reference not set to an instance of an object
CarryableRotation.Update () (at Assets/Scripts/Interaction/CarryableRotation.cs:20)
"
15:10:11.962,ERROR,Unity,"NullReferenceException: Object reference not set to an instance of an object
CarryableRotation.Update () (at Assets/Scripts/Interaction/CarryableRotation.cs:20)
"
15:10:11.977,ERROR,Unity,"NullReferenceException: Object reference not set to an instance of an object
CarryableRotation.Update () (at Assets/Scripts/Interaction/CarryableRotation.cs:20)
"
15:10:11.991,ERROR,Unity,"NullReferenceException: Object reference not set to an instance of an object
CarryableRotation.Update () (at Assets/Scripts/Interaction/CarryableRotation.cs:20)
"
15:10:12.005,ERROR,Unity,"NullReferenceException: Object reference not set to an instance of an object
CarryableRotation.Update () (at Assets/Scripts/Interaction/CarryableRotation.cs:20)
"
15:10:12.019,ERROR,Unity,"NullReferenceException: Object reference not set to an instance of an object
CarryableRotation.Update () (at Assets/Scripts/Interaction/CarryableRotation.cs:20)
"
15:10:12.033,ERROR,Unity,"NullReferenceException: Object reference not set to an instance of an object
CarryableRotation.Update () (at Assets/Scripts/Interaction/CarryableRotation.cs:20)
"
15:10:12.047,ERROR,Unity,"NullReferenceException: Object reference not set to an instance of an object
CarryableRotation.Update () (at Assets/Scripts/Interaction/CarryableRotation.cs:20)
"
15:10:12.061,ERROR,Unity,"NullReferenceException: Object reference not set to an instance of an object
CarryableRotation.Update () (at Assets/Scripts/Interaction/CarryableRotation.cs:20)
"
15:10:12.076,ERROR,Unity,"NullReferenceException: Object reference not set to an instance of an object
CarryableRotation.Update () (at Assets/Scripts/Interaction/CarryableRotation.cs:20)
"
15:10:12.090,ERROR,Unity,"NullReferenceException: Object reference not set to an instance of an object
CarryableRotation.Update () (at Assets/Scripts/Interaction/CarryableRotation.cs:20)
"
15:10:12.105,ERROR,Unity,"NullReferenceException: Object reference not set to an instance of an object
CarryableRotation.Update () (at Assets/Scripts/Interaction/CarryableRotation.cs:20)
"
15:10:12.119,ERROR,Unity,"NullReferenceException: Object reference not set to an instance of an object
CarryableRotation.Update () (at Assets/Scripts/Interaction/CarryableRotation.cs:20)
"
15:10:12.135,ERROR,Unity,"NullReferenceException: Object reference not set to an instance of an object
CarryableRotation.Update () (at Assets/Scripts/Interaction/CarryableRotation.cs:20)
"
15:10:12.150,ERROR,Unity,"NullReferenceException: Object reference not set to an instance of an object
CarryableRotation.Update () (at Assets/Scripts/Interaction/CarryableRotation.cs:20)
"
15:10:12.166,ERROR,Unity,"NullReferenceException: Object reference not set to an instance of an object
CarryableRotation.Update () (at Assets/Scripts/Interaction/CarryableRotation.cs:20)
"
15:10:12.179,ERROR,Unity,"NullReferenceException: Object reference not set to an instance of an object
CarryableRotation.Update () (at Assets/Scripts/Interaction/CarryableRotation.cs:20)
"
15:10:12.194,ERROR,Unity,"NullReferenceException: Object reference not set to an instance of an object
CarryableRotation.Update () (at Assets/Scripts/Interaction/CarryableRotation.cs:20)
"
15:10:12.208,ERROR,Unity,"NullReferenceException: Object reference not set to an instance of an object
CarryableRotation.Update () (at Assets/Scripts/Interaction/CarryableRotation.cs:20)
"
15:10:12.223,ERROR,Unity,"NullReferenceException: Object reference not set to an instance of an object
CarryableRotation.Update () (at Assets/Scripts/Interaction/CarryableRotation.cs:20)
"
15:10:12.236,ERROR,Unity,"NullReferenceException: Object reference not set to an instance of an object
CarryableRotation.Update () (at Assets/Scripts/Interaction/CarryableRotation.cs:20)
"
15:10:12.251,ERROR,Unity,"NullReferenceException: Object reference not set to an instance of an object
CarryableRotation.Update () (at Assets/Scripts/Interaction/CarryableRotation.cs:20)
"
15:10:12.264,ERROR,Unity,"NullReferenceException: Object reference not set to an instance of an object
CarryableRotation.Update () (at Assets/Scripts/Interaction/CarryableRotation.cs:20)
"
15:10:12.279,ERROR,Unity,"NullReferenceException: Object reference not set to an instance of an object
CarryableRotation.Update () (at Assets/Scripts/Interaction/CarryableRotation.cs:20)
"
15:10:12.292,ERROR,Unity,"NullReferenceException: Object reference not set to an instance of an object
CarryableRotation.Update () (at Assets/Scripts/Interaction/CarryableRotation.cs:20)
"
15:10:12.307,ERROR,Unity,"NullReferenceException: Object reference not set to an instance of an object
CarryableRotation.Update () (at Assets/Scripts/Interaction/CarryableRotation.cs:20)
"
15:10:12.321,ERROR,Unity,"NullReferenceException: Object reference not set to an instance of an object
CarryableRotation.Update () (at Assets/Scripts/Interaction/CarryableRotation.cs:20)
"
15:10:12.339,ERROR,Unity,"NullReferenceException: Object reference not set to an instance of an object
CarryableRotation.Update () (at Assets/Scripts/Interaction/CarryableRotation.cs:20)
"
15:10:12.354,ERROR,Unity,"NullReferenceException: Object reference not set to an instance of an object
CarryableRotation.Update () (at Assets/Scripts/Interaction/CarryableRotation.cs:20)
"
15:10:12.367,ERROR,Unity,"NullReferenceException: Object reference not set to an instance of an object
CarryableRotation.Update () (at Assets/Scripts/Interaction/CarryableRotation.cs:20)
"
15:10:12.382,ERROR,Unity,"NullReferenceException: Object reference not set to an instance of an object
CarryableRotation.Update () (at Assets/Scripts/Interaction/CarryableRotation.cs:20)
"
15:10:12.397,ERROR,Unity,"NullReferenceException: Object reference not set to an instance of an object
CarryableRotation.Update () (at Assets/Scripts/Interaction/CarryableRotation.cs:20)
"
15:10:12.412,ERROR,Unity,"NullReferenceException: Object reference not set to an instance of an object
CarryableRotation.Update () (at Assets/Scripts/Interaction/CarryableRotation.cs:20)
"
15:10:12.426,ERROR,Unity,"NullReferenceException: Object reference not set to an instance of an object
CarryableRotation.Update () (at Assets/Scripts/Interaction/CarryableRotation.cs:20)
"
15:10:12.441,ERROR,Unity,"NullReferenceException: Object reference not set to an instance of an object
CarryableRotation.Update () (at Assets/Scripts/Interaction/CarryableRotation.cs:20)
"
15:10:12.455,ERROR,Unity,"NullReferenceException: Object reference not set to an instance of an object
CarryableRotation.Update () (at Assets/Scripts/Interaction/CarryableRotation.cs:20)
"
15:10:12.469,ERROR,Unity,"NullReferenceException: Object reference not set to an instance of an object
CarryableRotation.Update () (at Assets/Scripts/Interaction/CarryableRotation.cs:20)
"
15:10:12.482,ERROR,Unity,"NullReferenceException: Object reference not set to an instance of an object
CarryableRotation.Update () (at Assets/Scripts/Interaction/CarryableRotation.cs:20)
"
15:10:12.497,ERROR,Unity,"NullReferenceException: Object reference not set to an instance of an object
CarryableRotation.Update () (at Assets/Scripts/Interaction/CarryableRotation.cs:20)
"
15:10:12.511,ERROR,Unity,"NullReferenceException: Object reference not set to an instance of an object
CarryableRotation.Update () (at Assets/Scripts/Interaction/CarryableRotation.cs:20)
"
15:10:12.525,ERROR,Unity,"NullReferenceException: Object reference not set to an instance of an object
CarryableRotation.Update () (at Assets/Scripts/Interaction/CarryableRotation.cs:20)
"
15:10:12.541,ERROR,Unity,"NullReferenceException: Object reference not set to an instance of an object
CarryableRotation.Update () (at Assets/Scripts/Interaction/CarryableRotation.cs:20)
"
15:10:12.554,ERROR,Unity,"NullReferenceException: Object reference not set to an instance of an object
CarryableRotation.Update () (at Assets/Scripts/Interaction/CarryableRotation.cs:20)
"
15:10:12.568,ERROR,Unity,"NullReferenceException: Object reference not set to an instance of an object
CarryableRotation.Update () (at Assets/Scripts/Interaction/CarryableRotation.cs:20)
"
15:10:12.582,ERROR,Unity,"NullReferenceException: Object reference not set to an instance of an object
CarryableRotation.Update () (at Assets/Scripts/Interaction/CarryableRotation.cs:20)
"
15:10:12.596,ERROR,Unity,"NullReferenceException: Object reference not set to an instance of an object
CarryableRotation.Update () (at Assets/Scripts/Interaction/CarryableRotation.cs:20)
"
15:10:12.612,ERROR,Unity,"NullReferenceException: Object reference not set to an instance of an object
CarryableRotation.Update () (at Assets/Scripts/Interaction/CarryableRotation.cs:20)
"
15:10:12.627,ERROR,Unity,"NullReferenceException: Object reference not set to an instance of an object
CarryableRotation.Update () (at Assets/Scripts/Interaction/CarryableRotation.cs:20)
"
15:10:12.641,ERROR,Unity,"NullReferenceException: Object reference not set to an instance of an object
CarryableRotation.Update () (at Assets/Scripts/Interaction/CarryableRotation.cs:20)
"
15:10:12.654,ERROR,Unity,"NullReferenceException: Object reference not set to an instance of an object
CarryableRotation.Update () (at Assets/Scripts/Interaction/CarryableRotation.cs:20)
"
15:10:12.668,ERROR,Unity,"NullReferenceException: Object reference not set to an instance of an object
CarryableRotation.Update () (at Assets/Scripts/Interaction/CarryableRotation.cs:20)
"
15:10:12.681,ERROR,Unity,"NullReferenceException: Object reference not set to an instance of an object
CarryableRotation.Update () (at Assets/Scripts/Interaction/CarryableRotation.cs:20)
"
15:10:12.697,ERROR,Unity,"NullReferenceException: Object reference not set to an instance of an object
CarryableRotation.Update () (at Assets/Scripts/Interaction/CarryableRotation.cs:20)
"
15:10:12.711,ERROR,Unity,"NullReferenceException: Object reference not set to an instance of an object
CarryableRotation.Update () (at Assets/Scripts/Interaction/CarryableRotation.cs:20)
"
15:10:12.729,ERROR,Unity,"NullReferenceException: Object reference not set to an instance of an object
CarryableRotation.Update () (at Assets/Scripts/Interaction/CarryableRotation.cs:20)
"
15:10:12.745,ERROR,Unity,"NullReferenceException: Object reference not set to an instance of an object
CarryableRotation.Update () (at Assets/Scripts/Interaction/CarryableRotation.cs:20)
"
15:10:12.760,ERROR,Unity,"NullReferenceException: Object reference not set to an instance of an object
CarryableRotation.Update () (at Assets/Scripts/Interaction/CarryableRotation.cs:20)
"
15:10:12.775,ERROR,Unity,"NullReferenceException: Object reference not set to an instance of an object
CarryableRotation.Update () (at Assets/Scripts/Interaction/CarryableRotation.cs:20)
"
15:10:12.788,ERROR,Unity,"NullReferenceException: Object reference not set to an instance of an object
CarryableRotation.Update () (at Assets/Scripts/Interaction/CarryableRotation.cs:20)
"
15:10:12.802,ERROR,Unity,"NullReferenceException: Object reference not set to an instance of an object
CarryableRotation.Update () (at Assets/Scripts/Interaction/CarryableRotation.cs:20)
"
15:10:12.817,ERROR,Unity,"NullReferenceException: Object reference not set to an instance of an object
CarryableRotation.Update () (at Assets/Scripts/Interaction/CarryableRotation.cs:20)
"
15:10:12.831,ERROR,Unity,"NullReferenceException: Object reference not set to an instance of an object
CarryableRotation.Update () (at Assets/Scripts/Interaction/CarryableRotation.cs:20)
"
15:10:12.845,ERROR,Unity,"NullReferenceException: Object reference not set to an instance of an object
CarryableRotation.Update () (at Assets/Scripts/Interaction/CarryableRotation.cs:20)
"
15:10:12.860,ERROR,Unity,"NullReferenceException: Object reference not set to an instance of an object
CarryableRotation.Update () (at Assets/Scripts/Interaction/CarryableRotation.cs:20)
"
15:10:12.874,ERROR,Unity,"NullReferenceException: Object reference not set to an instance of an object
CarryableRotation.Update () (at Assets/Scripts/Interaction/CarryableRotation.cs:20)
"
15:10:12.888,ERROR,Unity,"NullReferenceException: Object reference not set to an instance of an object
CarryableRotation.Update () (at Assets/Scripts/Interaction/CarryableRotation.cs:20)
"
15:10:12.903,ERROR,Unity,"NullReferenceException: Object reference not set to an instance of an object
CarryableRotation.Update () (at Assets/Scripts/Interaction/CarryableRotation.cs:20)
"
15:10:12.918,ERROR,Unity,"NullReferenceException: Object reference not set to an instance of an object
CarryableRotation.Update () (at Assets/Scripts/Interaction/CarryableRotation.cs:20)
"
15:10:12.932,ERROR,Unity,"NullReferenceException: Object reference not set to an instance of an object
CarryableRotation.Update () (at Assets/Scripts/Interaction/CarryableRotation.cs:20)
"
15:10:12.950,ERROR,Unity,"NullReferenceException: Object reference not set to an instance of an object
CarryableRotation.Update () (at Assets/Scripts/Interaction/CarryableRotation.cs:20)
"
15:10:12.963,ERROR,Unity,"NullReferenceException: Object reference not set to an instance of an object
CarryableRotation.Update () (at Assets/Scripts/Interaction/CarryableRotation.cs:20)
"
15:10:12.978,ERROR,Unity,"NullReferenceException: Object reference not set to an instance of an object
CarryableRotation.Update () (at Assets/Scripts/Interaction/CarryableRotation.cs:20)
"
15:10:12.991,ERROR,Unity,"NullReferenceException: Object reference not set to an instance of an object
CarryableRotation.Update () (at Assets/Scripts/Interaction/CarryableRotation.cs:20)
"
15:10:13.005,ERROR,Unity,"NullReferenceException: Object reference not set to an instance of an object
CarryableRotation.Update () (at Assets/Scripts/Interaction/CarryableRotation.cs:20)
"
15:10:13.020,ERROR,Unity,"NullReferenceException: Object reference not set to an instance of an object
CarryableRotation.Update () (at Assets/Scripts/Interaction/CarryableRotation.cs:20)
"
15:10:13.034,ERROR,Unity,"NullReferenceException: Object reference not set to an instance of an object
CarryableRotation.Update () (at Assets/Scripts/Interaction/CarryableRotation.cs:20)
"
15:10:13.050,ERROR,Unity,"NullReferenceException: Object reference not set to an instance of an object
CarryableRotation.Update () (at Assets/Scripts/Interaction/CarryableRotation.cs:20)
"
15:10:13.064,ERROR,Unity,"NullReferenceException: Object reference not set to an instance of an object
CarryableRotation.Update () (at Assets/Scripts/Interaction/CarryableRotation.cs:20)
"
15:10:13.079,ERROR,Unity,"NullReferenceException: Object reference not set to an instance of an object
CarryableRotation.Update () (at Assets/Scripts/Interaction/CarryableRotation.cs:20)
"
15:10:13.093,ERROR,Unity,"NullReferenceException: Object reference not set to an instance of an object
CarryableRotation.Update () (at Assets/Scripts/Interaction/CarryableRotation.cs:20)
"
15:10:13.106,ERROR,Unity,"NullReferenceException: Object reference not set to an instance of an object
CarryableRotation.Update () (at Assets/Scripts/Interaction/CarryableRotation.cs:20)
"
15:10:13.121,ERROR,Unity,"NullReferenceException: Object reference not set to an instance of an object
CarryableRotation.Update () (at Assets/Scripts/Interaction/CarryableRotation.cs:20)
"
15:10:13.135,ERROR,Unity,"NullReferenceException: Object reference not set to an instance of an object
CarryableRotation.Update () (at Assets/Scripts/Interaction/CarryableRotation.cs:20)
"
15:10:13.153,ERROR,Unity,"NullReferenceException: Object reference not set to an instance of an object
CarryableRotation.Update () (at Assets/Scripts/Interaction/CarryableRotation.cs:20)
"
15:10:13.167,ERROR,Unity,"NullReferenceException: Object reference not set to an instance of an object
CarryableRotation.Update () (at Assets/Scripts/Interaction/CarryableRotation.cs:20)
"
15:10:13.182,ERROR,Unity,"NullReferenceException: Object reference not set to an instance of an object
CarryableRotation.Update () (at Assets/Scripts/Interaction/CarryableRotation.cs:20)
"
15:10:13.197,ERROR,Unity,"NullReferenceException: Object reference not set to an instance of an object
CarryableRotation.Update () (at Assets/Scripts/Interaction/CarryableRotation.cs:20)
"
15:10:13.211,ERROR,Unity,"NullReferenceException: Object reference not set to an instance of an object
CarryableRotation.Update () (at Assets/Scripts/Interaction/CarryableRotation.cs:20)
"
15:10:13.225,ERROR,Unity,"NullReferenceException: Object reference not set to an instance of an object
CarryableRotation.Update () (at Assets/Scripts/Interaction/CarryableRotation.cs:20)
"
15:10:13.240,ERROR,Unity,"NullReferenceException: Object reference not set to an instance of an object
CarryableRotation.Update () (at Assets/Scripts/Interaction/CarryableRotation.cs:20)
"
15:10:13.255,ERROR,Unity,"NullReferenceException: Object reference not set to an instance of an object
CarryableRotation.Update () (at Assets/Scripts/Interaction/CarryableRotation.cs:20)
"
15:10:13.268,ERROR,Unity,"NullReferenceException: Object reference not set to an instance of an object
CarryableRotation.Update () (at Assets/Scripts/Interaction/CarryableRotation.cs:20)
"
15:10:13.283,ERROR,Unity,"NullReferenceException: Object reference not set to an instance of an object
CarryableRotation.Update () (at Assets/Scripts/Interaction/CarryableRotation.cs:20)
"
15:10:13.297,ERROR,Unity,"NullReferenceException: Object reference not set to an instance of an object
CarryableRotation.Update () (at Assets/Scripts/Interaction/CarryableRotation.cs:20)
"
15:10:13.311,ERROR,Unity,"NullReferenceException: Object reference not set to an instance of an object
CarryableRotation.Update () (at Assets/Scripts/Interaction/CarryableRotation.cs:20)
"
15:10:13.327,ERROR,Unity,"NullReferenceException: Object reference not set to an instance of an object
CarryableRotation.Update () (at Assets/Scripts/Interaction/CarryableRotation.cs:20)
"
15:10:13.340,ERROR,Unity,"NullReferenceException: Object reference not set to an instance of an object
CarryableRotation.Update () (at Assets/Scripts/Interaction/CarryableRotation.cs:20)
"
15:10:13.359,ERROR,Unity,"NullReferenceException: Object reference not set to an instance of an object
CarryableRotation.Update () (at Assets/Scripts/Interaction/CarryableRotation.cs:20)
"
15:10:13.373,ERROR,Unity,"NullReferenceException: Object reference not set to an instance of an object
CarryableRotation.Update () (at Assets/Scripts/Interaction/CarryableRotation.cs:20)
"
15:10:13.386,ERROR,Unity,"NullReferenceException: Object reference not set to an instance of an object
CarryableRotation.Update () (at Assets/Scripts/Interaction/CarryableRotation.cs:20)
"
15:10:13.401,ERROR,Unity,"NullReferenceException: Object reference not set to an instance of an object
CarryableRotation.Update () (at Assets/Scripts/Interaction/CarryableRotation.cs:20)
"
15:10:13.416,ERROR,Unity,"NullReferenceException: Object reference not set to an instance of an object
CarryableRotation.Update () (at Assets/Scripts/Interaction/CarryableRotation.cs:20)
"
15:10:13.432,ERROR,Unity,"NullReferenceException: Object reference not set to an instance of an object
CarryableRotation.Update () (at Assets/Scripts/Interaction/CarryableRotation.cs:20)
"
15:10:13.448,ERROR,Unity,"NullReferenceException: Object reference not set to an instance of an object
CarryableRotation.Update () (at Assets/Scripts/Interaction/CarryableRotation.cs:20)
"
15:10:13.467,ERROR,Unity,"NullReferenceException: Object reference not set to an instance of an object
CarryableRotation.Update () (at Assets/Scripts/Interaction/CarryableRotation.cs:20)
"
15:10:13.486,ERROR,Unity,"NullReferenceException: Object reference not set to an instance of an object
CarryableRotation.Update () (at Assets/Scripts/Interaction/CarryableRotation.cs:20)
"
15:10:13.500,ERROR,Unity,"NullReferenceException: Object reference not set to an instance of an object
CarryableRotation.Update () (at Assets/Scripts/Interaction/CarryableRotation.cs:20)
"
15:10:13.514,ERROR,Unity,"NullReferenceException: Object reference not set to an instance of an object
CarryableRotation.Update () (at Assets/Scripts/Interaction/CarryableRotation.cs:20)
"
15:10:13.529,ERROR,Unity,"NullReferenceException: Object reference not set to an instance of an object
CarryableRotation.Update () (at Assets/Scripts/Interaction/CarryableRotation.cs:20)
"
15:10:13.545,INFO,Unity,maxJumpVelocity20
15:10:13.546,ERROR,Unity,"NullReferenceException: Object reference not set to an instance of an object
CarryableRotation.Update () (at Assets/Scripts/Interaction/CarryableRotation.cs:20)
"
15:10:13.564,ERROR,Unity,"NullReferenceException: Object reference not set to an instance of an object
CarryableRotation.Update () (at Assets/Scripts/Interaction/CarryableRotation.cs:20)
"
15:10:13.579,ERROR,Unity,"NullReferenceException: Object reference not set to an instance of an object
CarryableRotation.Update () (at Assets/Scripts/Interaction/CarryableRotation.cs:20)
"
15:10:13.593,ERROR,Unity,"NullReferenceException: Object reference not set to an instance of an object
CarryableRotation.Update () (at Assets/Scripts/Interaction/CarryableRotation.cs:20)
"
15:10:13.607,ERROR,Unity,"NullReferenceException: Object reference not set to an instance of an object
CarryableRotation.Update () (at Assets/Scripts/Interaction/CarryableRotation.cs:20)
"
15:10:13.623,ERROR,Unity,"NullReferenceException: Object reference not set to an instance of an object
CarryableRotation.Update () (at Assets/Scripts/Interaction/CarryableRotation.cs:20)
"
15:10:13.638,ERROR,Unity,"NullReferenceException: Object reference not set to an instance of an object
CarryableRotation.Update () (at Assets/Scripts/Interaction/CarryableRotation.cs:20)
"
15:10:13.652,ERROR,Unity,"NullReferenceException: Object reference not set to an instance of an object
CarryableRotation.Update () (at Assets/Scripts/Interaction/CarryableRotation.cs:20)
"
15:10:13.667,ERROR,Unity,"NullReferenceException: Object reference not set to an instance of an object
CarryableRotation.Update () (at Assets/Scripts/Interaction/CarryableRotation.cs:20)
"
15:10:13.682,ERROR,Unity,"NullReferenceException: Object reference not set to an instance of an object
CarryableRotation.Update () (at Assets/Scripts/Interaction/CarryableRotation.cs:20)
"
15:10:13.697,ERROR,Unity,"NullReferenceException: Object reference not set to an instance of an object
CarryableRotation.Update () (at Assets/Scripts/Interaction/CarryableRotation.cs:20)
"
15:10:13.712,ERROR,Unity,"NullReferenceException: Object reference not set to an instance of an object
CarryableRotation.Update () (at Assets/Scripts/Interaction/CarryableRotation.cs:20)
"
15:10:13.726,ERROR,Unity,"NullReferenceException: Object reference not set to an instance of an object
CarryableRotation.Update () (at Assets/Scripts/Interaction/CarryableRotation.cs:20)
"
15:10:13.741,ERROR,Unity,"NullReferenceException: Object reference not set to an instance of an object
CarryableRotation.Update () (at Assets/Scripts/Interaction/CarryableRotation.cs:20)
"
15:10:13.755,ERROR,Unity,"NullReferenceException: Object reference not set to an instance of an object
CarryableRotation.Update () (at Assets/Scripts/Interaction/CarryableRotation.cs:20)
"
15:10:13.772,ERROR,Unity,"NullReferenceException: Object reference not set to an instance of an object
CarryableRotation.Update () (at Assets/Scripts/Interaction/CarryableRotation.cs:20)
"
15:10:13.789,ERROR,Unity,"NullReferenceException: Object reference not set to an instance of an object
CarryableRotation.Update () (at Assets/Scripts/Interaction/CarryableRotation.cs:20)
"
15:10:13.805,ERROR,Unity,"NullReferenceException: Object reference not set to an instance of an object
CarryableRotation.Update () (at Assets/Scripts/Interaction/CarryableRotation.cs:20)
"
15:10:13.818,ERROR,Unity,"NullReferenceException: Object reference not set to an instance of an object
CarryableRotation.Update () (at Assets/Scripts/Interaction/CarryableRotation.cs:20)
"
15:10:13.833,ERROR,Unity,"NullReferenceException: Object reference not set to an instance of an object
CarryableRotation.Update () (at Assets/Scripts/Interaction/CarryableRotation.cs:20)
"
15:10:13.848,ERROR,Unity,"NullReferenceException: Object reference not set to an instance of an object
CarryableRotation.Update () (at Assets/Scripts/Interaction/CarryableRotation.cs:20)
"
15:10:13.862,ERROR,Unity,"NullReferenceException: Object reference not set to an instance of an object
CarryableRotation.Update () (at Assets/Scripts/Interaction/CarryableRotation.cs:20)
"
15:10:13.876,ERROR,Unity,"NullReferenceException: Object reference not set to an instance of an object
CarryableRotation.Update () (at Assets/Scripts/Interaction/CarryableRotation.cs:20)
"
15:10:13.891,ERROR,Unity,"NullReferenceException: Object reference not set to an instance of an object
CarryableRotation.Update () (at Assets/Scripts/Interaction/CarryableRotation.cs:20)
"
15:10:13.906,ERROR,Unity,"NullReferenceException: Object reference not set to an instance of an object
CarryableRotation.Update () (at Assets/Scripts/Interaction/CarryableRotation.cs:20)
"
15:10:13.921,ERROR,Unity,"NullReferenceException: Object reference not set to an instance of an object
CarryableRotation.Update () (at Assets/Scripts/Interaction/CarryableRotation.cs:20)
"
15:10:13.935,ERROR,Unity,"NullReferenceException: Object reference not set to an instance of an object
CarryableRotation.Update () (at Assets/Scripts/Interaction/CarryableRotation.cs:20)
"
15:10:13.949,ERROR,Unity,"NullReferenceException: Object reference not set to an instance of an object
CarryableRotation.Update () (at Assets/Scripts/Interaction/CarryableRotation.cs:20)
"
15:10:13.964,ERROR,Unity,"NullReferenceException: Object reference not set to an instance of an object
CarryableRotation.Update () (at Assets/Scripts/Interaction/CarryableRotation.cs:20)
"
15:10:13.981,ERROR,Unity,"NullReferenceException: Object reference not set to an instance of an object
CarryableRotation.Update () (at Assets/Scripts/Interaction/CarryableRotation.cs:20)
"
15:10:13.994,ERROR,Unity,"NullReferenceException: Object reference not set to an instance of an object
CarryableRotation.Update () (at Assets/Scripts/Interaction/CarryableRotation.cs:20)
"
15:10:14.009,ERROR,Unity,"NullReferenceException: Object reference not set to an instance of an object
CarryableRotation.Update () (at Assets/Scripts/Interaction/CarryableRotation.cs:20)
"
15:10:14.023,ERROR,Unity,"NullReferenceException: Object reference not set to an instance of an object
CarryableRotation.Update () (at Assets/Scripts/Interaction/CarryableRotation.cs:20)
"
15:10:14.038,ERROR,Unity,"NullReferenceException: Object reference not set to an instance of an object
CarryableRotation.Update () (at Assets/Scripts/Interaction/CarryableRotation.cs:20)
"
15:10:14.052,ERROR,Unity,"NullReferenceException: Object reference not set to an instance of an object
CarryableRotation.Update () (at Assets/Scripts/Interaction/CarryableRotation.cs:20)
"
15:10:14.066,ERROR,Unity,"NullReferenceException: Object reference not set to an instance of an object
CarryableRotation.Update () (at Assets/Scripts/Interaction/CarryableRotation.cs:20)
"
15:10:14.081,ERROR,Unity,"NullReferenceException: Object reference not set to an instance of an object
CarryableRotation.Update () (at Assets/Scripts/Interaction/CarryableRotation.cs:20)
"
15:10:14.095,ERROR,Unity,"NullReferenceException: Object reference not set to an instance of an object
CarryableRotation.Update () (at Assets/Scripts/Interaction/CarryableRotation.cs:20)
"
15:10:14.110,ERROR,Unity,"NullReferenceException: Object reference not set to an instance of an object
CarryableRotation.Update () (at Assets/Scripts/Interaction/CarryableRotation.cs:20)
"
15:10:14.126,ERROR,Unity,"NullReferenceException: Object reference not set to an instance of an object
CarryableRotation.Update () (at Assets/Scripts/Interaction/CarryableRotation.cs:20)
"
15:10:14.141,ERROR,Unity,"NullReferenceException: Object reference not set to an instance of an object
CarryableRotation.Update () (at Assets/Scripts/Interaction/CarryableRotation.cs:20)
"
15:10:14.155,ERROR,Unity,"NullReferenceException: Object reference not set to an instance of an object
CarryableRotation.Update () (at Assets/Scripts/Interaction/CarryableRotation.cs:20)
"
15:10:14.169,ERROR,Unity,"NullReferenceException: Object reference not set to an instance of an object
CarryableRotation.Update () (at Assets/Scripts/Interaction/CarryableRotation.cs:20)
"
15:10:14.187,ERROR,Unity,"NullReferenceException: Object reference not set to an instance of an object
CarryableRotation.Update () (at Assets/Scripts/Interaction/CarryableRotation.cs:20)
"
15:10:14.201,ERROR,Unity,"NullReferenceException: Object reference not set to an instance of an object
CarryableRotation.Update () (at Assets/Scripts/Interaction/CarryableRotation.cs:20)
"
15:10:14.215,ERROR,Unity,"NullReferenceException: Object reference not set to an instance of an object
CarryableRotation.Update () (at Assets/Scripts/Interaction/CarryableRotation.cs:20)
"
15:10:14.229,ERROR,Unity,"NullReferenceException: Object reference not set to an instance of an object
CarryableRotation.Update () (at Assets/Scripts/Interaction/CarryableRotation.cs:20)
"
15:10:14.244,ERROR,Unity,"NullReferenceException: Object reference not set to an instance of an object
CarryableRotation.Update () (at Assets/Scripts/Interaction/CarryableRotation.cs:20)
"
15:10:14.258,ERROR,Unity,"NullReferenceException: Object reference not set to an instance of an object
CarryableRotation.Update () (at Assets/Scripts/Interaction/CarryableRotation.cs:20)
"
15:10:14.271,ERROR,Unity,"NullReferenceException: Object reference not set to an instance of an object
CarryableRotation.Update () (at Assets/Scripts/Interaction/CarryableRotation.cs:20)
"
15:10:14.286,ERROR,Unity,"NullReferenceException: Object reference not set to an instance of an object
CarryableRotation.Update () (at Assets/Scripts/Interaction/CarryableRotation.cs:20)
"
15:10:14.300,ERROR,Unity,"NullReferenceException: Object reference not set to an instance of an object
CarryableRotation.Update () (at Assets/Scripts/Interaction/CarryableRotation.cs:20)
"
15:10:14.316,ERROR,Unity,"NullReferenceException: Object reference not set to an instance of an object
CarryableRotation.Update () (at Assets/Scripts/Interaction/CarryableRotation.cs:20)
"
15:10:14.332,ERROR,Unity,"NullReferenceException: Object reference not set to an instance of an object
CarryableRotation.Update () (at Assets/Scripts/Interaction/CarryableRotation.cs:20)
"
15:10:14.346,ERROR,Unity,"NullReferenceException: Object reference not set to an instance of an object
CarryableRotation.Update () (at Assets/Scripts/Interaction/CarryableRotation.cs:20)
"
15:10:14.360,ERROR,Unity,"NullReferenceException: Object reference not set to an instance of an object
CarryableRotation.Update () (at Assets/Scripts/Interaction/CarryableRotation.cs:20)
"
15:10:14.375,ERROR,Unity,"NullReferenceException: Object reference not set to an instance of an object
CarryableRotation.Update () (at Assets/Scripts/Interaction/CarryableRotation.cs:20)
"
15:10:14.392,ERROR,Unity,"NullReferenceException: Object reference not set to an instance of an object
CarryableRotation.Update () (at Assets/Scripts/Interaction/CarryableRotation.cs:20)
"
15:10:14.406,ERROR,Unity,"NullReferenceException: Object reference not set to an instance of an object
CarryableRotation.Update () (at Assets/Scripts/Interaction/CarryableRotation.cs:20)
"
15:10:14.422,ERROR,Unity,"NullReferenceException: Object reference not set to an instance of an object
CarryableRotation.Update () (at Assets/Scripts/Interaction/CarryableRotation.cs:20)
"
15:10:14.438,ERROR,Unity,"NullReferenceException: Object reference not set to an instance of an object
CarryableRotation.Update () (at Assets/Scripts/Interaction/CarryableRotation.cs:20)
"
15:10:14.451,ERROR,Unity,"NullReferenceException: Object reference not set to an instance of an object
CarryableRotation.Update () (at Assets/Scripts/Interaction/CarryableRotation.cs:20)
"
15:10:14.466,ERROR,Unity,"NullReferenceException: Object reference not set to an instance of an object
CarryableRotation.Update () (at Assets/Scripts/Interaction/CarryableRotation.cs:20)
"
15:10:14.481,ERROR,Unity,"NullReferenceException: Object reference not set to an instance of an object
CarryableRotation.Update () (at Assets/Scripts/Interaction/CarryableRotation.cs:20)
"
15:10:14.495,ERROR,Unity,"NullReferenceException: Object reference not set to an instance of an object
CarryableRotation.Update () (at Assets/Scripts/Interaction/CarryableRotation.cs:20)
"
15:10:14.510,ERROR,Unity,"NullReferenceException: Object reference not set to an instance of an object
CarryableRotation.Update () (at Assets/Scripts/Interaction/CarryableRotation.cs:20)
"
15:10:14.526,DEBUG,PlayerCarrying,집기 조작Box (UnityEngine.BoxCollider2D)
15:10:14.526,INFO,Unity,_focus is null
15:10:14.527,INFO,Unity,Weight Update =0
15:10:14.527,INFO,Unity,Weight Update2 =10
15:10:14.527,ERROR,Unity,"NullReferenceException: Object reference not set to an instance of an object
CarryableRotation.Update () (at Assets/Scripts/Interaction/CarryableRotation.cs:20)
"
15:10:14.543,ERROR,Unity,"NullReferenceException: Object reference not set to an instance of an object
CarryableRotation.Update () (at Assets/Scripts/Interaction/CarryableRotation.cs:20)
"
15:10:14.559,ERROR,Unity,"NullReferenceException: Object reference not set to an instance of an object
CarryableRotation.Update () (at Assets/Scripts/Interaction/CarryableRotation.cs:20)
"
15:10:14.572,ERROR,Unity,"NullReferenceException: Object reference not set to an instance of an object
CarryableRotation.Update () (at Assets/Scripts/Interaction/CarryableRotation.cs:20)
"
15:10:14.587,ERROR,Unity,"NullReferenceException: Object reference not set to an instance of an object
CarryableRotation.Update () (at Assets/Scripts/Interaction/CarryableRotation.cs:20)
"
15:10:14.607,ERROR,Unity,"NullReferenceException: Object reference not set to an instance of an object
CarryableRotation.Update () (at Assets/Scripts/Interaction/CarryableRotation.cs:20)
"
15:10:14.621,ERROR,Unity,"NullReferenceException: Object reference not set to an instance of an object
CarryableRotation.Update () (at Assets/Scripts/Interaction/CarryableRotation.cs:20)
"
15:10:14.636,ERROR,Unity,"NullReferenceException: Object reference not set to an instance of an object
CarryableRotation.Update () (at Assets/Scripts/Interaction/CarryableRotation.cs:20)
"
15:10:14.650,ERROR,Unity,"NullReferenceException: Object reference not set to an instance of an object
CarryableRotation.Update () (at Assets/Scripts/Interaction/CarryableRotation.cs:20)
"
15:10:14.665,ERROR,Unity,"NullReferenceException: Object reference not set to an instance of an object
CarryableRotation.Update () (at Assets/Scripts/Interaction/CarryableRotation.cs:20)
"
15:10:14.679,ERROR,Unity,"NullReferenceException: Object reference not set to an instance of an object
CarryableRotation.Update () (at Assets/Scripts/Interaction/CarryableRotation.cs:20)
"
15:10:14.694,ERROR,Unity,"NullReferenceException: Object reference not set to an instance of an object
CarryableRotation.Update () (at Assets/Scripts/Interaction/CarryableRotation.cs:20)
"
15:10:14.707,ERROR,Unity,"NullReferenceException: Object reference not set to an instance of an object
CarryableRotation.Update () (at Assets/Scripts/Interaction/CarryableRotation.cs:20)
"
15:10:14.722,ERROR,Unity,"NullReferenceException: Object reference not set to an instance of an object
CarryableRotation.Update () (at Assets/Scripts/Interaction/CarryableRotation.cs:20)
"
15:10:14.736,ERROR,Unity,"NullReferenceException: Object reference not set to an instance of an object
CarryableRotation.Update () (at Assets/Scripts/Interaction/CarryableRotation.cs:20)
"
15:10:14.751,ERROR,Unity,"NullReferenceException: Object reference not set to an instance of an object
CarryableRotation.Update () (at Assets/Scripts/Interaction/CarryableRotation.cs:20)
"
15:10:14.764,ERROR,Unity,"NullReferenceException: Object reference not set to an instance of an object
CarryableRotation.Update () (at Assets/Scripts/Interaction/CarryableRotation.cs:20)
"
15:10:14.779,ERROR,Unity,"NullReferenceException: Object reference not set to an instance of an object
CarryableRotation.Update () (at Assets/Scripts/Interaction/CarryableRotation.cs:20)
"
15:10:14.794,ERROR,Unity,"NullReferenceException: Object reference not set to an instance of an object
CarryableRotation.Update () (at Assets/Scripts/Interaction/CarryableRotation.cs:20)
"
15:10:14.811,ERROR,Unity,"NullReferenceException: Object reference not set to an instance of an object
CarryableRotation.Update () (at Assets/Scripts/Interaction/CarryableRotation.cs:20)
"
15:10:14.825,ERROR,Unity,"NullReferenceException: Object reference not set to an instance of an object
CarryableRotation.Update () (at Assets/Scripts/Interaction/CarryableRotation.cs:20)
"
15:10:14.840,ERROR,Unity,"NullReferenceException: Object reference not set to an instance of an object
CarryableRotation.Update () (at Assets/Scripts/Interaction/CarryableRotation.cs:20)
"
15:10:14.854,ERROR,Unity,"NullReferenceException: Object reference not set to an instance of an object
CarryableRotation.Update () (at Assets/Scripts/Interaction/CarryableRotation.cs:20)
"
15:10:14.868,ERROR,Unity,"NullReferenceException: Object reference not set to an instance of an object
CarryableRotation.Update () (at Assets/Scripts/Interaction/CarryableRotation.cs:20)
"
15:10:14.883,ERROR,Unity,"NullReferenceException: Object reference not set to an instance of an object
CarryableRotation.Update () (at Assets/Scripts/Interaction/CarryableRotation.cs:20)
"
15:10:14.897,ERROR,Unity,"NullReferenceException: Object reference not set to an instance of an object
CarryableRotation.Update () (at Assets/Scripts/Interaction/CarryableRotation.cs:20)
"
15:10:14.912,ERROR,Unity,"NullReferenceException: Object reference not set to an instance of an object
CarryableRotation.Update () (at Assets/Scripts/Interaction/CarryableRotation.cs:20)
"
15:10:14.927,ERROR,Unity,"NullReferenceException: Object reference not set to an instance of an object
CarryableRotation.Update () (at Assets/Scripts/Interaction/CarryableRotation.cs:20)
"
15:10:14.941,ERROR,Unity,"NullReferenceException: Object reference not set to an instance of an object
CarryableRotation.Update () (at Assets/Scripts/Interaction/CarryableRotation.cs:20)
"
15:10:14.956,ERROR,Unity,"NullReferenceException: Object reference not set to an instance of an object
CarryableRotation.Update () (at Assets/Scripts/Interaction/CarryableRotation.cs:20)
"
15:10:14.969,ERROR,Unity,"NullReferenceException: Object reference not set to an instance of an object
CarryableRotation.Update () (at Assets/Scripts/Interaction/CarryableRotation.cs:20)
"
15:10:14.983,ERROR,Unity,"NullReferenceException: Object reference not set to an instance of an object
CarryableRotation.Update () (at Assets/Scripts/Interaction/CarryableRotation.cs:20)
"
15:10:14.998,ERROR,Unity,"NullReferenceException: Object reference not set to an instance of an object
CarryableRotation.Update () (at Assets/Scripts/Interaction/CarryableRotation.cs:20)
"
15:10:15.014,ERROR,Unity,"NullReferenceException: Object reference not set to an instance of an object
CarryableRotation.Update () (at Assets/Scripts/Interaction/CarryableRotation.cs:20)
"
15:10:15.028,ERROR,Unity,"NullReferenceException: Object reference not set to an instance of an object
CarryableRotation.Update () (at Assets/Scripts/Interaction/CarryableRotation.cs:20)
"
15:10:15.043,ERROR,Unity,"NullReferenceException: Object reference not set to an instance of an object
CarryableRotation.Update () (at Assets/Scripts/Interaction/CarryableRotation.cs:20)
"
15:10:15.056,ERROR,Unity,"NullReferenceException: Object reference not set to an instance of an object
CarryableRotation.Update () (at Assets/Scripts/Interaction/CarryableRotation.cs:20)
"
15:10:15.072,ERROR,Unity,"NullReferenceException: Object reference not set to an instance of an object
CarryableRotation.Update () (at Assets/Scripts/Interaction/CarryableRotation.cs:20)
"
15:10:15.086,ERROR,Unity,"NullReferenceException: Object reference not set to an instance of an object
CarryableRotation.Update () (at Assets/Scripts/Interaction/CarryableRotation.cs:20)
"
15:10:15.101,ERROR,Unity,"NullReferenceException: Object reference not set to an instance of an object
CarryableRotation.Update () (at Assets/Scripts/Interaction/CarryableRotation.cs:20)
"
15:10:15.116,ERROR,Unity,"NullReferenceException: Object reference not set to an instance of an object
CarryableRotation.Update () (at Assets/Scripts/Interaction/CarryableRotation.cs:20)
"
15:10:15.131,ERROR,Unity,"NullReferenceException: Object reference not set to an instance of an object
CarryableRotation.Update () (at Assets/Scripts/Interaction/CarryableRotation.cs:20)
"
15:10:15.145,ERROR,Unity,"NullReferenceException: Object reference not set to an instance of an object
CarryableRotation.Update () (at Assets/Scripts/Interaction/CarryableRotation.cs:20)
"
15:10:15.162,ERROR,Unity,"NullReferenceException: Object reference not set to an instance of an object
CarryableRotation.Update () (at Assets/Scripts/Interaction/CarryableRotation.cs:20)
"
15:10:15.177,ERROR,Unity,"NullReferenceException: Object reference not set to an instance of an object
CarryableRotation.Update () (at Assets/Scripts/Interaction/CarryableRotation.cs:20)
"
15:10:15.191,ERROR,Unity,"NullReferenceException: Object reference not set to an instance of an object
CarryableRotation.Update () (at Assets/Scripts/Interaction/CarryableRotation.cs:20)
"
15:10:15.206,ERROR,Unity,"NullReferenceException: Object reference not set to an instance of an object
CarryableRotation.Update () (at Assets/Scripts/Interaction/CarryableRotation.cs:20)
"
15:10:15.222,ERROR,Unity,"NullReferenceException: Object reference not set to an instance of an object
CarryableRotation.Update () (at Assets/Scripts/Interaction/CarryableRotation.cs:20)
"
15:10:15.241,ERROR,Unity,"NullReferenceException: Object reference not set to an instance of an object
CarryableRotation.Update () (at Assets/Scripts/Interaction/CarryableRotation.cs:20)
"
15:10:15.257,ERROR,Unity,"NullReferenceException: Object reference not set to an instance of an object
CarryableRotation.Update () (at Assets/Scripts/Interaction/CarryableRotation.cs:20)
"
15:10:15.272,ERROR,Unity,"NullReferenceException: Object reference not set to an instance of an object
CarryableRotation.Update () (at Assets/Scripts/Interaction/CarryableRotation.cs:20)
"
15:10:15.286,ERROR,Unity,"NullReferenceException: Object reference not set to an instance of an object
CarryableRotation.Update () (at Assets/Scripts/Interaction/CarryableRotation.cs:20)
"
15:10:15.300,ERROR,Unity,"NullReferenceException: Object reference not set to an instance of an object
CarryableRotation.Update () (at Assets/Scripts/Interaction/CarryableRotation.cs:20)
"
15:10:15.315,ERROR,Unity,"NullReferenceException: Object reference not set to an instance of an object
CarryableRotation.Update () (at Assets/Scripts/Interaction/CarryableRotation.cs:20)
"
15:10:15.330,ERROR,Unity,"NullReferenceException: Object reference not set to an instance of an object
CarryableRotation.Update () (at Assets/Scripts/Interaction/CarryableRotation.cs:20)
"
15:10:15.345,ERROR,Unity,"NullReferenceException: Object reference not set to an instance of an object
CarryableRotation.Update () (at Assets/Scripts/Interaction/CarryableRotation.cs:20)
"
15:10:15.359,ERROR,Unity,"NullReferenceException: Object reference not set to an instance of an object
CarryableRotation.Update () (at Assets/Scripts/Interaction/CarryableRotation.cs:20)
"
15:10:15.374,ERROR,Unity,"NullReferenceException: Object reference not set to an instance of an object
CarryableRotation.Update () (at Assets/Scripts/Interaction/CarryableRotation.cs:20)
"
15:10:15.389,ERROR,Unity,"NullReferenceException: Object reference not set to an instance of an object
CarryableRotation.Update () (at Assets/Scripts/Interaction/CarryableRotation.cs:20)
"
15:10:15.403,ERROR,Unity,"NullReferenceException: Object reference not set to an instance of an object
CarryableRotation.Update () (at Assets/Scripts/Interaction/CarryableRotation.cs:20)
"
15:10:15.418,ERROR,Unity,"NullReferenceException: Object reference not set to an instance of an object
CarryableRotation.Update () (at Assets/Scripts/Interaction/CarryableRotation.cs:20)
"
15:10:15.436,ERROR,Unity,"NullReferenceException: Object reference not set to an instance of an object
CarryableRotation.Update () (at Assets/Scripts/Interaction/CarryableRotation.cs:20)
"
15:10:15.450,ERROR,Unity,"NullReferenceException: Object reference not set to an instance of an object
CarryableRotation.Update () (at Assets/Scripts/Interaction/CarryableRotation.cs:20)
"
15:10:15.464,ERROR,Unity,"NullReferenceException: Object reference not set to an instance of an object
CarryableRotation.Update () (at Assets/Scripts/Interaction/CarryableRotation.cs:20)
"
15:10:15.479,ERROR,Unity,"NullReferenceException: Object reference not set to an instance of an object
CarryableRotation.Update () (at Assets/Scripts/Interaction/CarryableRotation.cs:20)
"
15:10:15.494,ERROR,Unity,"NullReferenceException: Object reference not set to an instance of an object
CarryableRotation.Update () (at Assets/Scripts/Interaction/CarryableRotation.cs:20)
"
15:10:15.508,ERROR,Unity,"NullReferenceException: Object reference not set to an instance of an object
CarryableRotation.Update () (at Assets/Scripts/Interaction/CarryableRotation.cs:20)
"
15:10:15.522,ERROR,Unity,"NullReferenceException: Object reference not set to an instance of an object
CarryableRotation.Update () (at Assets/Scripts/Interaction/CarryableRotation.cs:20)
"
15:10:15.536,ERROR,Unity,"NullReferenceException: Object reference not set to an instance of an object
CarryableRotation.Update () (at Assets/Scripts/Interaction/CarryableRotation.cs:20)
"
15:10:15.549,ERROR,Unity,"NullReferenceException: Object reference not set to an instance of an object
CarryableRotation.Update () (at Assets/Scripts/Interaction/CarryableRotation.cs:20)
"
15:10:15.564,ERROR,Unity,"NullReferenceException: Object reference not set to an instance of an object
CarryableRotation.Update () (at Assets/Scripts/Interaction/CarryableRotation.cs:20)
"
15:10:15.578,ERROR,Unity,"NullReferenceException: Object reference not set to an instance of an object
CarryableRotation.Update () (at Assets/Scripts/Interaction/CarryableRotation.cs:20)
"
15:10:15.592,ERROR,Unity,"NullReferenceException: Object reference not set to an instance of an object
CarryableRotation.Update () (at Assets/Scripts/Interaction/CarryableRotation.cs:20)
"
15:10:15.607,ERROR,Unity,"NullReferenceException: Object reference not set to an instance of an object
CarryableRotation.Update () (at Assets/Scripts/Interaction/CarryableRotation.cs:20)
"
15:10:15.621,ERROR,Unity,"NullReferenceException: Object reference not set to an instance of an object
CarryableRotation.Update () (at Assets/Scripts/Interaction/CarryableRotation.cs:20)
"
15:10:15.638,ERROR,Unity,"NullReferenceException: Object reference not set to an instance of an object
CarryableRotation.Update () (at Assets/Scripts/Interaction/CarryableRotation.cs:20)
"
15:10:15.652,ERROR,Unity,"NullReferenceException: Object reference not set to an instance of an object
CarryableRotation.Update () (at Assets/Scripts/Interaction/CarryableRotation.cs:20)
"
15:10:15.666,ERROR,Unity,"NullReferenceException: Object reference not set to an instance of an object
CarryableRotation.Update () (at Assets/Scripts/Interaction/CarryableRotation.cs:20)
"
15:10:15.681,ERROR,Unity,"NullReferenceException: Object reference not set to an instance of an object
CarryableRotation.Update () (at Assets/Scripts/Interaction/CarryableRotation.cs:20)
"
15:10:15.696,ERROR,Unity,"NullReferenceException: Object reference not set to an instance of an object
CarryableRotation.Update () (at Assets/Scripts/Interaction/CarryableRotation.cs:20)
"
15:10:15.711,ERROR,Unity,"NullReferenceException: Object reference not set to an instance of an object
CarryableRotation.Update () (at Assets/Scripts/Interaction/CarryableRotation.cs:20)
"
15:10:15.727,ERROR,Unity,"NullReferenceException: Object reference not set to an instance of an object
CarryableRotation.Update () (at Assets/Scripts/Interaction/CarryableRotation.cs:20)
"
15:10:15.741,ERROR,Unity,"NullReferenceException: Object reference not set to an instance of an object
CarryableRotation.Update () (at Assets/Scripts/Interaction/CarryableRotation.cs:20)
"
15:10:15.755,ERROR,Unity,"NullReferenceException: Object reference not set to an instance of an object
CarryableRotation.Update () (at Assets/Scripts/Interaction/CarryableRotation.cs:20)
"
15:10:15.770,ERROR,Unity,"NullReferenceException: Object reference not set to an instance of an object
CarryableRotation.Update () (at Assets/Scripts/Interaction/CarryableRotation.cs:20)
"
15:10:15.783,ERROR,Unity,"NullReferenceException: Object reference not set to an instance of an object
CarryableRotation.Update () (at Assets/Scripts/Interaction/CarryableRotation.cs:20)
"
15:10:15.798,ERROR,Unity,"NullReferenceException: Object reference not set to an instance of an object
CarryableRotation.Update () (at Assets/Scripts/Interaction/CarryableRotation.cs:20)
"
15:10:15.812,ERROR,Unity,"NullReferenceException: Object reference not set to an instance of an object
CarryableRotation.Update () (at Assets/Scripts/Interaction/CarryableRotation.cs:20)
"
15:10:15.827,ERROR,Unity,"NullReferenceException: Object reference not set to an instance of an object
CarryableRotation.Update () (at Assets/Scripts/Interaction/CarryableRotation.cs:20)
"
15:10:15.844,ERROR,Unity,"NullReferenceException: Object reference not set to an instance of an object
CarryableRotation.Update () (at Assets/Scripts/Interaction/CarryableRotation.cs:20)
"
15:10:15.860,ERROR,Unity,"NullReferenceException: Object reference not set to an instance of an object
CarryableRotation.Update () (at Assets/Scripts/Interaction/CarryableRotation.cs:20)
"
15:10:15.875,ERROR,Unity,"NullReferenceException: Object reference not set to an instance of an object
CarryableRotation.Update () (at Assets/Scripts/Interaction/CarryableRotation.cs:20)
"
15:10:15.890,ERROR,Unity,"NullReferenceException: Object reference not set to an instance of an object
CarryableRotation.Update () (at Assets/Scripts/Interaction/CarryableRotation.cs:20)
"
15:10:15.903,ERROR,Unity,"NullReferenceException: Object reference not set to an instance of an object
CarryableRotation.Update () (at Assets/Scripts/Interaction/CarryableRotation.cs:20)
"
15:10:15.919,ERROR,Unity,"NullReferenceException: Object reference not set to an instance of an object
CarryableRotation.Update () (at Assets/Scripts/Interaction/CarryableRotation.cs:20)
"
15:10:15.933,ERROR,Unity,"NullReferenceException: Object reference not set to an instance of an object
CarryableRotation.Update () (at Assets/Scripts/Interaction/CarryableRotation.cs:20)
"
15:10:15.948,ERROR,Unity,"NullReferenceException: Object reference not set to an instance of an object
CarryableRotation.Update () (at Assets/Scripts/Interaction/CarryableRotation.cs:20)
"
15:10:15.962,ERROR,Unity,"NullReferenceException: Object reference not set to an instance of an object
CarryableRotation.Update () (at Assets/Scripts/Interaction/CarryableRotation.cs:20)
"
15:10:15.976,ERROR,Unity,"NullReferenceException: Object reference not set to an instance of an object
CarryableRotation.Update () (at Assets/Scripts/Interaction/CarryableRotation.cs:20)
"
15:10:15.990,ERROR,Unity,"NullReferenceException: Object reference not set to an instance of an object
CarryableRotation.Update () (at Assets/Scripts/Interaction/CarryableRotation.cs:20)
"
15:10:16.007,INFO,Unity,maxJumpVelocity19.23077
15:10:16.007,ERROR,Unity,"NullReferenceException: Object reference not set to an instance of an object
CarryableRotation.Update () (at Assets/Scripts/Interaction/CarryableRotation.cs:20)
"
15:10:16.023,ERROR,Unity,"NullReferenceException: Object reference not set to an instance of an object
CarryableRotation.Update () (at Assets/Scripts/Interaction/CarryableRotation.cs:20)
"
15:10:16.037,ERROR,Unity,"NullReferenceException: Object reference not set to an instance of an object
CarryableRotation.Update () (at Assets/Scripts/Interaction/CarryableRotation.cs:20)
"
15:10:16.055,ERROR,Unity,"NullReferenceException: Object reference not set to an instance of an object
CarryableRotation.Update () (at Assets/Scripts/Interaction/CarryableRotation.cs:20)
"
15:10:16.069,ERROR,Unity,"NullReferenceException: Object reference not set to an instance of an object
CarryableRotation.Update () (at Assets/Scripts/Interaction/CarryableRotation.cs:20)
"
15:10:16.082,ERROR,Unity,"NullReferenceException: Object reference not set to an instance of an object
CarryableRotation.Update () (at Assets/Scripts/Interaction/CarryableRotation.cs:20)
"
15:10:16.097,ERROR,Unity,"NullReferenceException: Object reference not set to an instance of an object
CarryableRotation.Update () (at Assets/Scripts/Interaction/CarryableRotation.cs:20)
"
15:10:16.112,ERROR,Unity,"NullReferenceException: Object reference not set to an instance of an object
CarryableRotation.Update () (at Assets/Scripts/Interaction/CarryableRotation.cs:20)
"
15:10:16.127,ERROR,Unity,"NullReferenceException: Object reference not set to an instance of an object
CarryableRotation.Update () (at Assets/Scripts/Interaction/CarryableRotation.cs:20)
"
15:10:16.141,ERROR,Unity,"NullReferenceException: Object reference not set to an instance of an object
CarryableRotation.Update () (at Assets/Scripts/Interaction/CarryableRotation.cs:20)
"
15:10:16.155,ERROR,Unity,"NullReferenceException: Object reference not set to an instance of an object
CarryableRotation.Update () (at Assets/Scripts/Interaction/CarryableRotation.cs:20)
"
15:10:16.170,INFO,Unity,indexChamge
15:10:16.170,INFO,Unity,짐 1충돌
15:10:16.170,DEBUG,Carryable,"충돌로 인해 짐 떨어뜨림. Fall떨어트린 위치 : (20.41, -3.68, 0.00)"
15:10:16.171,INFO,Unity,Weight Update =0
15:10:16.173,ERROR,Unity,"NullReferenceException: Object reference not set to an instance of an object
CarryableRotation.Update () (at Assets/Scripts/Interaction/CarryableRotation.cs:20)
"
15:10:16.188,ERROR,Unity,"NullReferenceException: Object reference not set to an instance of an object
CarryableRotation.Update () (at Assets/Scripts/Interaction/CarryableRotation.cs:20)
"
15:10:16.201,ERROR,Unity,"NullReferenceException: Object reference not set to an instance of an object
CarryableRotation.Update () (at Assets/Scripts/Interaction/CarryableRotation.cs:20)
"
15:10:16.217,ERROR,Unity,"NullReferenceException: Object reference not set to an instance of an object
CarryableRotation.Update () (at Assets/Scripts/Interaction/CarryableRotation.cs:20)
"
15:10:16.232,ERROR,Unity,"NullReferenceException: Object reference not set to an instance of an object
CarryableRotation.Update () (at Assets/Scripts/Interaction/CarryableRotation.cs:20)
"
15:10:16.247,ERROR,Unity,"NullReferenceException: Object reference not set to an instance of an object
CarryableRotation.Update () (at Assets/Scripts/Interaction/CarryableRotation.cs:20)
"
15:10:16.268,ERROR,Unity,"NullReferenceException: Object reference not set to an instance of an object
CarryableRotation.Update () (at Assets/Scripts/Interaction/CarryableRotation.cs:20)
"
15:10:16.281,ERROR,Unity,"NullReferenceException: Object reference not set to an instance of an object
CarryableRotation.Update () (at Assets/Scripts/Interaction/CarryableRotation.cs:20)
"
15:10:16.296,ERROR,Unity,"NullReferenceException: Object reference not set to an instance of an object
CarryableRotation.Update () (at Assets/Scripts/Interaction/CarryableRotation.cs:20)
"
15:10:16.311,ERROR,Unity,"NullReferenceException: Object reference not set to an instance of an object
CarryableRotation.Update () (at Assets/Scripts/Interaction/CarryableRotation.cs:20)
"
15:10:16.326,ERROR,Unity,"NullReferenceException: Object reference not set to an instance of an object
CarryableRotation.Update () (at Assets/Scripts/Interaction/CarryableRotation.cs:20)
"
15:10:16.340,ERROR,Unity,"NullReferenceException: Object reference not set to an instance of an object
CarryableRotation.Update () (at Assets/Scripts/Interaction/CarryableRotation.cs:20)
"
15:10:16.355,ERROR,Unity,"NullReferenceException: Object reference not set to an instance of an object
CarryableRotation.Update () (at Assets/Scripts/Interaction/CarryableRotation.cs:20)
"
15:10:16.369,ERROR,Unity,"NullReferenceException: Object reference not set to an instance of an object
CarryableRotation.Update () (at Assets/Scripts/Interaction/CarryableRotation.cs:20)
"
15:10:16.384,ERROR,Unity,"NullReferenceException: Object reference not set to an instance of an object
CarryableRotation.Update () (at Assets/Scripts/Interaction/CarryableRotation.cs:20)
"
15:10:16.398,ERROR,Unity,"NullReferenceException: Object reference not set to an instance of an object
CarryableRotation.Update () (at Assets/Scripts/Interaction/CarryableRotation.cs:20)
"
15:10:16.413,ERROR,Unity,"NullReferenceException: Object reference not set to an instance of an object
CarryableRotation.Update () (at Assets/Scripts/Interaction/CarryableRotation.cs:20)
"
15:10:16.427,ERROR,Unity,"NullReferenceException: Object reference not set to an instance of an object
CarryableRotation.Update () (at Assets/Scripts/Interaction/CarryableRotation.cs:20)
"
15:10:16.441,ERROR,Unity,"NullReferenceException: Object reference not set to an instance of an object
CarryableRotation.Update () (at Assets/Scripts/Interaction/CarryableRotation.cs:20)
"
15:10:16.455,ERROR,Unity,"NullReferenceException: Object reference not set to an instance of an object
CarryableRotation.Update () (at Assets/Scripts/Interaction/CarryableRotation.cs:20)
"
15:10:16.472,ERROR,Unity,"NullReferenceException: Object reference not set to an instance of an object
CarryableRotation.Update () (at Assets/Scripts/Interaction/CarryableRotation.cs:20)
"
15:10:16.486,ERROR,Unity,"NullReferenceException: Object reference not set to an instance of an object
CarryableRotation.Update () (at Assets/Scripts/Interaction/CarryableRotation.cs:20)
"
15:10:16.500,ERROR,Unity,"NullReferenceException: Object reference not set to an instance of an object
CarryableRotation.Update () (at Assets/Scripts/Interaction/CarryableRotation.cs:20)
"
15:10:16.515,ERROR,Unity,"NullReferenceException: Object reference not set to an instance of an object
CarryableRotation.Update () (at Assets/Scripts/Interaction/CarryableRotation.cs:20)
"
15:10:16.528,ERROR,Unity,"NullReferenceException: Object reference not set to an instance of an object
CarryableRotation.Update () (at Assets/Scripts/Interaction/CarryableRotation.cs:20)
"
15:10:16.543,ERROR,Unity,"NullReferenceException: Object reference not set to an instance of an object
CarryableRotation.Update () (at Assets/Scripts/Interaction/CarryableRotation.cs:20)
"
15:10:16.557,ERROR,Unity,"NullReferenceException: Object reference not set to an instance of an object
CarryableRotation.Update () (at Assets/Scripts/Interaction/CarryableRotation.cs:20)
"
15:10:16.572,ERROR,Unity,"NullReferenceException: Object reference not set to an instance of an object
CarryableRotation.Update () (at Assets/Scripts/Interaction/CarryableRotation.cs:20)
"
15:10:16.586,ERROR,Unity,"NullReferenceException: Object reference not set to an instance of an object
CarryableRotation.Update () (at Assets/Scripts/Interaction/CarryableRotation.cs:20)
"
15:10:16.599,ERROR,Unity,"NullReferenceException: Object reference not set to an instance of an object
CarryableRotation.Update () (at Assets/Scripts/Interaction/CarryableRotation.cs:20)
"
15:10:16.615,INFO,Unity,사다리 점프
15:10:16.616,ERROR,Unity,"NullReferenceException: Object reference not set to an instance of an object
CarryableRotation.Update () (at Assets/Scripts/Interaction/CarryableRotation.cs:20)
"
15:10:16.632,ERROR,Unity,"NullReferenceException: Object reference not set to an instance of an object
CarryableRotation.Update () (at Assets/Scripts/Interaction/CarryableRotation.cs:20)
"
15:10:16.646,ERROR,Unity,"NullReferenceException: Object reference not set to an instance of an object
CarryableRotation.Update () (at Assets/Scripts/Interaction/CarryableRotation.cs:20)
"
15:10:16.661,ERROR,Unity,"NullReferenceException: Object reference not set to an instance of an object
CarryableRotation.Update () (at Assets/Scripts/Interaction/CarryableRotation.cs:20)
"
15:10:16.680,ERROR,Unity,"NullReferenceException: Object reference not set to an instance of an object
CarryableRotation.Update () (at Assets/Scripts/Interaction/CarryableRotation.cs:20)
"
15:10:16.694,ERROR,Unity,"NullReferenceException: Object reference not set to an instance of an object
CarryableRotation.Update () (at Assets/Scripts/Interaction/CarryableRotation.cs:20)
"
15:10:16.709,ERROR,Unity,"NullReferenceException: Object reference not set to an instance of an object
CarryableRotation.Update () (at Assets/Scripts/Interaction/CarryableRotation.cs:20)
"
15:10:16.723,ERROR,Unity,"NullReferenceException: Object reference not set to an instance of an object
CarryableRotation.Update () (at Assets/Scripts/Interaction/CarryableRotation.cs:20)
"
15:10:16.738,ERROR,Unity,"NullReferenceException: Object reference not set to an instance of an object
CarryableRotation.Update () (at Assets/Scripts/Interaction/CarryableRotation.cs:20)
"
15:10:16.751,ERROR,Unity,"NullReferenceException: Object reference not set to an instance of an object
CarryableRotation.Update () (at Assets/Scripts/Interaction/CarryableRotation.cs:20)
"
15:10:16.766,ERROR,Unity,"NullReferenceException: Object reference not set to an instance of an object
CarryableRotation.Update () (at Assets/Scripts/Interaction/CarryableRotation.cs:20)
"
15:10:16.781,ERROR,Unity,"NullReferenceException: Object reference not set to an instance of an object
CarryableRotation.Update () (at Assets/Scripts/Interaction/CarryableRotation.cs:20)
"
15:10:16.797,ERROR,Unity,"NullReferenceException: Object reference not set to an instance of an object
CarryableRotation.Update () (at Assets/Scripts/Interaction/CarryableRotation.cs:20)
"
15:10:16.816,ERROR,Unity,"NullReferenceException: Object reference not set to an instance of an object
CarryableRotation.Update () (at Assets/Scripts/Interaction/CarryableRotation.cs:20)
"
15:10:16.829,ERROR,Unity,"NullReferenceException: Object reference not set to an instance of an object
CarryableRotation.Update () (at Assets/Scripts/Interaction/CarryableRotation.cs:20)
"
15:10:16.844,ERROR,Unity,"NullReferenceException: Object reference not set to an instance of an object
CarryableRotation.Update () (at Assets/Scripts/Interaction/CarryableRotation.cs:20)
"
15:10:16.859,ERROR,Unity,"NullReferenceException: Object reference not set to an instance of an object
CarryableRotation.Update () (at Assets/Scripts/Interaction/CarryableRotation.cs:20)
"
15:10:16.873,ERROR,Unity,"NullReferenceException: Object reference not set to an instance of an object
CarryableRotation.Update () (at Assets/Scripts/Interaction/CarryableRotation.cs:20)
"
15:10:16.890,ERROR,Unity,"NullReferenceException: Object reference not set to an instance of an object
CarryableRotation.Update () (at Assets/Scripts/Interaction/CarryableRotation.cs:20)
"
15:10:16.904,ERROR,Unity,"NullReferenceException: Object reference not set to an instance of an object
CarryableRotation.Update () (at Assets/Scripts/Interaction/CarryableRotation.cs:20)
"
15:10:16.922,ERROR,Unity,"NullReferenceException: Object reference not set to an instance of an object
CarryableRotation.Update () (at Assets/Scripts/Interaction/CarryableRotation.cs:20)
"
15:10:16.937,ERROR,Unity,"NullReferenceException: Object reference not set to an instance of an object
CarryableRotation.Update () (at Assets/Scripts/Interaction/CarryableRotation.cs:20)
"
15:10:16.950,ERROR,Unity,"NullReferenceException: Object reference not set to an instance of an object
CarryableRotation.Update () (at Assets/Scripts/Interaction/CarryableRotation.cs:20)
"
15:10:16.965,ERROR,Unity,"NullReferenceException: Object reference not set to an instance of an object
CarryableRotation.Update () (at Assets/Scripts/Interaction/CarryableRotation.cs:20)
"
15:10:16.979,ERROR,Unity,"NullReferenceException: Object reference not set to an instance of an object
CarryableRotation.Update () (at Assets/Scripts/Interaction/CarryableRotation.cs:20)
"
15:10:16.993,ERROR,Unity,"NullReferenceException: Object reference not set to an instance of an object
CarryableRotation.Update () (at Assets/Scripts/Interaction/CarryableRotation.cs:20)
"
15:10:17.007,ERROR,Unity,"NullReferenceException: Object reference not set to an instance of an object
CarryableRotation.Update () (at Assets/Scripts/Interaction/CarryableRotation.cs:20)
"
15:10:17.021,ERROR,Unity,"NullReferenceException: Object reference not set to an instance of an object
CarryableRotation.Update () (at Assets/Scripts/Interaction/CarryableRotation.cs:20)
"
15:10:17.036,ERROR,Unity,"NullReferenceException: Object reference not set to an instance of an object
CarryableRotation.Update () (at Assets/Scripts/Interaction/CarryableRotation.cs:20)
"
15:10:17.050,ERROR,Unity,"NullReferenceException: Object reference not set to an instance of an object
CarryableRotation.Update () (at Assets/Scripts/Interaction/CarryableRotation.cs:20)
"
15:10:17.064,ERROR,Unity,"NullReferenceException: Object reference not set to an instance of an object
CarryableRotation.Update () (at Assets/Scripts/Interaction/CarryableRotation.cs:20)
"
15:10:17.079,ERROR,Unity,"NullReferenceException: Object reference not set to an instance of an object
CarryableRotation.Update () (at Assets/Scripts/Interaction/CarryableRotation.cs:20)
"
15:10:17.095,ERROR,Unity,"NullReferenceException: Object reference not set to an instance of an object
CarryableRotation.Update () (at Assets/Scripts/Interaction/CarryableRotation.cs:20)
"
15:10:17.109,ERROR,Unity,"NullReferenceException: Object reference not set to an instance of an object
CarryableRotation.Update () (at Assets/Scripts/Interaction/CarryableRotation.cs:20)
"
15:10:17.124,ERROR,Unity,"NullReferenceException: Object reference not set to an instance of an object
CarryableRotation.Update () (at Assets/Scripts/Interaction/CarryableRotation.cs:20)
"
15:10:17.137,ERROR,Unity,"NullReferenceException: Object reference not set to an instance of an object
CarryableRotation.Update () (at Assets/Scripts/Interaction/CarryableRotation.cs:20)
"
15:10:17.152,ERROR,Unity,"NullReferenceException: Object reference not set to an instance of an object
CarryableRotation.Update () (at Assets/Scripts/Interaction/CarryableRotation.cs:20)
"
15:10:17.166,ERROR,Unity,"NullReferenceException: Object reference not set to an instance of an object
CarryableRotation.Update () (at Assets/Scripts/Interaction/CarryableRotation.cs:20)
"
15:10:17.180,ERROR,Unity,"NullReferenceException: Object reference not set to an instance of an object
CarryableRotation.Update () (at Assets/Scripts/Interaction/CarryableRotation.cs:20)
"
15:10:17.193,ERROR,Unity,"NullReferenceException: Object reference not set to an instance of an object
CarryableRotation.Update () (at Assets/Scripts/Interaction/CarryableRotation.cs:20)
"
15:10:17.209,ERROR,Unity,"NullReferenceException: Object reference not set to an instance of an object
CarryableRotation.Update () (at Assets/Scripts/Interaction/CarryableRotation.cs:20)
"
15:10:17.223,ERROR,Unity,"NullReferenceException: Object reference not set to an instance of an object
CarryableRotation.Update () (at Assets/Scripts/Interaction/CarryableRotation.cs:20)
"
15:10:17.237,ERROR,Unity,"NullReferenceException: Object reference not set to an instance of an object
CarryableRotation.Update () (at Assets/Scripts/Interaction/CarryableRotation.cs:20)
"
15:10:17.251,ERROR,Unity,"NullReferenceException: Object reference not set to an instance of an object
CarryableRotation.Update () (at Assets/Scripts/Interaction/CarryableRotation.cs:20)
"
15:10:17.265,ERROR,Unity,"NullReferenceException: Object reference not set to an instance of an object
CarryableRotation.Update () (at Assets/Scripts/Interaction/CarryableRotation.cs:20)
"
15:10:17.279,ERROR,Unity,"NullReferenceException: Object reference not set to an instance of an object
CarryableRotation.Update () (at Assets/Scripts/Interaction/CarryableRotation.cs:20)
"
15:10:17.297,ERROR,Unity,"NullReferenceException: Object reference not set to an instance of an object
CarryableRotation.Update () (at Assets/Scripts/Interaction/CarryableRotation.cs:20)
"
15:10:17.311,ERROR,Unity,"NullReferenceException: Object reference not set to an instance of an object
CarryableRotation.Update () (at Assets/Scripts/Interaction/CarryableRotation.cs:20)
"
15:10:17.325,ERROR,Unity,"NullReferenceException: Object reference not set to an instance of an object
CarryableRotation.Update () (at Assets/Scripts/Interaction/CarryableRotation.cs:20)
"
15:10:17.340,ERROR,Unity,"NullReferenceException: Object reference not set to an instance of an object
CarryableRotation.Update () (at Assets/Scripts/Interaction/CarryableRotation.cs:20)
"
15:10:17.353,ERROR,Unity,"NullReferenceException: Object reference not set to an instance of an object
CarryableRotation.Update () (at Assets/Scripts/Interaction/CarryableRotation.cs:20)
"
15:10:17.367,ERROR,Unity,"NullReferenceException: Object reference not set to an instance of an object
CarryableRotation.Update () (at Assets/Scripts/Interaction/CarryableRotation.cs:20)
"
15:10:17.383,ERROR,Unity,"NullReferenceException: Object reference not set to an instance of an object
CarryableRotation.Update () (at Assets/Scripts/Interaction/CarryableRotation.cs:20)
"
15:10:17.397,ERROR,Unity,"NullReferenceException: Object reference not set to an instance of an object
CarryableRotation.Update () (at Assets/Scripts/Interaction/CarryableRotation.cs:20)
"
15:10:17.412,ERROR,Unity,"NullReferenceException: Object reference not set to an instance of an object
CarryableRotation.Update () (at Assets/Scripts/Interaction/CarryableRotation.cs:20)
"
15:10:17.425,ERROR,Unity,"NullReferenceException: Object reference not set to an instance of an object
CarryableRotation.Update () (at Assets/Scripts/Interaction/CarryableRotation.cs:20)
"
15:10:17.440,ERROR,Unity,"NullReferenceException: Object reference not set to an instance of an object
CarryableRotation.Update () (at Assets/Scripts/Interaction/CarryableRotation.cs:20)
"
15:10:17.454,ERROR,Unity,"NullReferenceException: Object reference not set to an instance of an object
CarryableRotation.Update () (at Assets/Scripts/Interaction/CarryableRotation.cs:20)
"
15:10:17.469,ERROR,Unity,"NullReferenceException: Object reference not set to an instance of an object
CarryableRotation.Update () (at Assets/Scripts/Interaction/CarryableRotation.cs:20)
"
15:10:17.483,ERROR,Unity,"NullReferenceException: Object reference not set to an instance of an object
CarryableRotation.Update () (at Assets/Scripts/Interaction/CarryableRotation.cs:20)
"
15:10:17.499,ERROR,Unity,"NullReferenceException: Object reference not set to an instance of an object
CarryableRotation.Update () (at Assets/Scripts/Interaction/CarryableRotation.cs:20)
"
15:10:17.520,ERROR,Unity,"NullReferenceException: Object reference not set to an instance of an object
CarryableRotation.Update () (at Assets/Scripts/Interaction/CarryableRotation.cs:20)
"
15:10:17.533,ERROR,Unity,"NullReferenceException: Object reference not set to an instance of an object
CarryableRotation.Update () (at Assets/Scripts/Interaction/CarryableRotation.cs:20)
"
15:10:17.550,ERROR,Unity,"NullReferenceException: Object reference not set to an instance of an object
CarryableRotation.Update () (at Assets/Scripts/Interaction/CarryableRotation.cs:20)
"
15:10:17.564,ERROR,Unity,"NullReferenceException: Object reference not set to an instance of an object
CarryableRotation.Update () (at Assets/Scripts/Interaction/CarryableRotation.cs:20)
"
15:10:17.579,ERROR,Unity,"NullReferenceException: Object reference not set to an instance of an object
CarryableRotation.Update () (at Assets/Scripts/Interaction/CarryableRotation.cs:20)
"
15:10:17.593,INFO,Unity,maxJumpVelocity20
15:10:17.595,ERROR,Unity,"NullReferenceException: Object reference not set to an instance of an object
CarryableRotation.Update () (at Assets/Scripts/Interaction/CarryableRotation.cs:20)
"
15:10:17.611,ERROR,Unity,"NullReferenceException: Object reference not set to an instance of an object
CarryableRotation.Update () (at Assets/Scripts/Interaction/CarryableRotation.cs:20)
"
15:10:17.629,ERROR,Unity,"NullReferenceException: Object reference not set to an instance of an object
CarryableRotation.Update () (at Assets/Scripts/Interaction/CarryableRotation.cs:20)
"
15:10:17.648,ERROR,Unity,"NullReferenceException: Object reference not set to an instance of an object
CarryableRotation.Update () (at Assets/Scripts/Interaction/CarryableRotation.cs:20)
"
15:10:17.662,ERROR,Unity,"NullReferenceException: Object reference not set to an instance of an object
CarryableRotation.Update () (at Assets/Scripts/Interaction/CarryableRotation.cs:20)
"
15:10:17.677,ERROR,Unity,"NullReferenceException: Object reference not set to an instance of an object
CarryableRotation.Update () (at Assets/Scripts/Interaction/CarryableRotation.cs:20)
"
15:10:17.691,ERROR,Unity,"NullReferenceException: Object reference not set to an instance of an object
CarryableRotation.Update () (at Assets/Scripts/Interaction/CarryableRotation.cs:20)
"
15:10:17.707,ERROR,Unity,"NullReferenceException: Object reference not set to an instance of an object
CarryableRotation.Update () (at Assets/Scripts/Interaction/CarryableRotation.cs:20)
"
15:10:17.722,ERROR,Unity,"NullReferenceException: Object reference not set to an instance of an object
CarryableRotation.Update () (at Assets/Scripts/Interaction/CarryableRotation.cs:20)
"
15:10:17.737,ERROR,Unity,"NullReferenceException: Object reference not set to an instance of an object
CarryableRotation.Update () (at Assets/Scripts/Interaction/CarryableRotation.cs:20)
"
15:10:17.750,ERROR,Unity,"NullReferenceException: Object reference not set to an instance of an object
CarryableRotation.Update () (at Assets/Scripts/Interaction/CarryableRotation.cs:20)
"
15:10:17.766,ERROR,Unity,"NullReferenceException: Object reference not set to an instance of an object
CarryableRotation.Update () (at Assets/Scripts/Interaction/CarryableRotation.cs:20)
"
15:10:17.781,ERROR,Unity,"NullReferenceException: Object reference not set to an instance of an object
CarryableRotation.Update () (at Assets/Scripts/Interaction/CarryableRotation.cs:20)
"
15:10:17.795,ERROR,Unity,"NullReferenceException: Object reference not set to an instance of an object
CarryableRotation.Update () (at Assets/Scripts/Interaction/CarryableRotation.cs:20)
"
15:10:17.809,ERROR,Unity,"NullReferenceException: Object reference not set to an instance of an object
CarryableRotation.Update () (at Assets/Scripts/Interaction/CarryableRotation.cs:20)
"
15:10:17.824,ERROR,Unity,"NullReferenceException: Object reference not set to an instance of an object
CarryableRotation.Update () (at Assets/Scripts/Interaction/CarryableRotation.cs:20)
"
15:10:17.837,ERROR,Unity,"NullReferenceException: Object reference not set to an instance of an object
CarryableRotation.Update () (at Assets/Scripts/Interaction/CarryableRotation.cs:20)
"
15:10:17.852,ERROR,Unity,"NullReferenceException: Object reference not set to an instance of an object
CarryableRotation.Update () (at Assets/Scripts/Interaction/CarryableRotation.cs:20)
"
15:10:17.867,ERROR,Unity,"NullReferenceException: Object reference not set to an instance of an object
CarryableRotation.Update () (at Assets/Scripts/Interaction/CarryableRotation.cs:20)
"
15:10:17.882,ERROR,Unity,"NullReferenceException: Object reference not set to an instance of an object
CarryableRotation.Update () (at Assets/Scripts/Interaction/CarryableRotation.cs:20)
"
15:10:17.895,ERROR,Unity,"NullReferenceException: Object reference not set to an instance of an object
CarryableRotation.Update () (at Assets/Scripts/Interaction/CarryableRotation.cs:20)
"
15:10:17.912,ERROR,Unity,"NullReferenceException: Object reference not set to an instance of an object
CarryableRotation.Update () (at Assets/Scripts/Interaction/CarryableRotation.cs:20)
"
15:10:17.928,ERROR,Unity,"NullReferenceException: Object reference not set to an instance of an object
CarryableRotation.Update () (at Assets/Scripts/Interaction/CarryableRotation.cs:20)
"
15:10:17.942,ERROR,Unity,"NullReferenceException: Object reference not set to an instance of an object
CarryableRotation.Update () (at Assets/Scripts/Interaction/CarryableRotation.cs:20)
"
15:10:17.956,ERROR,Unity,"NullReferenceException: Object reference not set to an instance of an object
CarryableRotation.Update () (at Assets/Scripts/Interaction/CarryableRotation.cs:20)
"
15:10:17.970,ERROR,Unity,"NullReferenceException: Object reference not set to an instance of an object
CarryableRotation.Update () (at Assets/Scripts/Interaction/CarryableRotation.cs:20)
"
15:10:17.985,ERROR,Unity,"NullReferenceException: Object reference not set to an instance of an object
CarryableRotation.Update () (at Assets/Scripts/Interaction/CarryableRotation.cs:20)
"
15:10:17.999,ERROR,Unity,"NullReferenceException: Object reference not set to an instance of an object
CarryableRotation.Update () (at Assets/Scripts/Interaction/CarryableRotation.cs:20)
"
15:10:18.012,ERROR,Unity,"NullReferenceException: Object reference not set to an instance of an object
CarryableRotation.Update () (at Assets/Scripts/Interaction/CarryableRotation.cs:20)
"
15:10:18.027,ERROR,Unity,"NullReferenceException: Object reference not set to an instance of an object
CarryableRotation.Update () (at Assets/Scripts/Interaction/CarryableRotation.cs:20)
"
15:10:18.042,ERROR,Unity,"NullReferenceException: Object reference not set to an instance of an object
CarryableRotation.Update () (at Assets/Scripts/Interaction/CarryableRotation.cs:20)
"
15:10:18.055,ERROR,Unity,"NullReferenceException: Object reference not set to an instance of an object
CarryableRotation.Update () (at Assets/Scripts/Interaction/CarryableRotation.cs:20)
"
15:10:18.070,ERROR,Unity,"NullReferenceException: Object reference not set to an instance of an object
CarryableRotation.Update () (at Assets/Scripts/Interaction/CarryableRotation.cs:20)
"
15:10:18.084,ERROR,Unity,"NullReferenceException: Object reference not set to an instance of an object
CarryableRotation.Update () (at Assets/Scripts/Interaction/CarryableRotation.cs:20)
"
15:10:18.099,ERROR,Unity,"NullReferenceException: Object reference not set to an instance of an object
CarryableRotation.Update () (at Assets/Scripts/Interaction/CarryableRotation.cs:20)
"
15:10:18.119,ERROR,Unity,"NullReferenceException: Object reference not set to an instance of an object
CarryableRotation.Update () (at Assets/Scripts/Interaction/CarryableRotation.cs:20)
"
15:10:18.138,ERROR,Unity,"NullReferenceException: Object reference not set to an instance of an object
CarryableRotation.Update () (at Assets/Scripts/Interaction/CarryableRotation.cs:20)
"
15:10:18.153,ERROR,Unity,"NullReferenceException: Object reference not set to an instance of an object
CarryableRotation.Update () (at Assets/Scripts/Interaction/CarryableRotation.cs:20)
"
15:10:18.169,ERROR,Unity,"NullReferenceException: Object reference not set to an instance of an object
CarryableRotation.Update () (at Assets/Scripts/Interaction/CarryableRotation.cs:20)
"
15:10:18.183,ERROR,Unity,"NullReferenceException: Object reference not set to an instance of an object
CarryableRotation.Update () (at Assets/Scripts/Interaction/CarryableRotation.cs:20)
"
15:10:18.198,ERROR,Unity,"NullReferenceException: Object reference not set to an instance of an object
CarryableRotation.Update () (at Assets/Scripts/Interaction/CarryableRotation.cs:20)
"
15:10:18.212,ERROR,Unity,"NullReferenceException: Object reference not set to an instance of an object
CarryableRotation.Update () (at Assets/Scripts/Interaction/CarryableRotation.cs:20)
"
15:10:18.226,ERROR,Unity,"NullReferenceException: Object reference not set to an instance of an object
CarryableRotation.Update () (at Assets/Scripts/Interaction/CarryableRotation.cs:20)
"
15:10:18.241,ERROR,Unity,"NullReferenceException: Object reference not set to an instance of an object
CarryableRotation.Update () (at Assets/Scripts/Interaction/CarryableRotation.cs:20)
"
15:10:18.255,ERROR,Unity,"NullReferenceException: Object reference not set to an instance of an object
CarryableRotation.Update () (at Assets/Scripts/Interaction/CarryableRotation.cs:20)
"
15:10:18.270,ERROR,Unity,"NullReferenceException: Object reference not set to an instance of an object
CarryableRotation.Update () (at Assets/Scripts/Interaction/CarryableRotation.cs:20)
"
15:10:18.283,ERROR,Unity,"NullReferenceException: Object reference not set to an instance of an object
CarryableRotation.Update () (at Assets/Scripts/Interaction/CarryableRotation.cs:20)
"
15:10:18.297,ERROR,Unity,"NullReferenceException: Object reference not set to an instance of an object
CarryableRotation.Update () (at Assets/Scripts/Interaction/CarryableRotation.cs:20)
"
15:10:18.311,ERROR,Unity,"NullReferenceException: Object reference not set to an instance of an object
CarryableRotation.Update () (at Assets/Scripts/Interaction/CarryableRotation.cs:20)
"
15:10:18.328,ERROR,Unity,"NullReferenceException: Object reference not set to an instance of an object
CarryableRotation.Update () (at Assets/Scripts/Interaction/CarryableRotation.cs:20)
"
15:10:18.342,ERROR,Unity,"NullReferenceException: Object reference not set to an instance of an object
CarryableRotation.Update () (at Assets/Scripts/Interaction/CarryableRotation.cs:20)
"
15:10:18.358,ERROR,Unity,"NullReferenceException: Object reference not set to an instance of an object
CarryableRotation.Update () (at Assets/Scripts/Interaction/CarryableRotation.cs:20)
"
15:10:18.372,ERROR,Unity,"NullReferenceException: Object reference not set to an instance of an object
CarryableRotation.Update () (at Assets/Scripts/Interaction/CarryableRotation.cs:20)
"
15:10:18.385,ERROR,Unity,"NullReferenceException: Object reference not set to an instance of an object
CarryableRotation.Update () (at Assets/Scripts/Interaction/CarryableRotation.cs:20)
"
15:10:18.400,ERROR,Unity,"NullReferenceException: Object reference not set to an instance of an object
CarryableRotation.Update () (at Assets/Scripts/Interaction/CarryableRotation.cs:20)
"
15:10:18.415,ERROR,Unity,"NullReferenceException: Object reference not set to an instance of an object
CarryableRotation.Update () (at Assets/Scripts/Interaction/CarryableRotation.cs:20)
"
15:10:18.429,ERROR,Unity,"NullReferenceException: Object reference not set to an instance of an object
CarryableRotation.Update () (at Assets/Scripts/Interaction/CarryableRotation.cs:20)
"
15:10:18.444,ERROR,Unity,"NullReferenceException: Object reference not set to an instance of an object
CarryableRotation.Update () (at Assets/Scripts/Interaction/CarryableRotation.cs:20)
"
15:10:18.457,ERROR,Unity,"NullReferenceException: Object reference not set to an instance of an object
CarryableRotation.Update () (at Assets/Scripts/Interaction/CarryableRotation.cs:20)
"
15:10:18.473,ERROR,Unity,"NullReferenceException: Object reference not set to an instance of an object
CarryableRotation.Update () (at Assets/Scripts/Interaction/CarryableRotation.cs:20)
"
15:10:18.486,ERROR,Unity,"NullReferenceException: Object reference not set to an instance of an object
CarryableRotation.Update () (at Assets/Scripts/Interaction/CarryableRotation.cs:20)
"
15:10:18.501,ERROR,Unity,"NullReferenceException: Object reference not set to an instance of an object
CarryableRotation.Update () (at Assets/Scripts/Interaction/CarryableRotation.cs:20)
"
15:10:18.517,ERROR,Unity,"NullReferenceException: Object reference not set to an instance of an object
CarryableRotation.Update () (at Assets/Scripts/Interaction/CarryableRotation.cs:20)
"
15:10:18.533,ERROR,Unity,"NullReferenceException: Object reference not set to an instance of an object
CarryableRotation.Update () (at Assets/Scripts/Interaction/CarryableRotation.cs:20)
"
15:10:18.548,ERROR,Unity,"NullReferenceException: Object reference not set to an instance of an object
CarryableRotation.Update () (at Assets/Scripts/Interaction/CarryableRotation.cs:20)
"
15:10:18.561,ERROR,Unity,"NullReferenceException: Object reference not set to an instance of an object
CarryableRotation.Update () (at Assets/Scripts/Interaction/CarryableRotation.cs:20)
"
15:10:18.576,ERROR,Unity,"NullReferenceException: Object reference not set to an instance of an object
CarryableRotation.Update () (at Assets/Scripts/Interaction/CarryableRotation.cs:20)
"
15:10:18.590,ERROR,Unity,"NullReferenceException: Object reference not set to an instance of an object
CarryableRotation.Update () (at Assets/Scripts/Interaction/CarryableRotation.cs:20)
"
15:10:18.606,ERROR,Unity,"NullReferenceException: Object reference not set to an instance of an object
CarryableRotation.Update () (at Assets/Scripts/Interaction/CarryableRotation.cs:20)
"
15:10:18.621,ERROR,Unity,"NullReferenceException: Object reference not set to an instance of an object
CarryableRotation.Update () (at Assets/Scripts/Interaction/CarryableRotation.cs:20)
"
15:10:18.634,ERROR,Unity,"NullReferenceException: Object reference not set to an instance of an object
CarryableRotation.Update () (at Assets/Scripts/Interaction/CarryableRotation.cs:20)
"
15:10:18.649,ERROR,Unity,"NullReferenceException: Object reference not set to an instance of an object
CarryableRotation.Update () (at Assets/Scripts/Interaction/CarryableRotation.cs:20)
"
15:10:18.663,ERROR,Unity,"NullReferenceException: Object reference not set to an instance of an object
CarryableRotation.Update () (at Assets/Scripts/Interaction/CarryableRotation.cs:20)
"
15:10:18.678,ERROR,Unity,"NullReferenceException: Object reference not set to an instance of an object
CarryableRotation.Update () (at Assets/Scripts/Interaction/CarryableRotation.cs:20)
"
15:10:18.692,ERROR,Unity,"NullReferenceException: Object reference not set to an instance of an object
CarryableRotation.Update () (at Assets/Scripts/Interaction/CarryableRotation.cs:20)
"
15:10:18.706,ERROR,Unity,"NullReferenceException: Object reference not set to an instance of an object
CarryableRotation.Update () (at Assets/Scripts/Interaction/CarryableRotation.cs:20)
"
15:10:18.720,ERROR,Unity,"NullReferenceException: Object reference not set to an instance of an object
CarryableRotation.Update () (at Assets/Scripts/Interaction/CarryableRotation.cs:20)
"
15:10:18.741,ERROR,Unity,"NullReferenceException: Object reference not set to an instance of an object
CarryableRotation.Update () (at Assets/Scripts/Interaction/CarryableRotation.cs:20)
"
15:10:18.758,ERROR,Unity,"NullReferenceException: Object reference not set to an instance of an object
CarryableRotation.Update () (at Assets/Scripts/Interaction/CarryableRotation.cs:20)
"
15:10:18.772,ERROR,Unity,"NullReferenceException: Object reference not set to an instance of an object
CarryableRotation.Update () (at Assets/Scripts/Interaction/CarryableRotation.cs:20)
"
15:10:18.787,ERROR,Unity,"NullReferenceException: Object reference not set to an instance of an object
CarryableRotation.Update () (at Assets/Scripts/Interaction/CarryableRotation.cs:20)
"
15:10:18.801,ERROR,Unity,"NullReferenceException: Object reference not set to an instance of an object
CarryableRotation.Update () (at Assets/Scripts/Interaction/CarryableRotation.cs:20)
"
15:10:18.815,ERROR,Unity,"NullReferenceException: Object reference not set to an instance of an object
CarryableRotation.Update () (at Assets/Scripts/Interaction/CarryableRotation.cs:20)
"
15:10:18.830,ERROR,Unity,"NullReferenceException: Object reference not set to an instance of an object
CarryableRotation.Update () (at Assets/Scripts/Interaction/CarryableRotation.cs:20)
"
15:10:18.844,ERROR,Unity,"NullReferenceException: Object reference not set to an instance of an object
CarryableRotation.Update () (at Assets/Scripts/Interaction/CarryableRotation.cs:20)
"
15:10:18.858,ERROR,Unity,"NullReferenceException: Object reference not set to an instance of an object
CarryableRotation.Update () (at Assets/Scripts/Interaction/CarryableRotation.cs:20)
"
15:10:18.873,ERROR,Unity,"NullReferenceException: Object reference not set to an instance of an object
CarryableRotation.Update () (at Assets/Scripts/Interaction/CarryableRotation.cs:20)
"
15:10:18.888,ERROR,Unity,"NullReferenceException: Object reference not set to an instance of an object
CarryableRotation.Update () (at Assets/Scripts/Interaction/CarryableRotation.cs:20)
"
15:10:18.902,ERROR,Unity,"NullReferenceException: Object reference not set to an instance of an object
CarryableRotation.Update () (at Assets/Scripts/Interaction/CarryableRotation.cs:20)
"
15:10:18.916,ERROR,Unity,"NullReferenceException: Object reference not set to an instance of an object
CarryableRotation.Update () (at Assets/Scripts/Interaction/CarryableRotation.cs:20)
"
15:10:18.931,ERROR,Unity,"NullReferenceException: Object reference not set to an instance of an object
CarryableRotation.Update () (at Assets/Scripts/Interaction/CarryableRotation.cs:20)
"
15:10:18.948,ERROR,Unity,"NullReferenceException: Object reference not set to an instance of an object
CarryableRotation.Update () (at Assets/Scripts/Interaction/CarryableRotation.cs:20)
"
15:10:18.963,DEBUG,BathController,����ũ�� �۵���Ű�� ������ ���� ä��� �����޻�
15:10:18.964,ERROR,Unity,"NullReferenceException: Object reference not set to an instance of an object
CarryableRotation.Update () (at Assets/Scripts/Interaction/CarryableRotation.cs:20)
"
15:10:18.980,ERROR,Unity,"NullReferenceException: Object reference not set to an instance of an object
CarryableRotation.Update () (at Assets/Scripts/Interaction/CarryableRotation.cs:20)
"
15:10:18.996,ERROR,Unity,"NullReferenceException: Object reference not set to an instance of an object
CarryableRotation.Update () (at Assets/Scripts/Interaction/CarryableRotation.cs:20)
"
15:10:19.011,ERROR,Unity,"NullReferenceException: Object reference not set to an instance of an object
CarryableRotation.Update () (at Assets/Scripts/Interaction/CarryableRotation.cs:20)
"
15:10:19.025,ERROR,Unity,"NullReferenceException: Object reference not set to an instance of an object
CarryableRotation.Update () (at Assets/Scripts/Interaction/CarryableRotation.cs:20)
"
15:10:19.043,ERROR,Unity,"NullReferenceException: Object reference not set to an instance of an object
CarryableRotation.Update () (at Assets/Scripts/Interaction/CarryableRotation.cs:20)
"
15:10:19.061,ERROR,Unity,"NullReferenceException: Object reference not set to an instance of an object
CarryableRotation.Update () (at Assets/Scripts/Interaction/CarryableRotation.cs:20)
"
15:10:19.078,ERROR,Unity,"NullReferenceException: Object reference not set to an instance of an object
CarryableRotation.Update () (at Assets/Scripts/Interaction/CarryableRotation.cs:20)
"
15:10:19.092,ERROR,Unity,"NullReferenceException: Object reference not set to an instance of an object
CarryableRotation.Update () (at Assets/Scripts/Interaction/CarryableRotation.cs:20)
"
15:10:19.107,ERROR,Unity,"NullReferenceException: Object reference not set to an instance of an object
CarryableRotation.Update () (at Assets/Scripts/Interaction/CarryableRotation.cs:20)
"
15:10:19.123,ERROR,Unity,"NullReferenceException: Object reference not set to an instance of an object
CarryableRotation.Update () (at Assets/Scripts/Interaction/CarryableRotation.cs:20)
"
15:10:19.138,ERROR,Unity,"NullReferenceException: Object reference not set to an instance of an object
CarryableRotation.Update () (at Assets/Scripts/Interaction/CarryableRotation.cs:20)
"
15:10:19.158,ERROR,Unity,"NullReferenceException: Object reference not set to an instance of an object
CarryableRotation.Update () (at Assets/Scripts/Interaction/CarryableRotation.cs:20)
"
15:10:19.173,ERROR,Unity,"NullReferenceException: Object reference not set to an instance of an object
CarryableRotation.Update () (at Assets/Scripts/Interaction/CarryableRotation.cs:20)
"
15:10:19.187,ERROR,Unity,"NullReferenceException: Object reference not set to an instance of an object
CarryableRotation.Update () (at Assets/Scripts/Interaction/CarryableRotation.cs:20)
"
15:10:19.202,ERROR,Unity,"NullReferenceException: Object reference not set to an instance of an object
CarryableRotation.Update () (at Assets/Scripts/Interaction/CarryableRotation.cs:20)
"
15:10:19.217,ERROR,Unity,"NullReferenceException: Object reference not set to an instance of an object
CarryableRotation.Update () (at Assets/Scripts/Interaction/CarryableRotation.cs:20)
"
15:10:19.231,ERROR,Unity,"NullReferenceException: Object reference not set to an instance of an object
CarryableRotation.Update () (at Assets/Scripts/Interaction/CarryableRotation.cs:20)
"
15:10:19.246,ERROR,Unity,"NullReferenceException: Object reference not set to an instance of an object
CarryableRotation.Update () (at Assets/Scripts/Interaction/CarryableRotation.cs:20)
"
15:10:19.261,ERROR,Unity,"NullReferenceException: Object reference not set to an instance of an object
CarryableRotation.Update () (at Assets/Scripts/Interaction/CarryableRotation.cs:20)
"
15:10:19.275,ERROR,Unity,"NullReferenceException: Object reference not set to an instance of an object
CarryableRotation.Update () (at Assets/Scripts/Interaction/CarryableRotation.cs:20)
"
15:10:19.290,ERROR,Unity,"NullReferenceException: Object reference not set to an instance of an object
CarryableRotation.Update () (at Assets/Scripts/Interaction/CarryableRotation.cs:20)
"
15:10:19.304,ERROR,Unity,"NullReferenceException: Object reference not set to an instance of an object
CarryableRotation.Update () (at Assets/Scripts/Interaction/CarryableRotation.cs:20)
"
15:10:19.320,ERROR,Unity,"NullReferenceException: Object reference not set to an instance of an object
CarryableRotation.Update () (at Assets/Scripts/Interaction/CarryableRotation.cs:20)
"
15:10:19.333,ERROR,Unity,"NullReferenceException: Object reference not set to an instance of an object
CarryableRotation.Update () (at Assets/Scripts/Interaction/CarryableRotation.cs:20)
"
15:10:19.348,ERROR,Unity,"NullReferenceException: Object reference not set to an instance of an object
CarryableRotation.Update () (at Assets/Scripts/Interaction/CarryableRotation.cs:20)
"
15:10:19.365,ERROR,Unity,"NullReferenceException: Object reference not set to an instance of an object
CarryableRotation.Update () (at Assets/Scripts/Interaction/CarryableRotation.cs:20)
"
15:10:19.380,ERROR,Unity,"NullReferenceException: Object reference not set to an instance of an object
CarryableRotation.Update () (at Assets/Scripts/Interaction/CarryableRotation.cs:20)
"
15:10:19.393,ERROR,Unity,"NullReferenceException: Object reference not set to an instance of an object
CarryableRotation.Update () (at Assets/Scripts/Interaction/CarryableRotation.cs:20)
"
15:10:19.409,ERROR,Unity,"NullReferenceException: Object reference not set to an instance of an object
CarryableRotation.Update () (at Assets/Scripts/Interaction/CarryableRotation.cs:20)
"
15:10:19.423,ERROR,Unity,"NullReferenceException: Object reference not set to an instance of an object
CarryableRotation.Update () (at Assets/Scripts/Interaction/CarryableRotation.cs:20)
"
15:10:19.438,ERROR,Unity,"NullReferenceException: Object reference not set to an instance of an object
CarryableRotation.Update () (at Assets/Scripts/Interaction/CarryableRotation.cs:20)
"
15:10:19.452,ERROR,Unity,"NullReferenceException: Object reference not set to an instance of an object
CarryableRotation.Update () (at Assets/Scripts/Interaction/CarryableRotation.cs:20)
"
15:10:19.466,ERROR,Unity,"NullReferenceException: Object reference not set to an instance of an object
CarryableRotation.Update () (at Assets/Scripts/Interaction/CarryableRotation.cs:20)
"
15:10:19.481,ERROR,Unity,"NullReferenceException: Object reference not set to an instance of an object
CarryableRotation.Update () (at Assets/Scripts/Interaction/CarryableRotation.cs:20)
"
15:10:19.495,ERROR,Unity,"NullReferenceException: Object reference not set to an instance of an object
CarryableRotation.Update () (at Assets/Scripts/Interaction/CarryableRotation.cs:20)
"
15:10:19.509,ERROR,Unity,"NullReferenceException: Object reference not set to an instance of an object
CarryableRotation.Update () (at Assets/Scripts/Interaction/CarryableRotation.cs:20)
"
15:10:19.525,ERROR,Unity,"NullReferenceException: Object reference not set to an instance of an object
CarryableRotation.Update () (at Assets/Scripts/Interaction/CarryableRotation.cs:20)
"
15:10:19.542,ERROR,Unity,"NullReferenceException: Object reference not set to an instance of an object
CarryableRotation.Update () (at Assets/Scripts/Interaction/CarryableRotation.cs:20)
"
15:10:19.556,ERROR,Unity,"NullReferenceException: Object reference not set to an instance of an object
CarryableRotation.Update () (at Assets/Scripts/Interaction/CarryableRotation.cs:20)
"
15:10:19.573,ERROR,Unity,"NullReferenceException: Object reference not set to an instance of an object
CarryableRotation.Update () (at Assets/Scripts/Interaction/CarryableRotation.cs:20)
"
15:10:19.587,ERROR,Unity,"NullReferenceException: Object reference not set to an instance of an object
CarryableRotation.Update () (at Assets/Scripts/Interaction/CarryableRotation.cs:20)
"
15:10:19.603,DEBUG,BathController,�̹� �� ���� ��
15:10:19.604,DEBUG,PlayerCarrying,집기 조작샴푸 (UnityEngine.BoxCollider2D)
15:10:19.605,INFO,Unity,_focus is null
15:10:19.605,INFO,Unity,Weight Update =0
15:10:19.606,INFO,Unity,Weight Update2 =1
15:10:19.606,ERROR,Unity,"NullReferenceException: Object reference not set to an instance of an object
CarryableRotation.Update () (at Assets/Scripts/Interaction/CarryableRotation.cs:20)
"
15:10:19.622,ERROR,Unity,"NullReferenceException: Object reference not set to an instance of an object
CarryableRotation.Update () (at Assets/Scripts/Interaction/CarryableRotation.cs:20)
"
15:10:19.637,ERROR,Unity,"NullReferenceException: Object reference not set to an instance of an object
CarryableRotation.Update () (at Assets/Scripts/Interaction/CarryableRotation.cs:20)
"
15:10:19.652,ERROR,Unity,"NullReferenceException: Object reference not set to an instance of an object
CarryableRotation.Update () (at Assets/Scripts/Interaction/CarryableRotation.cs:20)
"
15:10:19.666,ERROR,Unity,"NullReferenceException: Object reference not set to an instance of an object
CarryableRotation.Update () (at Assets/Scripts/Interaction/CarryableRotation.cs:20)
"
15:10:19.680,ERROR,Unity,"NullReferenceException: Object reference not set to an instance of an object
CarryableRotation.Update () (at Assets/Scripts/Interaction/CarryableRotation.cs:20)
"
15:10:19.696,ERROR,Unity,"NullReferenceException: Object reference not set to an instance of an object
CarryableRotation.Update () (at Assets/Scripts/Interaction/CarryableRotation.cs:20)
"
15:10:19.710,ERROR,Unity,"NullReferenceException: Object reference not set to an instance of an object
CarryableRotation.Update () (at Assets/Scripts/Interaction/CarryableRotation.cs:20)
"
15:10:19.726,ERROR,Unity,"NullReferenceException: Object reference not set to an instance of an object
CarryableRotation.Update () (at Assets/Scripts/Interaction/CarryableRotation.cs:20)
"
15:10:19.741,ERROR,Unity,"NullReferenceException: Object reference not set to an instance of an object
CarryableRotation.Update () (at Assets/Scripts/Interaction/CarryableRotation.cs:20)
"
15:10:19.755,ERROR,Unity,"NullReferenceException: Object reference not set to an instance of an object
CarryableRotation.Update () (at Assets/Scripts/Interaction/CarryableRotation.cs:20)
"
15:10:19.770,ERROR,Unity,"NullReferenceException: Object reference not set to an instance of an object
CarryableRotation.Update () (at Assets/Scripts/Interaction/CarryableRotation.cs:20)
"
15:10:19.789,ERROR,Unity,"NullReferenceException: Object reference not set to an instance of an object
CarryableRotation.Update () (at Assets/Scripts/Interaction/CarryableRotation.cs:20)
"
15:10:19.804,ERROR,Unity,"NullReferenceException: Object reference not set to an instance of an object
CarryableRotation.Update () (at Assets/Scripts/Interaction/CarryableRotation.cs:20)
"
15:10:19.818,ERROR,Unity,"NullReferenceException: Object reference not set to an instance of an object
CarryableRotation.Update () (at Assets/Scripts/Interaction/CarryableRotation.cs:20)
"
15:10:19.833,ERROR,Unity,"NullReferenceException: Object reference not set to an instance of an object
CarryableRotation.Update () (at Assets/Scripts/Interaction/CarryableRotation.cs:20)
"
15:10:19.847,ERROR,Unity,"NullReferenceException: Object reference not set to an instance of an object
CarryableRotation.Update () (at Assets/Scripts/Interaction/CarryableRotation.cs:20)
"
15:10:19.863,ERROR,Unity,"NullReferenceException: Object reference not set to an instance of an object
CarryableRotation.Update () (at Assets/Scripts/Interaction/CarryableRotation.cs:20)
"
15:10:19.877,ERROR,Unity,"NullReferenceException: Object reference not set to an instance of an object
CarryableRotation.Update () (at Assets/Scripts/Interaction/CarryableRotation.cs:20)
"
15:10:19.891,ERROR,Unity,"NullReferenceException: Object reference not set to an instance of an object
CarryableRotation.Update () (at Assets/Scripts/Interaction/CarryableRotation.cs:20)
"
15:10:19.906,ERROR,Unity,"NullReferenceException: Object reference not set to an instance of an object
CarryableRotation.Update () (at Assets/Scripts/Interaction/CarryableRotation.cs:20)
"
15:10:19.920,ERROR,Unity,"NullReferenceException: Object reference not set to an instance of an object
CarryableRotation.Update () (at Assets/Scripts/Interaction/CarryableRotation.cs:20)
"
15:10:19.935,ERROR,Unity,"NullReferenceException: Object reference not set to an instance of an object
CarryableRotation.Update () (at Assets/Scripts/Interaction/CarryableRotation.cs:20)
"
15:10:19.950,ERROR,Unity,"NullReferenceException: Object reference not set to an instance of an object
CarryableRotation.Update () (at Assets/Scripts/Interaction/CarryableRotation.cs:20)
"
15:10:19.965,ERROR,Unity,"NullReferenceException: Object reference not set to an instance of an object
CarryableRotation.Update () (at Assets/Scripts/Interaction/CarryableRotation.cs:20)
"
15:10:19.980,ERROR,Unity,"NullReferenceException: Object reference not set to an instance of an object
CarryableRotation.Update () (at Assets/Scripts/Interaction/CarryableRotation.cs:20)
"
15:10:19.996,ERROR,Unity,"NullReferenceException: Object reference not set to an instance of an object
CarryableRotation.Update () (at Assets/Scripts/Interaction/CarryableRotation.cs:20)
"
15:10:20.012,ERROR,Unity,"NullReferenceException: Object reference not set to an instance of an object
CarryableRotation.Update () (at Assets/Scripts/Interaction/CarryableRotation.cs:20)
"
15:10:20.026,ERROR,Unity,"NullReferenceException: Object reference not set to an instance of an object
CarryableRotation.Update () (at Assets/Scripts/Interaction/CarryableRotation.cs:20)
"
15:10:20.042,ERROR,Unity,"NullReferenceException: Object reference not set to an instance of an object
CarryableRotation.Update () (at Assets/Scripts/Interaction/CarryableRotation.cs:20)
"
15:10:20.057,ERROR,Unity,"NullReferenceException: Object reference not set to an instance of an object
CarryableRotation.Update () (at Assets/Scripts/Interaction/CarryableRotation.cs:20)
"
15:10:20.071,ERROR,Unity,"NullReferenceException: Object reference not set to an instance of an object
CarryableRotation.Update () (at Assets/Scripts/Interaction/CarryableRotation.cs:20)
"
15:10:20.085,ERROR,Unity,"NullReferenceException: Object reference not set to an instance of an object
CarryableRotation.Update () (at Assets/Scripts/Interaction/CarryableRotation.cs:20)
"
15:10:20.100,ERROR,Unity,"NullReferenceException: Object reference not set to an instance of an object
CarryableRotation.Update () (at Assets/Scripts/Interaction/CarryableRotation.cs:20)
"
15:10:20.114,ERROR,Unity,"NullReferenceException: Object reference not set to an instance of an object
CarryableRotation.Update () (at Assets/Scripts/Interaction/CarryableRotation.cs:20)
"
15:10:20.128,ERROR,Unity,"NullReferenceException: Object reference not set to an instance of an object
CarryableRotation.Update () (at Assets/Scripts/Interaction/CarryableRotation.cs:20)
"
15:10:20.144,ERROR,Unity,"NullReferenceException: Object reference not set to an instance of an object
CarryableRotation.Update () (at Assets/Scripts/Interaction/CarryableRotation.cs:20)
"
15:10:20.159,ERROR,Unity,"NullReferenceException: Object reference not set to an instance of an object
CarryableRotation.Update () (at Assets/Scripts/Interaction/CarryableRotation.cs:20)
"
15:10:20.173,ERROR,Unity,"NullReferenceException: Object reference not set to an instance of an object
CarryableRotation.Update () (at Assets/Scripts/Interaction/CarryableRotation.cs:20)
"
15:10:20.187,ERROR,Unity,"NullReferenceException: Object reference not set to an instance of an object
CarryableRotation.Update () (at Assets/Scripts/Interaction/CarryableRotation.cs:20)
"
15:10:20.204,ERROR,Unity,"NullReferenceException: Object reference not set to an instance of an object
CarryableRotation.Update () (at Assets/Scripts/Interaction/CarryableRotation.cs:20)
"
15:10:20.219,ERROR,Unity,"NullReferenceException: Object reference not set to an instance of an object
CarryableRotation.Update () (at Assets/Scripts/Interaction/CarryableRotation.cs:20)
"
15:10:20.234,ERROR,Unity,"NullReferenceException: Object reference not set to an instance of an object
CarryableRotation.Update () (at Assets/Scripts/Interaction/CarryableRotation.cs:20)
"
15:10:20.248,ERROR,Unity,"NullReferenceException: Object reference not set to an instance of an object
CarryableRotation.Update () (at Assets/Scripts/Interaction/CarryableRotation.cs:20)
"
15:10:20.263,ERROR,Unity,"NullReferenceException: Object reference not set to an instance of an object
CarryableRotation.Update () (at Assets/Scripts/Interaction/CarryableRotation.cs:20)
"
15:10:20.280,ERROR,Unity,"NullReferenceException: Object reference not set to an instance of an object
CarryableRotation.Update () (at Assets/Scripts/Interaction/CarryableRotation.cs:20)
"
15:10:20.295,ERROR,Unity,"NullReferenceException: Object reference not set to an instance of an object
CarryableRotation.Update () (at Assets/Scripts/Interaction/CarryableRotation.cs:20)
"
15:10:20.310,ERROR,Unity,"NullReferenceException: Object reference not set to an instance of an object
CarryableRotation.Update () (at Assets/Scripts/Interaction/CarryableRotation.cs:20)
"
15:10:20.323,ERROR,Unity,"NullReferenceException: Object reference not set to an instance of an object
CarryableRotation.Update () (at Assets/Scripts/Interaction/CarryableRotation.cs:20)
"
15:10:20.339,ERROR,Unity,"NullReferenceException: Object reference not set to an instance of an object
CarryableRotation.Update () (at Assets/Scripts/Interaction/CarryableRotation.cs:20)
"
15:10:20.353,ERROR,Unity,"NullReferenceException: Object reference not set to an instance of an object
CarryableRotation.Update () (at Assets/Scripts/Interaction/CarryableRotation.cs:20)
"
15:10:20.367,ERROR,Unity,"NullReferenceException: Object reference not set to an instance of an object
CarryableRotation.Update () (at Assets/Scripts/Interaction/CarryableRotation.cs:20)
"
15:10:20.382,ERROR,Unity,"NullReferenceException: Object reference not set to an instance of an object
CarryableRotation.Update () (at Assets/Scripts/Interaction/CarryableRotation.cs:20)
"
15:10:20.397,ERROR,Unity,"NullReferenceException: Object reference not set to an instance of an object
CarryableRotation.Update () (at Assets/Scripts/Interaction/CarryableRotation.cs:20)
"
15:10:20.415,ERROR,Unity,"NullReferenceException: Object reference not set to an instance of an object
CarryableRotation.Update () (at Assets/Scripts/Interaction/CarryableRotation.cs:20)
"
15:10:20.431,ERROR,Unity,"NullReferenceException: Object reference not set to an instance of an object
CarryableRotation.Update () (at Assets/Scripts/Interaction/CarryableRotation.cs:20)
"
15:10:20.445,ERROR,Unity,"NullReferenceException: Object reference not set to an instance of an object
CarryableRotation.Update () (at Assets/Scripts/Interaction/CarryableRotation.cs:20)
"
15:10:20.460,ERROR,Unity,"NullReferenceException: Object reference not set to an instance of an object
CarryableRotation.Update () (at Assets/Scripts/Interaction/CarryableRotation.cs:20)
"
15:10:20.474,ERROR,Unity,"NullReferenceException: Object reference not set to an instance of an object
CarryableRotation.Update () (at Assets/Scripts/Interaction/CarryableRotation.cs:20)
"
15:10:20.489,ERROR,Unity,"NullReferenceException: Object reference not set to an instance of an object
CarryableRotation.Update () (at Assets/Scripts/Interaction/CarryableRotation.cs:20)
"
15:10:20.503,ERROR,Unity,"NullReferenceException: Object reference not set to an instance of an object
CarryableRotation.Update () (at Assets/Scripts/Interaction/CarryableRotation.cs:20)
"
15:10:20.518,ERROR,Unity,"NullReferenceException: Object reference not set to an instance of an object
CarryableRotation.Update () (at Assets/Scripts/Interaction/CarryableRotation.cs:20)
"
15:10:20.532,ERROR,Unity,"NullReferenceException: Object reference not set to an instance of an object
CarryableRotation.Update () (at Assets/Scripts/Interaction/CarryableRotation.cs:20)
"
15:10:20.545,ERROR,Unity,"NullReferenceException: Object reference not set to an instance of an object
CarryableRotation.Update () (at Assets/Scripts/Interaction/CarryableRotation.cs:20)
"
15:10:20.561,ERROR,Unity,"NullReferenceException: Object reference not set to an instance of an object
CarryableRotation.Update () (at Assets/Scripts/Interaction/CarryableRotation.cs:20)
"
15:10:20.574,ERROR,Unity,"NullReferenceException: Object reference not set to an instance of an object
CarryableRotation.Update () (at Assets/Scripts/Interaction/CarryableRotation.cs:20)
"
15:10:20.589,ERROR,Unity,"NullReferenceException: Object reference not set to an instance of an object
CarryableRotation.Update () (at Assets/Scripts/Interaction/CarryableRotation.cs:20)
"
15:10:20.603,ERROR,Unity,"NullReferenceException: Object reference not set to an instance of an object
CarryableRotation.Update () (at Assets/Scripts/Interaction/CarryableRotation.cs:20)
"
15:10:20.622,ERROR,Unity,"NullReferenceException: Object reference not set to an instance of an object
CarryableRotation.Update () (at Assets/Scripts/Interaction/CarryableRotation.cs:20)
"
15:10:20.637,ERROR,Unity,"NullReferenceException: Object reference not set to an instance of an object
CarryableRotation.Update () (at Assets/Scripts/Interaction/CarryableRotation.cs:20)
"
15:10:20.651,ERROR,Unity,"NullReferenceException: Object reference not set to an instance of an object
CarryableRotation.Update () (at Assets/Scripts/Interaction/CarryableRotation.cs:20)
"
15:10:20.665,ERROR,Unity,"NullReferenceException: Object reference not set to an instance of an object
CarryableRotation.Update () (at Assets/Scripts/Interaction/CarryableRotation.cs:20)
"
15:10:20.680,ERROR,Unity,"NullReferenceException: Object reference not set to an instance of an object
CarryableRotation.Update () (at Assets/Scripts/Interaction/CarryableRotation.cs:20)
"
15:10:20.694,ERROR,Unity,"NullReferenceException: Object reference not set to an instance of an object
CarryableRotation.Update () (at Assets/Scripts/Interaction/CarryableRotation.cs:20)
"
15:10:20.710,ERROR,Unity,"NullReferenceException: Object reference not set to an instance of an object
CarryableRotation.Update () (at Assets/Scripts/Interaction/CarryableRotation.cs:20)
"
15:10:20.724,ERROR,Unity,"NullReferenceException: Object reference not set to an instance of an object
CarryableRotation.Update () (at Assets/Scripts/Interaction/CarryableRotation.cs:20)
"
15:10:20.741,ERROR,Unity,"NullReferenceException: Object reference not set to an instance of an object
CarryableRotation.Update () (at Assets/Scripts/Interaction/CarryableRotation.cs:20)
"
15:10:20.755,ERROR,Unity,"NullReferenceException: Object reference not set to an instance of an object
CarryableRotation.Update () (at Assets/Scripts/Interaction/CarryableRotation.cs:20)
"
15:10:20.768,ERROR,Unity,"NullReferenceException: Object reference not set to an instance of an object
CarryableRotation.Update () (at Assets/Scripts/Interaction/CarryableRotation.cs:20)
"
15:10:20.784,ERROR,Unity,"NullReferenceException: Object reference not set to an instance of an object
CarryableRotation.Update () (at Assets/Scripts/Interaction/CarryableRotation.cs:20)
"
15:10:20.802,ERROR,Unity,"NullReferenceException: Object reference not set to an instance of an object
CarryableRotation.Update () (at Assets/Scripts/Interaction/CarryableRotation.cs:20)
"
15:10:20.817,ERROR,Unity,"NullReferenceException: Object reference not set to an instance of an object
CarryableRotation.Update () (at Assets/Scripts/Interaction/CarryableRotation.cs:20)
"
15:10:20.835,ERROR,Unity,"NullReferenceException: Object reference not set to an instance of an object
CarryableRotation.Update () (at Assets/Scripts/Interaction/CarryableRotation.cs:20)
"
15:10:20.850,ERROR,Unity,"NullReferenceException: Object reference not set to an instance of an object
CarryableRotation.Update () (at Assets/Scripts/Interaction/CarryableRotation.cs:20)
"
15:10:20.864,ERROR,Unity,"NullReferenceException: Object reference not set to an instance of an object
CarryableRotation.Update () (at Assets/Scripts/Interaction/CarryableRotation.cs:20)
"
15:10:20.879,ERROR,Unity,"NullReferenceException: Object reference not set to an instance of an object
CarryableRotation.Update () (at Assets/Scripts/Interaction/CarryableRotation.cs:20)
"
15:10:20.893,ERROR,Unity,"NullReferenceException: Object reference not set to an instance of an object
CarryableRotation.Update () (at Assets/Scripts/Interaction/CarryableRotation.cs:20)
"
15:10:20.908,ERROR,Unity,"NullReferenceException: Object reference not set to an instance of an object
CarryableRotation.Update () (at Assets/Scripts/Interaction/CarryableRotation.cs:20)
"
15:10:20.927,ERROR,Unity,"NullReferenceException: Object reference not set to an instance of an object
CarryableRotation.Update () (at Assets/Scripts/Interaction/CarryableRotation.cs:20)
"
15:10:20.946,ERROR,Unity,"NullReferenceException: Object reference not set to an instance of an object
CarryableRotation.Update () (at Assets/Scripts/Interaction/CarryableRotation.cs:20)
"
15:10:20.961,ERROR,Unity,"NullReferenceException: Object reference not set to an instance of an object
CarryableRotation.Update () (at Assets/Scripts/Interaction/CarryableRotation.cs:20)
"
15:10:20.975,ERROR,Unity,"NullReferenceException: Object reference not set to an instance of an object
CarryableRotation.Update () (at Assets/Scripts/Interaction/CarryableRotation.cs:20)
"
15:10:20.990,ERROR,Unity,"NullReferenceException: Object reference not set to an instance of an object
CarryableRotation.Update () (at Assets/Scripts/Interaction/CarryableRotation.cs:20)
"
15:10:21.004,ERROR,Unity,"NullReferenceException: Object reference not set to an instance of an object
CarryableRotation.Update () (at Assets/Scripts/Interaction/CarryableRotation.cs:20)
"
15:10:21.019,ERROR,Unity,"NullReferenceException: Object reference not set to an instance of an object
CarryableRotation.Update () (at Assets/Scripts/Interaction/CarryableRotation.cs:20)
"
15:10:21.036,ERROR,Unity,"NullReferenceException: Object reference not set to an instance of an object
CarryableRotation.Update () (at Assets/Scripts/Interaction/CarryableRotation.cs:20)
"
15:10:21.051,ERROR,Unity,"NullReferenceException: Object reference not set to an instance of an object
CarryableRotation.Update () (at Assets/Scripts/Interaction/CarryableRotation.cs:20)
"
15:10:21.065,ERROR,Unity,"NullReferenceException: Object reference not set to an instance of an object
CarryableRotation.Update () (at Assets/Scripts/Interaction/CarryableRotation.cs:20)
"
15:10:21.080,ERROR,Unity,"NullReferenceException: Object reference not set to an instance of an object
CarryableRotation.Update () (at Assets/Scripts/Interaction/CarryableRotation.cs:20)
"
15:10:21.094,ERROR,Unity,"NullReferenceException: Object reference not set to an instance of an object
CarryableRotation.Update () (at Assets/Scripts/Interaction/CarryableRotation.cs:20)
"
15:10:21.109,ERROR,Unity,"NullReferenceException: Object reference not set to an instance of an object
CarryableRotation.Update () (at Assets/Scripts/Interaction/CarryableRotation.cs:20)
"
15:10:21.124,ERROR,Unity,"NullReferenceException: Object reference not set to an instance of an object
CarryableRotation.Update () (at Assets/Scripts/Interaction/CarryableRotation.cs:20)
"
15:10:21.139,ERROR,Unity,"NullReferenceException: Object reference not set to an instance of an object
CarryableRotation.Update () (at Assets/Scripts/Interaction/CarryableRotation.cs:20)
"
15:10:21.155,ERROR,Unity,"NullReferenceException: Object reference not set to an instance of an object
CarryableRotation.Update () (at Assets/Scripts/Interaction/CarryableRotation.cs:20)
"
15:10:21.169,ERROR,Unity,"NullReferenceException: Object reference not set to an instance of an object
CarryableRotation.Update () (at Assets/Scripts/Interaction/CarryableRotation.cs:20)
"
15:10:21.184,ERROR,Unity,"NullReferenceException: Object reference not set to an instance of an object
CarryableRotation.Update () (at Assets/Scripts/Interaction/CarryableRotation.cs:20)
"
15:10:21.199,ERROR,Unity,"NullReferenceException: Object reference not set to an instance of an object
CarryableRotation.Update () (at Assets/Scripts/Interaction/CarryableRotation.cs:20)
"
15:10:21.213,ERROR,Unity,"NullReferenceException: Object reference not set to an instance of an object
CarryableRotation.Update () (at Assets/Scripts/Interaction/CarryableRotation.cs:20)
"
15:10:21.228,ERROR,Unity,"NullReferenceException: Object reference not set to an instance of an object
CarryableRotation.Update () (at Assets/Scripts/Interaction/CarryableRotation.cs:20)
"
15:10:21.245,ERROR,Unity,"NullReferenceException: Object reference not set to an instance of an object
CarryableRotation.Update () (at Assets/Scripts/Interaction/CarryableRotation.cs:20)
"
15:10:21.260,ERROR,Unity,"NullReferenceException: Object reference not set to an instance of an object
CarryableRotation.Update () (at Assets/Scripts/Interaction/CarryableRotation.cs:20)
"
15:10:21.275,ERROR,Unity,"NullReferenceException: Object reference not set to an instance of an object
CarryableRotation.Update () (at Assets/Scripts/Interaction/CarryableRotation.cs:20)
"
15:10:21.288,ERROR,Unity,"NullReferenceException: Object reference not set to an instance of an object
CarryableRotation.Update () (at Assets/Scripts/Interaction/CarryableRotation.cs:20)
"
15:10:21.303,ERROR,Unity,"NullReferenceException: Object reference not set to an instance of an object
CarryableRotation.Update () (at Assets/Scripts/Interaction/CarryableRotation.cs:20)
"
15:10:21.319,ERROR,Unity,"NullReferenceException: Object reference not set to an instance of an object
CarryableRotation.Update () (at Assets/Scripts/Interaction/CarryableRotation.cs:20)
"
15:10:21.335,INFO,Unity,maxJumpVelocity19.92032
15:10:21.335,ERROR,Unity,"NullReferenceException: Object reference not set to an instance of an object
CarryableRotation.Update () (at Assets/Scripts/Interaction/CarryableRotation.cs:20)
"
15:10:21.351,ERROR,Unity,"NullReferenceException: Object reference not set to an instance of an object
CarryableRotation.Update () (at Assets/Scripts/Interaction/CarryableRotation.cs:20)
"
15:10:21.366,ERROR,Unity,"NullReferenceException: Object reference not set to an instance of an object
CarryableRotation.Update () (at Assets/Scripts/Interaction/CarryableRotation.cs:20)
"
15:10:21.381,ERROR,Unity,"NullReferenceException: Object reference not set to an instance of an object
CarryableRotation.Update () (at Assets/Scripts/Interaction/CarryableRotation.cs:20)
"
15:10:21.396,ERROR,Unity,"NullReferenceException: Object reference not set to an instance of an object
CarryableRotation.Update () (at Assets/Scripts/Interaction/CarryableRotation.cs:20)
"
15:10:21.410,ERROR,Unity,"NullReferenceException: Object reference not set to an instance of an object
CarryableRotation.Update () (at Assets/Scripts/Interaction/CarryableRotation.cs:20)
"
15:10:21.426,ERROR,Unity,"NullReferenceException: Object reference not set to an instance of an object
CarryableRotation.Update () (at Assets/Scripts/Interaction/CarryableRotation.cs:20)
"
15:10:21.441,ERROR,Unity,"NullReferenceException: Object reference not set to an instance of an object
CarryableRotation.Update () (at Assets/Scripts/Interaction/CarryableRotation.cs:20)
"
15:10:21.460,ERROR,Unity,"NullReferenceException: Object reference not set to an instance of an object
CarryableRotation.Update () (at Assets/Scripts/Interaction/CarryableRotation.cs:20)
"
15:10:21.474,ERROR,Unity,"NullReferenceException: Object reference not set to an instance of an object
CarryableRotation.Update () (at Assets/Scripts/Interaction/CarryableRotation.cs:20)
"
15:10:21.489,ERROR,Unity,"NullReferenceException: Object reference not set to an instance of an object
CarryableRotation.Update () (at Assets/Scripts/Interaction/CarryableRotation.cs:20)
"
15:10:21.504,ERROR,Unity,"NullReferenceException: Object reference not set to an instance of an object
CarryableRotation.Update () (at Assets/Scripts/Interaction/CarryableRotation.cs:20)
"
15:10:21.520,ERROR,Unity,"NullReferenceException: Object reference not set to an instance of an object
CarryableRotation.Update () (at Assets/Scripts/Interaction/CarryableRotation.cs:20)
"
15:10:21.534,ERROR,Unity,"NullReferenceException: Object reference not set to an instance of an object
CarryableRotation.Update () (at Assets/Scripts/Interaction/CarryableRotation.cs:20)
"
15:10:21.549,ERROR,Unity,"NullReferenceException: Object reference not set to an instance of an object
CarryableRotation.Update () (at Assets/Scripts/Interaction/CarryableRotation.cs:20)
"
15:10:21.564,ERROR,Unity,"NullReferenceException: Object reference not set to an instance of an object
CarryableRotation.Update () (at Assets/Scripts/Interaction/CarryableRotation.cs:20)
"
15:10:21.579,ERROR,Unity,"NullReferenceException: Object reference not set to an instance of an object
CarryableRotation.Update () (at Assets/Scripts/Interaction/CarryableRotation.cs:20)
"
15:10:21.594,ERROR,Unity,"NullReferenceException: Object reference not set to an instance of an object
CarryableRotation.Update () (at Assets/Scripts/Interaction/CarryableRotation.cs:20)
"
15:10:21.609,ERROR,Unity,"NullReferenceException: Object reference not set to an instance of an object
CarryableRotation.Update () (at Assets/Scripts/Interaction/CarryableRotation.cs:20)
"
15:10:21.624,ERROR,Unity,"NullReferenceException: Object reference not set to an instance of an object
CarryableRotation.Update () (at Assets/Scripts/Interaction/CarryableRotation.cs:20)
"
15:10:21.640,ERROR,Unity,"NullReferenceException: Object reference not set to an instance of an object
CarryableRotation.Update () (at Assets/Scripts/Interaction/CarryableRotation.cs:20)
"
15:10:21.653,ERROR,Unity,"NullReferenceException: Object reference not set to an instance of an object
CarryableRotation.Update () (at Assets/Scripts/Interaction/CarryableRotation.cs:20)
"
15:10:21.671,ERROR,Unity,"NullReferenceException: Object reference not set to an instance of an object
CarryableRotation.Update () (at Assets/Scripts/Interaction/CarryableRotation.cs:20)
"
15:10:21.686,ERROR,Unity,"NullReferenceException: Object reference not set to an instance of an object
CarryableRotation.Update () (at Assets/Scripts/Interaction/CarryableRotation.cs:20)
"
15:10:21.700,ERROR,Unity,"NullReferenceException: Object reference not set to an instance of an object
CarryableRotation.Update () (at Assets/Scripts/Interaction/CarryableRotation.cs:20)
"
15:10:21.715,ERROR,Unity,"NullReferenceException: Object reference not set to an instance of an object
CarryableRotation.Update () (at Assets/Scripts/Interaction/CarryableRotation.cs:20)
"
15:10:21.730,ERROR,Unity,"NullReferenceException: Object reference not set to an instance of an object
CarryableRotation.Update () (at Assets/Scripts/Interaction/CarryableRotation.cs:20)
"
15:10:21.745,ERROR,Unity,"NullReferenceException: Object reference not set to an instance of an object
CarryableRotation.Update () (at Assets/Scripts/Interaction/CarryableRotation.cs:20)
"
15:10:21.760,ERROR,Unity,"NullReferenceException: Object reference not set to an instance of an object
CarryableRotation.Update () (at Assets/Scripts/Interaction/CarryableRotation.cs:20)
"
15:10:21.775,ERROR,Unity,"NullReferenceException: Object reference not set to an instance of an object
CarryableRotation.Update () (at Assets/Scripts/Interaction/CarryableRotation.cs:20)
"
15:10:21.790,ERROR,Unity,"NullReferenceException: Object reference not set to an instance of an object
CarryableRotation.Update () (at Assets/Scripts/Interaction/CarryableRotation.cs:20)
"
15:10:21.805,ERROR,Unity,"NullReferenceException: Object reference not set to an instance of an object
CarryableRotation.Update () (at Assets/Scripts/Interaction/CarryableRotation.cs:20)
"
15:10:21.819,ERROR,Unity,"NullReferenceException: Object reference not set to an instance of an object
CarryableRotation.Update () (at Assets/Scripts/Interaction/CarryableRotation.cs:20)
"
15:10:21.834,ERROR,Unity,"NullReferenceException: Object reference not set to an instance of an object
CarryableRotation.Update () (at Assets/Scripts/Interaction/CarryableRotation.cs:20)
"
15:10:21.849,ERROR,Unity,"NullReferenceException: Object reference not set to an instance of an object
CarryableRotation.Update () (at Assets/Scripts/Interaction/CarryableRotation.cs:20)
"
15:10:21.866,ERROR,Unity,"NullReferenceException: Object reference not set to an instance of an object
CarryableRotation.Update () (at Assets/Scripts/Interaction/CarryableRotation.cs:20)
"
15:10:21.883,ERROR,Unity,"NullReferenceException: Object reference not set to an instance of an object
CarryableRotation.Update () (at Assets/Scripts/Interaction/CarryableRotation.cs:20)
"
15:10:21.898,ERROR,Unity,"NullReferenceException: Object reference not set to an instance of an object
CarryableRotation.Update () (at Assets/Scripts/Interaction/CarryableRotation.cs:20)
"
15:10:21.913,ERROR,Unity,"NullReferenceException: Object reference not set to an instance of an object
CarryableRotation.Update () (at Assets/Scripts/Interaction/CarryableRotation.cs:20)
"
15:10:21.927,ERROR,Unity,"NullReferenceException: Object reference not set to an instance of an object
CarryableRotation.Update () (at Assets/Scripts/Interaction/CarryableRotation.cs:20)
"
15:10:21.942,ERROR,Unity,"NullReferenceException: Object reference not set to an instance of an object
CarryableRotation.Update () (at Assets/Scripts/Interaction/CarryableRotation.cs:20)
"
15:10:21.957,ERROR,Unity,"NullReferenceException: Object reference not set to an instance of an object
CarryableRotation.Update () (at Assets/Scripts/Interaction/CarryableRotation.cs:20)
"
15:10:21.972,ERROR,Unity,"NullReferenceException: Object reference not set to an instance of an object
CarryableRotation.Update () (at Assets/Scripts/Interaction/CarryableRotation.cs:20)
"
15:10:21.987,ERROR,Unity,"NullReferenceException: Object reference not set to an instance of an object
CarryableRotation.Update () (at Assets/Scripts/Interaction/CarryableRotation.cs:20)
"
15:10:22.003,ERROR,Unity,"NullReferenceException: Object reference not set to an instance of an object
CarryableRotation.Update () (at Assets/Scripts/Interaction/CarryableRotation.cs:20)
"
15:10:22.019,ERROR,Unity,"NullReferenceException: Object reference not set to an instance of an object
CarryableRotation.Update () (at Assets/Scripts/Interaction/CarryableRotation.cs:20)
"
15:10:22.032,ERROR,Unity,"NullReferenceException: Object reference not set to an instance of an object
CarryableRotation.Update () (at Assets/Scripts/Interaction/CarryableRotation.cs:20)
"
15:10:22.047,ERROR,Unity,"NullReferenceException: Object reference not set to an instance of an object
CarryableRotation.Update () (at Assets/Scripts/Interaction/CarryableRotation.cs:20)
"
15:10:22.062,ERROR,Unity,"NullReferenceException: Object reference not set to an instance of an object
CarryableRotation.Update () (at Assets/Scripts/Interaction/CarryableRotation.cs:20)
"
15:10:22.078,ERROR,Unity,"NullReferenceException: Object reference not set to an instance of an object
CarryableRotation.Update () (at Assets/Scripts/Interaction/CarryableRotation.cs:20)
"
15:10:22.095,ERROR,Unity,"NullReferenceException: Object reference not set to an instance of an object
CarryableRotation.Update () (at Assets/Scripts/Interaction/CarryableRotation.cs:20)
"
15:10:22.108,ERROR,Unity,"NullReferenceException: Object reference not set to an instance of an object
CarryableRotation.Update () (at Assets/Scripts/Interaction/CarryableRotation.cs:20)
"
15:10:22.124,ERROR,Unity,"NullReferenceException: Object reference not set to an instance of an object
CarryableRotation.Update () (at Assets/Scripts/Interaction/CarryableRotation.cs:20)
"
15:10:22.139,ERROR,Unity,"NullReferenceException: Object reference not set to an instance of an object
CarryableRotation.Update () (at Assets/Scripts/Interaction/CarryableRotation.cs:20)
"
15:10:22.154,ERROR,Unity,"NullReferenceException: Object reference not set to an instance of an object
CarryableRotation.Update () (at Assets/Scripts/Interaction/CarryableRotation.cs:20)
"
15:10:22.168,ERROR,Unity,"NullReferenceException: Object reference not set to an instance of an object
CarryableRotation.Update () (at Assets/Scripts/Interaction/CarryableRotation.cs:20)
"
15:10:22.183,ERROR,Unity,"NullReferenceException: Object reference not set to an instance of an object
CarryableRotation.Update () (at Assets/Scripts/Interaction/CarryableRotation.cs:20)
"
15:10:22.198,ERROR,Unity,"NullReferenceException: Object reference not set to an instance of an object
CarryableRotation.Update () (at Assets/Scripts/Interaction/CarryableRotation.cs:20)
"
15:10:22.214,INFO,Unity,maxJumpVelocity19.92032
15:10:22.215,ERROR,Unity,"NullReferenceException: Object reference not set to an instance of an object
CarryableRotation.Update () (at Assets/Scripts/Interaction/CarryableRotation.cs:20)
"
15:10:22.234,ERROR,Unity,"NullReferenceException: Object reference not set to an instance of an object
CarryableRotation.Update () (at Assets/Scripts/Interaction/CarryableRotation.cs:20)
"
15:10:22.251,ERROR,Unity,"NullReferenceException: Object reference not set to an instance of an object
CarryableRotation.Update () (at Assets/Scripts/Interaction/CarryableRotation.cs:20)
"
15:10:22.265,ERROR,Unity,"NullReferenceException: Object reference not set to an instance of an object
CarryableRotation.Update () (at Assets/Scripts/Interaction/CarryableRotation.cs:20)
"
15:10:22.281,ERROR,Unity,"NullReferenceException: Object reference not set to an instance of an object
CarryableRotation.Update () (at Assets/Scripts/Interaction/CarryableRotation.cs:20)
"
15:10:22.299,ERROR,Unity,"NullReferenceException: Object reference not set to an instance of an object
CarryableRotation.Update () (at Assets/Scripts/Interaction/CarryableRotation.cs:20)
"
15:10:22.313,ERROR,Unity,"NullReferenceException: Object reference not set to an instance of an object
CarryableRotation.Update () (at Assets/Scripts/Interaction/CarryableRotation.cs:20)
"
15:10:22.328,ERROR,Unity,"NullReferenceException: Object reference not set to an instance of an object
CarryableRotation.Update () (at Assets/Scripts/Interaction/CarryableRotation.cs:20)
"
15:10:22.342,ERROR,Unity,"NullReferenceException: Object reference not set to an instance of an object
CarryableRotation.Update () (at Assets/Scripts/Interaction/CarryableRotation.cs:20)
"
15:10:22.358,ERROR,Unity,"NullReferenceException: Object reference not set to an instance of an object
CarryableRotation.Update () (at Assets/Scripts/Interaction/CarryableRotation.cs:20)
"
15:10:22.372,ERROR,Unity,"NullReferenceException: Object reference not set to an instance of an object
CarryableRotation.Update () (at Assets/Scripts/Interaction/CarryableRotation.cs:20)
"
15:10:22.387,ERROR,Unity,"NullReferenceException: Object reference not set to an instance of an object
CarryableRotation.Update () (at Assets/Scripts/Interaction/CarryableRotation.cs:20)
"
15:10:22.403,ERROR,Unity,"NullReferenceException: Object reference not set to an instance of an object
CarryableRotation.Update () (at Assets/Scripts/Interaction/CarryableRotation.cs:20)
"
15:10:22.417,ERROR,Unity,"NullReferenceException: Object reference not set to an instance of an object
CarryableRotation.Update () (at Assets/Scripts/Interaction/CarryableRotation.cs:20)
"
15:10:22.432,ERROR,Unity,"NullReferenceException: Object reference not set to an instance of an object
CarryableRotation.Update () (at Assets/Scripts/Interaction/CarryableRotation.cs:20)
"
15:10:22.446,ERROR,Unity,"NullReferenceException: Object reference not set to an instance of an object
CarryableRotation.Update () (at Assets/Scripts/Interaction/CarryableRotation.cs:20)
"
15:10:22.461,ERROR,Unity,"NullReferenceException: Object reference not set to an instance of an object
CarryableRotation.Update () (at Assets/Scripts/Interaction/CarryableRotation.cs:20)
"
15:10:22.477,ERROR,Unity,"NullReferenceException: Object reference not set to an instance of an object
CarryableRotation.Update () (at Assets/Scripts/Interaction/CarryableRotation.cs:20)
"
15:10:22.491,ERROR,Unity,"NullReferenceException: Object reference not set to an instance of an object
CarryableRotation.Update () (at Assets/Scripts/Interaction/CarryableRotation.cs:20)
"
15:10:22.509,ERROR,Unity,"NullReferenceException: Object reference not set to an instance of an object
CarryableRotation.Update () (at Assets/Scripts/Interaction/CarryableRotation.cs:20)
"
15:10:22.523,ERROR,Unity,"NullReferenceException: Object reference not set to an instance of an object
CarryableRotation.Update () (at Assets/Scripts/Interaction/CarryableRotation.cs:20)
"
15:10:22.540,ERROR,Unity,"NullReferenceException: Object reference not set to an instance of an object
CarryableRotation.Update () (at Assets/Scripts/Interaction/CarryableRotation.cs:20)
"
15:10:22.554,ERROR,Unity,"NullReferenceException: Object reference not set to an instance of an object
CarryableRotation.Update () (at Assets/Scripts/Interaction/CarryableRotation.cs:20)
"
15:10:22.569,ERROR,Unity,"NullReferenceException: Object reference not set to an instance of an object
CarryableRotation.Update () (at Assets/Scripts/Interaction/CarryableRotation.cs:20)
"
15:10:22.584,ERROR,Unity,"NullReferenceException: Object reference not set to an instance of an object
CarryableRotation.Update () (at Assets/Scripts/Interaction/CarryableRotation.cs:20)
"
15:10:22.599,ERROR,Unity,"NullReferenceException: Object reference not set to an instance of an object
CarryableRotation.Update () (at Assets/Scripts/Interaction/CarryableRotation.cs:20)
"
15:10:22.613,ERROR,Unity,"NullReferenceException: Object reference not set to an instance of an object
CarryableRotation.Update () (at Assets/Scripts/Interaction/CarryableRotation.cs:20)
"
15:10:22.628,ERROR,Unity,"NullReferenceException: Object reference not set to an instance of an object
CarryableRotation.Update () (at Assets/Scripts/Interaction/CarryableRotation.cs:20)
"
15:10:22.642,ERROR,Unity,"NullReferenceException: Object reference not set to an instance of an object
CarryableRotation.Update () (at Assets/Scripts/Interaction/CarryableRotation.cs:20)
"
15:10:22.657,ERROR,Unity,"NullReferenceException: Object reference not set to an instance of an object
CarryableRotation.Update () (at Assets/Scripts/Interaction/CarryableRotation.cs:20)
"
15:10:22.671,ERROR,Unity,"NullReferenceException: Object reference not set to an instance of an object
CarryableRotation.Update () (at Assets/Scripts/Interaction/CarryableRotation.cs:20)
"
15:10:22.687,ERROR,Unity,"NullReferenceException: Object reference not set to an instance of an object
CarryableRotation.Update () (at Assets/Scripts/Interaction/CarryableRotation.cs:20)
"
15:10:22.703,ERROR,Unity,"NullReferenceException: Object reference not set to an instance of an object
CarryableRotation.Update () (at Assets/Scripts/Interaction/CarryableRotation.cs:20)
"
15:10:22.719,ERROR,Unity,"NullReferenceException: Object reference not set to an instance of an object
CarryableRotation.Update () (at Assets/Scripts/Interaction/CarryableRotation.cs:20)
"
15:10:22.732,ERROR,Unity,"NullReferenceException: Object reference not set to an instance of an object
CarryableRotation.Update () (at Assets/Scripts/Interaction/CarryableRotation.cs:20)
"
15:10:22.747,ERROR,Unity,"NullReferenceException: Object reference not set to an instance of an object
CarryableRotation.Update () (at Assets/Scripts/Interaction/CarryableRotation.cs:20)
"
15:10:22.763,ERROR,Unity,"NullReferenceException: Object reference not set to an instance of an object
CarryableRotation.Update () (at Assets/Scripts/Interaction/CarryableRotation.cs:20)
"
15:10:22.777,ERROR,Unity,"NullReferenceException: Object reference not set to an instance of an object
CarryableRotation.Update () (at Assets/Scripts/Interaction/CarryableRotation.cs:20)
"
15:10:22.791,ERROR,Unity,"NullReferenceException: Object reference not set to an instance of an object
CarryableRotation.Update () (at Assets/Scripts/Interaction/CarryableRotation.cs:20)
"
15:10:22.806,ERROR,Unity,"NullReferenceException: Object reference not set to an instance of an object
CarryableRotation.Update () (at Assets/Scripts/Interaction/CarryableRotation.cs:20)
"
15:10:22.821,ERROR,Unity,"NullReferenceException: Object reference not set to an instance of an object
CarryableRotation.Update () (at Assets/Scripts/Interaction/CarryableRotation.cs:20)
"
15:10:22.837,ERROR,Unity,"NullReferenceException: Object reference not set to an instance of an object
CarryableRotation.Update () (at Assets/Scripts/Interaction/CarryableRotation.cs:20)
"
15:10:22.851,ERROR,Unity,"NullReferenceException: Object reference not set to an instance of an object
CarryableRotation.Update () (at Assets/Scripts/Interaction/CarryableRotation.cs:20)
"
15:10:22.866,ERROR,Unity,"NullReferenceException: Object reference not set to an instance of an object
CarryableRotation.Update () (at Assets/Scripts/Interaction/CarryableRotation.cs:20)
"
15:10:22.880,ERROR,Unity,"NullReferenceException: Object reference not set to an instance of an object
CarryableRotation.Update () (at Assets/Scripts/Interaction/CarryableRotation.cs:20)
"
15:10:22.894,ERROR,Unity,"NullReferenceException: Object reference not set to an instance of an object
CarryableRotation.Update () (at Assets/Scripts/Interaction/CarryableRotation.cs:20)
"
15:10:22.909,ERROR,Unity,"NullReferenceException: Object reference not set to an instance of an object
CarryableRotation.Update () (at Assets/Scripts/Interaction/CarryableRotation.cs:20)
"
15:10:22.926,ERROR,Unity,"NullReferenceException: Object reference not set to an instance of an object
CarryableRotation.Update () (at Assets/Scripts/Interaction/CarryableRotation.cs:20)
"
15:10:22.942,ERROR,Unity,"NullReferenceException: Object reference not set to an instance of an object
CarryableRotation.Update () (at Assets/Scripts/Interaction/CarryableRotation.cs:20)
"
15:10:22.956,ERROR,Unity,"NullReferenceException: Object reference not set to an instance of an object
CarryableRotation.Update () (at Assets/Scripts/Interaction/CarryableRotation.cs:20)
"
15:10:22.971,ERROR,Unity,"NullReferenceException: Object reference not set to an instance of an object
CarryableRotation.Update () (at Assets/Scripts/Interaction/CarryableRotation.cs:20)
"
15:10:22.986,ERROR,Unity,"NullReferenceException: Object reference not set to an instance of an object
CarryableRotation.Update () (at Assets/Scripts/Interaction/CarryableRotation.cs:20)
"
15:10:23.000,ERROR,Unity,"NullReferenceException: Object reference not set to an instance of an object
CarryableRotation.Update () (at Assets/Scripts/Interaction/CarryableRotation.cs:20)
"
15:10:23.013,ERROR,Unity,"NullReferenceException: Object reference not set to an instance of an object
CarryableRotation.Update () (at Assets/Scripts/Interaction/CarryableRotation.cs:20)
"
15:10:23.029,ERROR,Unity,"NullReferenceException: Object reference not set to an instance of an object
CarryableRotation.Update () (at Assets/Scripts/Interaction/CarryableRotation.cs:20)
"
15:10:23.044,ERROR,Unity,"NullReferenceException: Object reference not set to an instance of an object
CarryableRotation.Update () (at Assets/Scripts/Interaction/CarryableRotation.cs:20)
"
15:10:23.059,ERROR,Unity,"NullReferenceException: Object reference not set to an instance of an object
CarryableRotation.Update () (at Assets/Scripts/Interaction/CarryableRotation.cs:20)
"
15:10:23.074,ERROR,Unity,"NullReferenceException: Object reference not set to an instance of an object
CarryableRotation.Update () (at Assets/Scripts/Interaction/CarryableRotation.cs:20)
"
15:10:23.088,ERROR,Unity,"NullReferenceException: Object reference not set to an instance of an object
CarryableRotation.Update () (at Assets/Scripts/Interaction/CarryableRotation.cs:20)
"
15:10:23.102,ERROR,Unity,"NullReferenceException: Object reference not set to an instance of an object
CarryableRotation.Update () (at Assets/Scripts/Interaction/CarryableRotation.cs:20)
"
15:10:23.117,ERROR,Unity,"NullReferenceException: Object reference not set to an instance of an object
CarryableRotation.Update () (at Assets/Scripts/Interaction/CarryableRotation.cs:20)
"
15:10:23.134,ERROR,Unity,"NullReferenceException: Object reference not set to an instance of an object
CarryableRotation.Update () (at Assets/Scripts/Interaction/CarryableRotation.cs:20)
"
15:10:23.149,ERROR,Unity,"NullReferenceException: Object reference not set to an instance of an object
CarryableRotation.Update () (at Assets/Scripts/Interaction/CarryableRotation.cs:20)
"
15:10:23.163,ERROR,Unity,"NullReferenceException: Object reference not set to an instance of an object
CarryableRotation.Update () (at Assets/Scripts/Interaction/CarryableRotation.cs:20)
"
15:10:23.179,ERROR,Unity,"NullReferenceException: Object reference not set to an instance of an object
CarryableRotation.Update () (at Assets/Scripts/Interaction/CarryableRotation.cs:20)
"
15:10:23.193,ERROR,Unity,"NullReferenceException: Object reference not set to an instance of an object
CarryableRotation.Update () (at Assets/Scripts/Interaction/CarryableRotation.cs:20)
"
15:10:23.207,ERROR,Unity,"NullReferenceException: Object reference not set to an instance of an object
CarryableRotation.Update () (at Assets/Scripts/Interaction/CarryableRotation.cs:20)
"
15:10:23.222,ERROR,Unity,"NullReferenceException: Object reference not set to an instance of an object
CarryableRotation.Update () (at Assets/Scripts/Interaction/CarryableRotation.cs:20)
"
15:10:23.238,ERROR,Unity,"NullReferenceException: Object reference not set to an instance of an object
CarryableRotation.Update () (at Assets/Scripts/Interaction/CarryableRotation.cs:20)
"
15:10:23.252,ERROR,Unity,"NullReferenceException: Object reference not set to an instance of an object
CarryableRotation.Update () (at Assets/Scripts/Interaction/CarryableRotation.cs:20)
"
15:10:23.268,ERROR,Unity,"NullReferenceException: Object reference not set to an instance of an object
CarryableRotation.Update () (at Assets/Scripts/Interaction/CarryableRotation.cs:20)
"
15:10:23.283,ERROR,Unity,"NullReferenceException: Object reference not set to an instance of an object
CarryableRotation.Update () (at Assets/Scripts/Interaction/CarryableRotation.cs:20)
"
15:10:23.298,INFO,Unity,maxJumpVelocity19.92032
15:10:23.299,ERROR,Unity,"NullReferenceException: Object reference not set to an instance of an object
CarryableRotation.Update () (at Assets/Scripts/Interaction/CarryableRotation.cs:20)
"
15:10:23.314,ERROR,Unity,"NullReferenceException: Object reference not set to an instance of an object
CarryableRotation.Update () (at Assets/Scripts/Interaction/CarryableRotation.cs:20)
"
15:10:23.328,ERROR,Unity,"NullReferenceException: Object reference not set to an instance of an object
CarryableRotation.Update () (at Assets/Scripts/Interaction/CarryableRotation.cs:20)
"
15:10:23.347,ERROR,Unity,"NullReferenceException: Object reference not set to an instance of an object
CarryableRotation.Update () (at Assets/Scripts/Interaction/CarryableRotation.cs:20)
"
15:10:23.361,ERROR,Unity,"NullReferenceException: Object reference not set to an instance of an object
CarryableRotation.Update () (at Assets/Scripts/Interaction/CarryableRotation.cs:20)
"
15:10:23.375,ERROR,Unity,"NullReferenceException: Object reference not set to an instance of an object
CarryableRotation.Update () (at Assets/Scripts/Interaction/CarryableRotation.cs:20)
"
15:10:23.389,ERROR,Unity,"NullReferenceException: Object reference not set to an instance of an object
CarryableRotation.Update () (at Assets/Scripts/Interaction/CarryableRotation.cs:20)
"
15:10:23.405,ERROR,Unity,"NullReferenceException: Object reference not set to an instance of an object
CarryableRotation.Update () (at Assets/Scripts/Interaction/CarryableRotation.cs:20)
"
15:10:23.420,ERROR,Unity,"NullReferenceException: Object reference not set to an instance of an object
CarryableRotation.Update () (at Assets/Scripts/Interaction/CarryableRotation.cs:20)
"
15:10:23.435,ERROR,Unity,"NullReferenceException: Object reference not set to an instance of an object
CarryableRotation.Update () (at Assets/Scripts/Interaction/CarryableRotation.cs:20)
"
15:10:23.449,ERROR,Unity,"NullReferenceException: Object reference not set to an instance of an object
CarryableRotation.Update () (at Assets/Scripts/Interaction/CarryableRotation.cs:20)
"
15:10:23.464,ERROR,Unity,"NullReferenceException: Object reference not set to an instance of an object
CarryableRotation.Update () (at Assets/Scripts/Interaction/CarryableRotation.cs:20)
"
15:10:23.479,ERROR,Unity,"NullReferenceException: Object reference not set to an instance of an object
CarryableRotation.Update () (at Assets/Scripts/Interaction/CarryableRotation.cs:20)
"
15:10:23.493,ERROR,Unity,"NullReferenceException: Object reference not set to an instance of an object
CarryableRotation.Update () (at Assets/Scripts/Interaction/CarryableRotation.cs:20)
"
15:10:23.507,ERROR,Unity,"NullReferenceException: Object reference not set to an instance of an object
CarryableRotation.Update () (at Assets/Scripts/Interaction/CarryableRotation.cs:20)
"
15:10:23.523,ERROR,Unity,"NullReferenceException: Object reference not set to an instance of an object
CarryableRotation.Update () (at Assets/Scripts/Interaction/CarryableRotation.cs:20)
"
15:10:23.537,ERROR,Unity,"NullReferenceException: Object reference not set to an instance of an object
CarryableRotation.Update () (at Assets/Scripts/Interaction/CarryableRotation.cs:20)
"
15:10:23.554,ERROR,Unity,"NullReferenceException: Object reference not set to an instance of an object
CarryableRotation.Update () (at Assets/Scripts/Interaction/CarryableRotation.cs:20)
"
15:10:23.569,ERROR,Unity,"NullReferenceException: Object reference not set to an instance of an object
CarryableRotation.Update () (at Assets/Scripts/Interaction/CarryableRotation.cs:20)
"
15:10:23.584,ERROR,Unity,"NullReferenceException: Object reference not set to an instance of an object
CarryableRotation.Update () (at Assets/Scripts/Interaction/CarryableRotation.cs:20)
"
15:10:23.598,ERROR,Unity,"NullReferenceException: Object reference not set to an instance of an object
CarryableRotation.Update () (at Assets/Scripts/Interaction/CarryableRotation.cs:20)
"
15:10:23.613,ERROR,Unity,"NullReferenceException: Object reference not set to an instance of an object
CarryableRotation.Update () (at Assets/Scripts/Interaction/CarryableRotation.cs:20)
"
15:10:23.627,ERROR,Unity,"NullReferenceException: Object reference not set to an instance of an object
CarryableRotation.Update () (at Assets/Scripts/Interaction/CarryableRotation.cs:20)
"
15:10:23.643,ERROR,Unity,"NullReferenceException: Object reference not set to an instance of an object
CarryableRotation.Update () (at Assets/Scripts/Interaction/CarryableRotation.cs:20)
"
15:10:23.659,ERROR,Unity,"NullReferenceException: Object reference not set to an instance of an object
CarryableRotation.Update () (at Assets/Scripts/Interaction/CarryableRotation.cs:20)
"
15:10:23.673,ERROR,Unity,"NullReferenceException: Object reference not set to an instance of an object
CarryableRotation.Update () (at Assets/Scripts/Interaction/CarryableRotation.cs:20)
"
15:10:23.688,ERROR,Unity,"NullReferenceException: Object reference not set to an instance of an object
CarryableRotation.Update () (at Assets/Scripts/Interaction/CarryableRotation.cs:20)
"
15:10:23.702,ERROR,Unity,"NullReferenceException: Object reference not set to an instance of an object
CarryableRotation.Update () (at Assets/Scripts/Interaction/CarryableRotation.cs:20)
"
15:10:23.717,ERROR,Unity,"NullReferenceException: Object reference not set to an instance of an object
CarryableRotation.Update () (at Assets/Scripts/Interaction/CarryableRotation.cs:20)
"
15:10:23.730,ERROR,Unity,"NullReferenceException: Object reference not set to an instance of an object
CarryableRotation.Update () (at Assets/Scripts/Interaction/CarryableRotation.cs:20)
"
15:10:23.745,ERROR,Unity,"NullReferenceException: Object reference not set to an instance of an object
CarryableRotation.Update () (at Assets/Scripts/Interaction/CarryableRotation.cs:20)
"
15:10:23.762,ERROR,Unity,"NullReferenceException: Object reference not set to an instance of an object
CarryableRotation.Update () (at Assets/Scripts/Interaction/CarryableRotation.cs:20)
"
15:10:23.779,ERROR,Unity,"NullReferenceException: Object reference not set to an instance of an object
CarryableRotation.Update () (at Assets/Scripts/Interaction/CarryableRotation.cs:20)
"
15:10:23.793,ERROR,Unity,"NullReferenceException: Object reference not set to an instance of an object
CarryableRotation.Update () (at Assets/Scripts/Interaction/CarryableRotation.cs:20)
"
15:10:23.807,ERROR,Unity,"NullReferenceException: Object reference not set to an instance of an object
CarryableRotation.Update () (at Assets/Scripts/Interaction/CarryableRotation.cs:20)
"
15:10:23.821,ERROR,Unity,"NullReferenceException: Object reference not set to an instance of an object
CarryableRotation.Update () (at Assets/Scripts/Interaction/CarryableRotation.cs:20)
"
15:10:23.836,ERROR,Unity,"NullReferenceException: Object reference not set to an instance of an object
CarryableRotation.Update () (at Assets/Scripts/Interaction/CarryableRotation.cs:20)
"
15:10:23.850,ERROR,Unity,"NullReferenceException: Object reference not set to an instance of an object
CarryableRotation.Update () (at Assets/Scripts/Interaction/CarryableRotation.cs:20)
"
15:10:23.865,ERROR,Unity,"NullReferenceException: Object reference not set to an instance of an object
CarryableRotation.Update () (at Assets/Scripts/Interaction/CarryableRotation.cs:20)
"
15:10:23.880,ERROR,Unity,"NullReferenceException: Object reference not set to an instance of an object
CarryableRotation.Update () (at Assets/Scripts/Interaction/CarryableRotation.cs:20)
"
15:10:23.894,ERROR,Unity,"NullReferenceException: Object reference not set to an instance of an object
CarryableRotation.Update () (at Assets/Scripts/Interaction/CarryableRotation.cs:20)
"
15:10:23.908,ERROR,Unity,"NullReferenceException: Object reference not set to an instance of an object
CarryableRotation.Update () (at Assets/Scripts/Interaction/CarryableRotation.cs:20)
"
15:10:23.923,ERROR,Unity,"NullReferenceException: Object reference not set to an instance of an object
CarryableRotation.Update () (at Assets/Scripts/Interaction/CarryableRotation.cs:20)
"
15:10:23.938,ERROR,Unity,"NullReferenceException: Object reference not set to an instance of an object
CarryableRotation.Update () (at Assets/Scripts/Interaction/CarryableRotation.cs:20)
"
15:10:23.953,ERROR,Unity,"NullReferenceException: Object reference not set to an instance of an object
CarryableRotation.Update () (at Assets/Scripts/Interaction/CarryableRotation.cs:20)
"
15:10:23.969,ERROR,Unity,"NullReferenceException: Object reference not set to an instance of an object
CarryableRotation.Update () (at Assets/Scripts/Interaction/CarryableRotation.cs:20)
"
15:10:23.970,DEBUG,BathController,������ ���� ��á��
15:10:23.986,ERROR,Unity,"NullReferenceException: Object reference not set to an instance of an object
CarryableRotation.Update () (at Assets/Scripts/Interaction/CarryableRotation.cs:20)
"
15:10:24.001,ERROR,Unity,"NullReferenceException: Object reference not set to an instance of an object
CarryableRotation.Update () (at Assets/Scripts/Interaction/CarryableRotation.cs:20)
"
15:10:24.017,ERROR,Unity,"NullReferenceException: Object reference not set to an instance of an object
CarryableRotation.Update () (at Assets/Scripts/Interaction/CarryableRotation.cs:20)
"
15:10:24.034,ERROR,Unity,"NullReferenceException: Object reference not set to an instance of an object
CarryableRotation.Update () (at Assets/Scripts/Interaction/CarryableRotation.cs:20)
"
15:10:24.047,ERROR,Unity,"NullReferenceException: Object reference not set to an instance of an object
CarryableRotation.Update () (at Assets/Scripts/Interaction/CarryableRotation.cs:20)
"
15:10:24.062,ERROR,Unity,"NullReferenceException: Object reference not set to an instance of an object
CarryableRotation.Update () (at Assets/Scripts/Interaction/CarryableRotation.cs:20)
"
15:10:24.079,ERROR,Unity,"NullReferenceException: Object reference not set to an instance of an object
CarryableRotation.Update () (at Assets/Scripts/Interaction/CarryableRotation.cs:20)
"
15:10:24.094,ERROR,Unity,"NullReferenceException: Object reference not set to an instance of an object
CarryableRotation.Update () (at Assets/Scripts/Interaction/CarryableRotation.cs:20)
"
15:10:24.109,ERROR,Unity,"NullReferenceException: Object reference not set to an instance of an object
CarryableRotation.Update () (at Assets/Scripts/Interaction/CarryableRotation.cs:20)
"
15:10:24.123,ERROR,Unity,"NullReferenceException: Object reference not set to an instance of an object
CarryableRotation.Update () (at Assets/Scripts/Interaction/CarryableRotation.cs:20)
"
15:10:24.139,ERROR,Unity,"NullReferenceException: Object reference not set to an instance of an object
CarryableRotation.Update () (at Assets/Scripts/Interaction/CarryableRotation.cs:20)
"
15:10:24.153,ERROR,Unity,"NullReferenceException: Object reference not set to an instance of an object
CarryableRotation.Update () (at Assets/Scripts/Interaction/CarryableRotation.cs:20)
"
15:10:24.172,ERROR,Unity,"NullReferenceException: Object reference not set to an instance of an object
CarryableRotation.Update () (at Assets/Scripts/Interaction/CarryableRotation.cs:20)
"
15:10:24.185,ERROR,Unity,"NullReferenceException: Object reference not set to an instance of an object
CarryableRotation.Update () (at Assets/Scripts/Interaction/CarryableRotation.cs:20)
"
15:10:24.201,ERROR,Unity,"NullReferenceException: Object reference not set to an instance of an object
CarryableRotation.Update () (at Assets/Scripts/Interaction/CarryableRotation.cs:20)
"
15:10:24.216,ERROR,Unity,"NullReferenceException: Object reference not set to an instance of an object
CarryableRotation.Update () (at Assets/Scripts/Interaction/CarryableRotation.cs:20)
"
15:10:24.230,ERROR,Unity,"NullReferenceException: Object reference not set to an instance of an object
CarryableRotation.Update () (at Assets/Scripts/Interaction/CarryableRotation.cs:20)
"
15:10:24.247,ERROR,Unity,"NullReferenceException: Object reference not set to an instance of an object
CarryableRotation.Update () (at Assets/Scripts/Interaction/CarryableRotation.cs:20)
"
15:10:24.261,ERROR,Unity,"NullReferenceException: Object reference not set to an instance of an object
CarryableRotation.Update () (at Assets/Scripts/Interaction/CarryableRotation.cs:20)
"
15:10:24.275,ERROR,Unity,"NullReferenceException: Object reference not set to an instance of an object
CarryableRotation.Update () (at Assets/Scripts/Interaction/CarryableRotation.cs:20)
"
15:10:24.288,ERROR,Unity,"NullReferenceException: Object reference not set to an instance of an object
CarryableRotation.Update () (at Assets/Scripts/Interaction/CarryableRotation.cs:20)
"
15:10:24.303,ERROR,Unity,"NullReferenceException: Object reference not set to an instance of an object
CarryableRotation.Update () (at Assets/Scripts/Interaction/CarryableRotation.cs:20)
"
15:10:24.318,ERROR,Unity,"NullReferenceException: Object reference not set to an instance of an object
CarryableRotation.Update () (at Assets/Scripts/Interaction/CarryableRotation.cs:20)
"
15:10:24.332,ERROR,Unity,"NullReferenceException: Object reference not set to an instance of an object
CarryableRotation.Update () (at Assets/Scripts/Interaction/CarryableRotation.cs:20)
"
15:10:24.348,ERROR,Unity,"NullReferenceException: Object reference not set to an instance of an object
CarryableRotation.Update () (at Assets/Scripts/Interaction/CarryableRotation.cs:20)
"
15:10:24.361,ERROR,Unity,"NullReferenceException: Object reference not set to an instance of an object
CarryableRotation.Update () (at Assets/Scripts/Interaction/CarryableRotation.cs:20)
"
15:10:24.378,ERROR,Unity,"NullReferenceException: Object reference not set to an instance of an object
CarryableRotation.Update () (at Assets/Scripts/Interaction/CarryableRotation.cs:20)
"
15:10:24.392,ERROR,Unity,"NullReferenceException: Object reference not set to an instance of an object
CarryableRotation.Update () (at Assets/Scripts/Interaction/CarryableRotation.cs:20)
"
15:10:24.408,ERROR,Unity,"NullReferenceException: Object reference not set to an instance of an object
CarryableRotation.Update () (at Assets/Scripts/Interaction/CarryableRotation.cs:20)
"
15:10:24.424,INFO,Unity,Weight Update =0
15:10:24.425,ERROR,Unity,"NullReferenceException: Object reference not set to an instance of an object
CarryableRotation.Update () (at Assets/Scripts/Interaction/CarryableRotation.cs:20)
"
15:10:24.440,ERROR,Unity,"NullReferenceException: Object reference not set to an instance of an object
CarryableRotation.Update () (at Assets/Scripts/Interaction/CarryableRotation.cs:20)
"
15:10:24.458,ERROR,Unity,"NullReferenceException: Object reference not set to an instance of an object
CarryableRotation.Update () (at Assets/Scripts/Interaction/CarryableRotation.cs:20)
"
15:10:24.477,ERROR,Unity,"NullReferenceException: Object reference not set to an instance of an object
CarryableRotation.Update () (at Assets/Scripts/Interaction/CarryableRotation.cs:20)
"
15:10:24.490,ERROR,Unity,"NullReferenceException: Object reference not set to an instance of an object
CarryableRotation.Update () (at Assets/Scripts/Interaction/CarryableRotation.cs:20)
"
15:10:24.505,ERROR,Unity,"NullReferenceException: Object reference not set to an instance of an object
CarryableRotation.Update () (at Assets/Scripts/Interaction/CarryableRotation.cs:20)
"
15:10:24.521,ERROR,Unity,"NullReferenceException: Object reference not set to an instance of an object
CarryableRotation.Update () (at Assets/Scripts/Interaction/CarryableRotation.cs:20)
"
15:10:24.536,ERROR,Unity,"NullReferenceException: Object reference not set to an instance of an object
CarryableRotation.Update () (at Assets/Scripts/Interaction/CarryableRotation.cs:20)
"
15:10:24.553,ERROR,Unity,"NullReferenceException: Object reference not set to an instance of an object
CarryableRotation.Update () (at Assets/Scripts/Interaction/CarryableRotation.cs:20)
"
15:10:24.573,ERROR,Unity,"NullReferenceException: Object reference not set to an instance of an object
CarryableRotation.Update () (at Assets/Scripts/Interaction/CarryableRotation.cs:20)
"
15:10:24.590,ERROR,Unity,"NullReferenceException: Object reference not set to an instance of an object
CarryableRotation.Update () (at Assets/Scripts/Interaction/CarryableRotation.cs:20)
"
15:10:24.604,ERROR,Unity,"NullReferenceException: Object reference not set to an instance of an object
CarryableRotation.Update () (at Assets/Scripts/Interaction/CarryableRotation.cs:20)
"
15:10:24.619,ERROR,Unity,"NullReferenceException: Object reference not set to an instance of an object
CarryableRotation.Update () (at Assets/Scripts/Interaction/CarryableRotation.cs:20)
"
15:10:24.634,ERROR,Unity,"NullReferenceException: Object reference not set to an instance of an object
CarryableRotation.Update () (at Assets/Scripts/Interaction/CarryableRotation.cs:20)
"
15:10:24.648,ERROR,Unity,"NullReferenceException: Object reference not set to an instance of an object
CarryableRotation.Update () (at Assets/Scripts/Interaction/CarryableRotation.cs:20)
"
15:10:24.661,ERROR,Unity,"NullReferenceException: Object reference not set to an instance of an object
CarryableRotation.Update () (at Assets/Scripts/Interaction/CarryableRotation.cs:20)
"
15:10:24.675,ERROR,Unity,"NullReferenceException: Object reference not set to an instance of an object
CarryableRotation.Update () (at Assets/Scripts/Interaction/CarryableRotation.cs:20)
"
15:10:24.690,ERROR,Unity,"NullReferenceException: Object reference not set to an instance of an object
CarryableRotation.Update () (at Assets/Scripts/Interaction/CarryableRotation.cs:20)
"
15:10:24.703,ERROR,Unity,"NullReferenceException: Object reference not set to an instance of an object
CarryableRotation.Update () (at Assets/Scripts/Interaction/CarryableRotation.cs:20)
"
15:10:24.717,ERROR,Unity,"NullReferenceException: Object reference not set to an instance of an object
CarryableRotation.Update () (at Assets/Scripts/Interaction/CarryableRotation.cs:20)
"
15:10:24.732,ERROR,Unity,"NullReferenceException: Object reference not set to an instance of an object
CarryableRotation.Update () (at Assets/Scripts/Interaction/CarryableRotation.cs:20)
"
15:10:24.747,ERROR,Unity,"NullReferenceException: Object reference not set to an instance of an object
CarryableRotation.Update () (at Assets/Scripts/Interaction/CarryableRotation.cs:20)
"
15:10:24.760,ERROR,Unity,"NullReferenceException: Object reference not set to an instance of an object
CarryableRotation.Update () (at Assets/Scripts/Interaction/CarryableRotation.cs:20)
"
15:10:24.775,ERROR,Unity,"NullReferenceException: Object reference not set to an instance of an object
CarryableRotation.Update () (at Assets/Scripts/Interaction/CarryableRotation.cs:20)
"
15:10:24.792,ERROR,Unity,"NullReferenceException: Object reference not set to an instance of an object
CarryableRotation.Update () (at Assets/Scripts/Interaction/CarryableRotation.cs:20)
"
15:10:24.806,ERROR,Unity,"NullReferenceException: Object reference not set to an instance of an object
CarryableRotation.Update () (at Assets/Scripts/Interaction/CarryableRotation.cs:20)
"
15:10:24.820,ERROR,Unity,"NullReferenceException: Object reference not set to an instance of an object
CarryableRotation.Update () (at Assets/Scripts/Interaction/CarryableRotation.cs:20)
"
15:10:24.835,ERROR,Unity,"NullReferenceException: Object reference not set to an instance of an object
CarryableRotation.Update () (at Assets/Scripts/Interaction/CarryableRotation.cs:20)
"
15:10:24.849,ERROR,Unity,"NullReferenceException: Object reference not set to an instance of an object
CarryableRotation.Update () (at Assets/Scripts/Interaction/CarryableRotation.cs:20)
"
15:10:24.863,ERROR,Unity,"NullReferenceException: Object reference not set to an instance of an object
CarryableRotation.Update () (at Assets/Scripts/Interaction/CarryableRotation.cs:20)
"
15:10:24.877,ERROR,Unity,"NullReferenceException: Object reference not set to an instance of an object
CarryableRotation.Update () (at Assets/Scripts/Interaction/CarryableRotation.cs:20)
"
15:10:24.891,ERROR,Unity,"NullReferenceException: Object reference not set to an instance of an object
CarryableRotation.Update () (at Assets/Scripts/Interaction/CarryableRotation.cs:20)
"
15:10:24.905,ERROR,Unity,"NullReferenceException: Object reference not set to an instance of an object
CarryableRotation.Update () (at Assets/Scripts/Interaction/CarryableRotation.cs:20)
"
15:10:24.919,ERROR,Unity,"NullReferenceException: Object reference not set to an instance of an object
CarryableRotation.Update () (at Assets/Scripts/Interaction/CarryableRotation.cs:20)
"
15:10:24.933,ERROR,Unity,"NullReferenceException: Object reference not set to an instance of an object
CarryableRotation.Update () (at Assets/Scripts/Interaction/CarryableRotation.cs:20)
"
15:10:24.948,ERROR,Unity,"NullReferenceException: Object reference not set to an instance of an object
CarryableRotation.Update () (at Assets/Scripts/Interaction/CarryableRotation.cs:20)
"
15:10:24.962,ERROR,Unity,"NullReferenceException: Object reference not set to an instance of an object
CarryableRotation.Update () (at Assets/Scripts/Interaction/CarryableRotation.cs:20)
"
15:10:24.976,ERROR,Unity,"NullReferenceException: Object reference not set to an instance of an object
CarryableRotation.Update () (at Assets/Scripts/Interaction/CarryableRotation.cs:20)
"
15:10:24.997,ERROR,Unity,"NullReferenceException: Object reference not set to an instance of an object
CarryableRotation.Update () (at Assets/Scripts/Interaction/CarryableRotation.cs:20)
"
15:10:25.012,ERROR,Unity,"NullReferenceException: Object reference not set to an instance of an object
CarryableRotation.Update () (at Assets/Scripts/Interaction/CarryableRotation.cs:20)
"
15:10:25.026,ERROR,Unity,"NullReferenceException: Object reference not set to an instance of an object
CarryableRotation.Update () (at Assets/Scripts/Interaction/CarryableRotation.cs:20)
"
15:10:25.040,ERROR,Unity,"NullReferenceException: Object reference not set to an instance of an object
CarryableRotation.Update () (at Assets/Scripts/Interaction/CarryableRotation.cs:20)
"
15:10:25.055,ERROR,Unity,"NullReferenceException: Object reference not set to an instance of an object
CarryableRotation.Update () (at Assets/Scripts/Interaction/CarryableRotation.cs:20)
"
15:10:25.069,ERROR,Unity,"NullReferenceException: Object reference not set to an instance of an object
CarryableRotation.Update () (at Assets/Scripts/Interaction/CarryableRotation.cs:20)
"
15:10:25.083,ERROR,Unity,"NullReferenceException: Object reference not set to an instance of an object
CarryableRotation.Update () (at Assets/Scripts/Interaction/CarryableRotation.cs:20)
"
15:10:25.097,ERROR,Unity,"NullReferenceException: Object reference not set to an instance of an object
CarryableRotation.Update () (at Assets/Scripts/Interaction/CarryableRotation.cs:20)
"
15:10:25.111,ERROR,Unity,"NullReferenceException: Object reference not set to an instance of an object
CarryableRotation.Update () (at Assets/Scripts/Interaction/CarryableRotation.cs:20)
"
15:10:25.127,ERROR,Unity,"NullReferenceException: Object reference not set to an instance of an object
CarryableRotation.Update () (at Assets/Scripts/Interaction/CarryableRotation.cs:20)
"
15:10:25.141,ERROR,Unity,"NullReferenceException: Object reference not set to an instance of an object
CarryableRotation.Update () (at Assets/Scripts/Interaction/CarryableRotation.cs:20)
"
15:10:25.157,ERROR,Unity,"NullReferenceException: Object reference not set to an instance of an object
CarryableRotation.Update () (at Assets/Scripts/Interaction/CarryableRotation.cs:20)
"
15:10:25.171,ERROR,Unity,"NullReferenceException: Object reference not set to an instance of an object
CarryableRotation.Update () (at Assets/Scripts/Interaction/CarryableRotation.cs:20)
"
15:10:25.186,ERROR,Unity,"NullReferenceException: Object reference not set to an instance of an object
CarryableRotation.Update () (at Assets/Scripts/Interaction/CarryableRotation.cs:20)
"
15:10:25.202,ERROR,Unity,"NullReferenceException: Object reference not set to an instance of an object
CarryableRotation.Update () (at Assets/Scripts/Interaction/CarryableRotation.cs:20)
"
15:10:25.216,ERROR,Unity,"NullReferenceException: Object reference not set to an instance of an object
CarryableRotation.Update () (at Assets/Scripts/Interaction/CarryableRotation.cs:20)
"
15:10:25.229,ERROR,Unity,"NullReferenceException: Object reference not set to an instance of an object
CarryableRotation.Update () (at Assets/Scripts/Interaction/CarryableRotation.cs:20)
"
15:10:25.245,ERROR,Unity,"NullReferenceException: Object reference not set to an instance of an object
CarryableRotation.Update () (at Assets/Scripts/Interaction/CarryableRotation.cs:20)
"
15:10:25.258,ERROR,Unity,"NullReferenceException: Object reference not set to an instance of an object
CarryableRotation.Update () (at Assets/Scripts/Interaction/CarryableRotation.cs:20)
"
15:10:25.272,ERROR,Unity,"NullReferenceException: Object reference not set to an instance of an object
CarryableRotation.Update () (at Assets/Scripts/Interaction/CarryableRotation.cs:20)
"
15:10:25.288,ERROR,Unity,"NullReferenceException: Object reference not set to an instance of an object
CarryableRotation.Update () (at Assets/Scripts/Interaction/CarryableRotation.cs:20)
"
15:10:25.301,ERROR,Unity,"NullReferenceException: Object reference not set to an instance of an object
CarryableRotation.Update () (at Assets/Scripts/Interaction/CarryableRotation.cs:20)
"
15:10:25.316,ERROR,Unity,"NullReferenceException: Object reference not set to an instance of an object
CarryableRotation.Update () (at Assets/Scripts/Interaction/CarryableRotation.cs:20)
"
15:10:25.331,ERROR,Unity,"NullReferenceException: Object reference not set to an instance of an object
CarryableRotation.Update () (at Assets/Scripts/Interaction/CarryableRotation.cs:20)
"
15:10:25.346,ERROR,Unity,"NullReferenceException: Object reference not set to an instance of an object
CarryableRotation.Update () (at Assets/Scripts/Interaction/CarryableRotation.cs:20)
"
15:10:25.360,ERROR,Unity,"NullReferenceException: Object reference not set to an instance of an object
CarryableRotation.Update () (at Assets/Scripts/Interaction/CarryableRotation.cs:20)
"
15:10:25.375,ERROR,Unity,"NullReferenceException: Object reference not set to an instance of an object
CarryableRotation.Update () (at Assets/Scripts/Interaction/CarryableRotation.cs:20)
"
15:10:25.389,ERROR,Unity,"NullReferenceException: Object reference not set to an instance of an object
CarryableRotation.Update () (at Assets/Scripts/Interaction/CarryableRotation.cs:20)
"
15:10:25.406,ERROR,Unity,"NullReferenceException: Object reference not set to an instance of an object
CarryableRotation.Update () (at Assets/Scripts/Interaction/CarryableRotation.cs:20)
"
15:10:25.420,ERROR,Unity,"NullReferenceException: Object reference not set to an instance of an object
CarryableRotation.Update () (at Assets/Scripts/Interaction/CarryableRotation.cs:20)
"
15:10:25.433,ERROR,Unity,"NullReferenceException: Object reference not set to an instance of an object
CarryableRotation.Update () (at Assets/Scripts/Interaction/CarryableRotation.cs:20)
"
15:10:25.448,ERROR,Unity,"NullReferenceException: Object reference not set to an instance of an object
CarryableRotation.Update () (at Assets/Scripts/Interaction/CarryableRotation.cs:20)
"
15:10:25.463,ERROR,Unity,"NullReferenceException: Object reference not set to an instance of an object
CarryableRotation.Update () (at Assets/Scripts/Interaction/CarryableRotation.cs:20)
"
15:10:25.476,ERROR,Unity,"NullReferenceException: Object reference not set to an instance of an object
CarryableRotation.Update () (at Assets/Scripts/Interaction/CarryableRotation.cs:20)
"
15:10:25.492,ERROR,Unity,"NullReferenceException: Object reference not set to an instance of an object
CarryableRotation.Update () (at Assets/Scripts/Interaction/CarryableRotation.cs:20)
"
15:10:25.505,ERROR,Unity,"NullReferenceException: Object reference not set to an instance of an object
CarryableRotation.Update () (at Assets/Scripts/Interaction/CarryableRotation.cs:20)
"
15:10:25.520,ERROR,Unity,"NullReferenceException: Object reference not set to an instance of an object
CarryableRotation.Update () (at Assets/Scripts/Interaction/CarryableRotation.cs:20)
"
15:10:25.534,ERROR,Unity,"NullReferenceException: Object reference not set to an instance of an object
CarryableRotation.Update () (at Assets/Scripts/Interaction/CarryableRotation.cs:20)
"
15:10:25.547,ERROR,Unity,"NullReferenceException: Object reference not set to an instance of an object
CarryableRotation.Update () (at Assets/Scripts/Interaction/CarryableRotation.cs:20)
"
15:10:25.562,ERROR,Unity,"NullReferenceException: Object reference not set to an instance of an object
CarryableRotation.Update () (at Assets/Scripts/Interaction/CarryableRotation.cs:20)
"
15:10:25.577,ERROR,Unity,"NullReferenceException: Object reference not set to an instance of an object
CarryableRotation.Update () (at Assets/Scripts/Interaction/CarryableRotation.cs:20)
"
15:10:25.590,ERROR,Unity,"NullReferenceException: Object reference not set to an instance of an object
CarryableRotation.Update () (at Assets/Scripts/Interaction/CarryableRotation.cs:20)
"
15:10:25.606,ERROR,Unity,"NullReferenceException: Object reference not set to an instance of an object
CarryableRotation.Update () (at Assets/Scripts/Interaction/CarryableRotation.cs:20)
"
15:10:25.622,ERROR,Unity,"NullReferenceException: Object reference not set to an instance of an object
CarryableRotation.Update () (at Assets/Scripts/Interaction/CarryableRotation.cs:20)
"
15:10:25.636,ERROR,Unity,"NullReferenceException: Object reference not set to an instance of an object
CarryableRotation.Update () (at Assets/Scripts/Interaction/CarryableRotation.cs:20)
"
15:10:25.650,ERROR,Unity,"NullReferenceException: Object reference not set to an instance of an object
CarryableRotation.Update () (at Assets/Scripts/Interaction/CarryableRotation.cs:20)
"
15:10:25.664,ERROR,Unity,"NullReferenceException: Object reference not set to an instance of an object
CarryableRotation.Update () (at Assets/Scripts/Interaction/CarryableRotation.cs:20)
"
15:10:25.678,ERROR,Unity,"NullReferenceException: Object reference not set to an instance of an object
CarryableRotation.Update () (at Assets/Scripts/Interaction/CarryableRotation.cs:20)
"
15:10:25.692,ERROR,Unity,"NullReferenceException: Object reference not set to an instance of an object
CarryableRotation.Update () (at Assets/Scripts/Interaction/CarryableRotation.cs:20)
"
15:10:25.707,ERROR,Unity,"NullReferenceException: Object reference not set to an instance of an object
CarryableRotation.Update () (at Assets/Scripts/Interaction/CarryableRotation.cs:20)
"
15:10:25.721,ERROR,Unity,"NullReferenceException: Object reference not set to an instance of an object
CarryableRotation.Update () (at Assets/Scripts/Interaction/CarryableRotation.cs:20)
"
15:10:25.736,ERROR,Unity,"NullReferenceException: Object reference not set to an instance of an object
CarryableRotation.Update () (at Assets/Scripts/Interaction/CarryableRotation.cs:20)
"
15:10:25.751,ERROR,Unity,"NullReferenceException: Object reference not set to an instance of an object
CarryableRotation.Update () (at Assets/Scripts/Interaction/CarryableRotation.cs:20)
"
15:10:25.764,ERROR,Unity,"NullReferenceException: Object reference not set to an instance of an object
CarryableRotation.Update () (at Assets/Scripts/Interaction/CarryableRotation.cs:20)
"
15:10:25.778,ERROR,Unity,"NullReferenceException: Object reference not set to an instance of an object
CarryableRotation.Update () (at Assets/Scripts/Interaction/CarryableRotation.cs:20)
"
15:10:25.794,ERROR,Unity,"NullReferenceException: Object reference not set to an instance of an object
CarryableRotation.Update () (at Assets/Scripts/Interaction/CarryableRotation.cs:20)
"
15:10:25.810,ERROR,Unity,"NullReferenceException: Object reference not set to an instance of an object
CarryableRotation.Update () (at Assets/Scripts/Interaction/CarryableRotation.cs:20)
"
15:10:25.825,ERROR,Unity,"NullReferenceException: Object reference not set to an instance of an object
CarryableRotation.Update () (at Assets/Scripts/Interaction/CarryableRotation.cs:20)
"
15:10:25.839,ERROR,Unity,"NullReferenceException: Object reference not set to an instance of an object
CarryableRotation.Update () (at Assets/Scripts/Interaction/CarryableRotation.cs:20)
"
15:10:25.854,ERROR,Unity,"NullReferenceException: Object reference not set to an instance of an object
CarryableRotation.Update () (at Assets/Scripts/Interaction/CarryableRotation.cs:20)
"
15:10:25.867,ERROR,Unity,"NullReferenceException: Object reference not set to an instance of an object
CarryableRotation.Update () (at Assets/Scripts/Interaction/CarryableRotation.cs:20)
"
15:10:25.882,ERROR,Unity,"NullReferenceException: Object reference not set to an instance of an object
CarryableRotation.Update () (at Assets/Scripts/Interaction/CarryableRotation.cs:20)
"
15:10:25.896,ERROR,Unity,"NullReferenceException: Object reference not set to an instance of an object
CarryableRotation.Update () (at Assets/Scripts/Interaction/CarryableRotation.cs:20)
"
15:10:25.912,ERROR,Unity,"NullReferenceException: Object reference not set to an instance of an object
CarryableRotation.Update () (at Assets/Scripts/Interaction/CarryableRotation.cs:20)
"
15:10:25.926,ERROR,Unity,"NullReferenceException: Object reference not set to an instance of an object
CarryableRotation.Update () (at Assets/Scripts/Interaction/CarryableRotation.cs:20)
"
15:10:25.941,ERROR,Unity,"NullReferenceException: Object reference not set to an instance of an object
CarryableRotation.Update () (at Assets/Scripts/Interaction/CarryableRotation.cs:20)
"
15:10:25.956,ERROR,Unity,"NullReferenceException: Object reference not set to an instance of an object
CarryableRotation.Update () (at Assets/Scripts/Interaction/CarryableRotation.cs:20)
"
15:10:25.971,ERROR,Unity,"NullReferenceException: Object reference not set to an instance of an object
CarryableRotation.Update () (at Assets/Scripts/Interaction/CarryableRotation.cs:20)
"
15:10:25.985,ERROR,Unity,"NullReferenceException: Object reference not set to an instance of an object
CarryableRotation.Update () (at Assets/Scripts/Interaction/CarryableRotation.cs:20)
"
15:10:26.001,ERROR,Unity,"NullReferenceException: Object reference not set to an instance of an object
CarryableRotation.Update () (at Assets/Scripts/Interaction/CarryableRotation.cs:20)
"
15:10:26.017,ERROR,Unity,"NullReferenceException: Object reference not set to an instance of an object
CarryableRotation.Update () (at Assets/Scripts/Interaction/CarryableRotation.cs:20)
"
15:10:26.031,ERROR,Unity,"NullReferenceException: Object reference not set to an instance of an object
CarryableRotation.Update () (at Assets/Scripts/Interaction/CarryableRotation.cs:20)
"
15:10:26.045,ERROR,Unity,"NullReferenceException: Object reference not set to an instance of an object
CarryableRotation.Update () (at Assets/Scripts/Interaction/CarryableRotation.cs:20)
"
15:10:26.060,ERROR,Unity,"NullReferenceException: Object reference not set to an instance of an object
CarryableRotation.Update () (at Assets/Scripts/Interaction/CarryableRotation.cs:20)
"
15:10:26.074,ERROR,Unity,"NullReferenceException: Object reference not set to an instance of an object
CarryableRotation.Update () (at Assets/Scripts/Interaction/CarryableRotation.cs:20)
"
15:10:26.089,ERROR,Unity,"NullReferenceException: Object reference not set to an instance of an object
CarryableRotation.Update () (at Assets/Scripts/Interaction/CarryableRotation.cs:20)
"
15:10:26.105,ERROR,Unity,"NullReferenceException: Object reference not set to an instance of an object
CarryableRotation.Update () (at Assets/Scripts/Interaction/CarryableRotation.cs:20)
"
15:10:26.118,ERROR,Unity,"NullReferenceException: Object reference not set to an instance of an object
CarryableRotation.Update () (at Assets/Scripts/Interaction/CarryableRotation.cs:20)
"
15:10:26.133,ERROR,Unity,"NullReferenceException: Object reference not set to an instance of an object
CarryableRotation.Update () (at Assets/Scripts/Interaction/CarryableRotation.cs:20)
"
15:10:26.146,ERROR,Unity,"NullReferenceException: Object reference not set to an instance of an object
CarryableRotation.Update () (at Assets/Scripts/Interaction/CarryableRotation.cs:20)
"
15:10:26.161,ERROR,Unity,"NullReferenceException: Object reference not set to an instance of an object
CarryableRotation.Update () (at Assets/Scripts/Interaction/CarryableRotation.cs:20)
"
15:10:26.175,ERROR,Unity,"NullReferenceException: Object reference not set to an instance of an object
CarryableRotation.Update () (at Assets/Scripts/Interaction/CarryableRotation.cs:20)
"
15:10:26.189,ERROR,Unity,"NullReferenceException: Object reference not set to an instance of an object
CarryableRotation.Update () (at Assets/Scripts/Interaction/CarryableRotation.cs:20)
"
15:10:26.205,ERROR,Unity,"NullReferenceException: Object reference not set to an instance of an object
CarryableRotation.Update () (at Assets/Scripts/Interaction/CarryableRotation.cs:20)
"
15:10:26.223,ERROR,Unity,"NullReferenceException: Object reference not set to an instance of an object
CarryableRotation.Update () (at Assets/Scripts/Interaction/CarryableRotation.cs:20)
"
15:10:26.236,ERROR,Unity,"NullReferenceException: Object reference not set to an instance of an object
CarryableRotation.Update () (at Assets/Scripts/Interaction/CarryableRotation.cs:20)
"
15:10:26.251,ERROR,Unity,"NullReferenceException: Object reference not set to an instance of an object
CarryableRotation.Update () (at Assets/Scripts/Interaction/CarryableRotation.cs:20)
"
15:10:26.265,ERROR,Unity,"NullReferenceException: Object reference not set to an instance of an object
CarryableRotation.Update () (at Assets/Scripts/Interaction/CarryableRotation.cs:20)
"
15:10:26.279,ERROR,Unity,"NullReferenceException: Object reference not set to an instance of an object
CarryableRotation.Update () (at Assets/Scripts/Interaction/CarryableRotation.cs:20)
"
15:10:26.292,ERROR,Unity,"NullReferenceException: Object reference not set to an instance of an object
CarryableRotation.Update () (at Assets/Scripts/Interaction/CarryableRotation.cs:20)
"
15:10:26.307,ERROR,Unity,"NullReferenceException: Object reference not set to an instance of an object
CarryableRotation.Update () (at Assets/Scripts/Interaction/CarryableRotation.cs:20)
"
15:10:26.322,ERROR,Unity,"NullReferenceException: Object reference not set to an instance of an object
CarryableRotation.Update () (at Assets/Scripts/Interaction/CarryableRotation.cs:20)
"
15:10:26.336,ERROR,Unity,"NullReferenceException: Object reference not set to an instance of an object
CarryableRotation.Update () (at Assets/Scripts/Interaction/CarryableRotation.cs:20)
"
15:10:26.353,ERROR,Unity,"NullReferenceException: Object reference not set to an instance of an object
CarryableRotation.Update () (at Assets/Scripts/Interaction/CarryableRotation.cs:20)
"
15:10:26.368,ERROR,Unity,"NullReferenceException: Object reference not set to an instance of an object
CarryableRotation.Update () (at Assets/Scripts/Interaction/CarryableRotation.cs:20)
"
15:10:26.381,ERROR,Unity,"NullReferenceException: Object reference not set to an instance of an object
CarryableRotation.Update () (at Assets/Scripts/Interaction/CarryableRotation.cs:20)
"
15:10:26.396,ERROR,Unity,"NullReferenceException: Object reference not set to an instance of an object
CarryableRotation.Update () (at Assets/Scripts/Interaction/CarryableRotation.cs:20)
"
15:10:26.410,ERROR,Unity,"NullReferenceException: Object reference not set to an instance of an object
CarryableRotation.Update () (at Assets/Scripts/Interaction/CarryableRotation.cs:20)
"
15:10:26.427,ERROR,Unity,"NullReferenceException: Object reference not set to an instance of an object
CarryableRotation.Update () (at Assets/Scripts/Interaction/CarryableRotation.cs:20)
"
15:10:26.442,ERROR,Unity,"NullReferenceException: Object reference not set to an instance of an object
CarryableRotation.Update () (at Assets/Scripts/Interaction/CarryableRotation.cs:20)
"
15:10:26.457,ERROR,Unity,"NullReferenceException: Object reference not set to an instance of an object
CarryableRotation.Update () (at Assets/Scripts/Interaction/CarryableRotation.cs:20)
"
15:10:26.471,ERROR,Unity,"NullReferenceException: Object reference not set to an instance of an object
CarryableRotation.Update () (at Assets/Scripts/Interaction/CarryableRotation.cs:20)
"
15:10:26.484,ERROR,Unity,"NullReferenceException: Object reference not set to an instance of an object
CarryableRotation.Update () (at Assets/Scripts/Interaction/CarryableRotation.cs:20)
"
15:10:26.499,ERROR,Unity,"NullReferenceException: Object reference not set to an instance of an object
CarryableRotation.Update () (at Assets/Scripts/Interaction/CarryableRotation.cs:20)
"
15:10:26.513,ERROR,Unity,"NullReferenceException: Object reference not set to an instance of an object
CarryableRotation.Update () (at Assets/Scripts/Interaction/CarryableRotation.cs:20)
"
15:10:26.528,ERROR,Unity,"NullReferenceException: Object reference not set to an instance of an object
CarryableRotation.Update () (at Assets/Scripts/Interaction/CarryableRotation.cs:20)
"
15:10:26.542,ERROR,Unity,"NullReferenceException: Object reference not set to an instance of an object
CarryableRotation.Update () (at Assets/Scripts/Interaction/CarryableRotation.cs:20)
"
15:10:26.556,ERROR,Unity,"NullReferenceException: Object reference not set to an instance of an object
CarryableRotation.Update () (at Assets/Scripts/Interaction/CarryableRotation.cs:20)
"
15:10:26.571,ERROR,Unity,"NullReferenceException: Object reference not set to an instance of an object
CarryableRotation.Update () (at Assets/Scripts/Interaction/CarryableRotation.cs:20)
"
15:10:26.585,ERROR,Unity,"NullReferenceException: Object reference not set to an instance of an object
CarryableRotation.Update () (at Assets/Scripts/Interaction/CarryableRotation.cs:20)
"
15:10:26.599,INFO,Unity,maxJumpVelocity20
15:10:26.600,ERROR,Unity,"NullReferenceException: Object reference not set to an instance of an object
CarryableRotation.Update () (at Assets/Scripts/Interaction/CarryableRotation.cs:20)
"
15:10:26.615,ERROR,Unity,"NullReferenceException: Object reference not set to an instance of an object
CarryableRotation.Update () (at Assets/Scripts/Interaction/CarryableRotation.cs:20)
"
15:10:26.633,ERROR,Unity,"NullReferenceException: Object reference not set to an instance of an object
CarryableRotation.Update () (at Assets/Scripts/Interaction/CarryableRotation.cs:20)
"
15:10:26.647,ERROR,Unity,"NullReferenceException: Object reference not set to an instance of an object
CarryableRotation.Update () (at Assets/Scripts/Interaction/CarryableRotation.cs:20)
"
15:10:26.661,ERROR,Unity,"NullReferenceException: Object reference not set to an instance of an object
CarryableRotation.Update () (at Assets/Scripts/Interaction/CarryableRotation.cs:20)
"
15:10:26.675,ERROR,Unity,"NullReferenceException: Object reference not set to an instance of an object
CarryableRotation.Update () (at Assets/Scripts/Interaction/CarryableRotation.cs:20)
"
15:10:26.691,ERROR,Unity,"NullReferenceException: Object reference not set to an instance of an object
CarryableRotation.Update () (at Assets/Scripts/Interaction/CarryableRotation.cs:20)
"
15:10:26.705,ERROR,Unity,"NullReferenceException: Object reference not set to an instance of an object
CarryableRotation.Update () (at Assets/Scripts/Interaction/CarryableRotation.cs:20)
"
15:10:26.719,ERROR,Unity,"NullReferenceException: Object reference not set to an instance of an object
CarryableRotation.Update () (at Assets/Scripts/Interaction/CarryableRotation.cs:20)
"
15:10:26.732,ERROR,Unity,"NullReferenceException: Object reference not set to an instance of an object
CarryableRotation.Update () (at Assets/Scripts/Interaction/CarryableRotation.cs:20)
"
15:10:26.747,ERROR,Unity,"NullReferenceException: Object reference not set to an instance of an object
CarryableRotation.Update () (at Assets/Scripts/Interaction/CarryableRotation.cs:20)
"
15:10:26.761,ERROR,Unity,"NullReferenceException: Object reference not set to an instance of an object
CarryableRotation.Update () (at Assets/Scripts/Interaction/CarryableRotation.cs:20)
"
15:10:26.775,ERROR,Unity,"NullReferenceException: Object reference not set to an instance of an object
CarryableRotation.Update () (at Assets/Scripts/Interaction/CarryableRotation.cs:20)
"
15:10:26.789,ERROR,Unity,"NullReferenceException: Object reference not set to an instance of an object
CarryableRotation.Update () (at Assets/Scripts/Interaction/CarryableRotation.cs:20)
"
15:10:26.803,ERROR,Unity,"NullReferenceException: Object reference not set to an instance of an object
CarryableRotation.Update () (at Assets/Scripts/Interaction/CarryableRotation.cs:20)
"
15:10:26.817,ERROR,Unity,"NullReferenceException: Object reference not set to an instance of an object
CarryableRotation.Update () (at Assets/Scripts/Interaction/CarryableRotation.cs:20)
"
15:10:26.834,ERROR,Unity,"NullReferenceException: Object reference not set to an instance of an object
CarryableRotation.Update () (at Assets/Scripts/Interaction/CarryableRotation.cs:20)
"
15:10:26.847,ERROR,Unity,"NullReferenceException: Object reference not set to an instance of an object
CarryableRotation.Update () (at Assets/Scripts/Interaction/CarryableRotation.cs:20)
"
15:10:26.862,ERROR,Unity,"NullReferenceException: Object reference not set to an instance of an object
CarryableRotation.Update () (at Assets/Scripts/Interaction/CarryableRotation.cs:20)
"
15:10:26.876,ERROR,Unity,"NullReferenceException: Object reference not set to an instance of an object
CarryableRotation.Update () (at Assets/Scripts/Interaction/CarryableRotation.cs:20)
"
15:10:26.890,ERROR,Unity,"NullReferenceException: Object reference not set to an instance of an object
CarryableRotation.Update () (at Assets/Scripts/Interaction/CarryableRotation.cs:20)
"
15:10:26.904,ERROR,Unity,"NullReferenceException: Object reference not set to an instance of an object
CarryableRotation.Update () (at Assets/Scripts/Interaction/CarryableRotation.cs:20)
"
15:10:26.919,ERROR,Unity,"NullReferenceException: Object reference not set to an instance of an object
CarryableRotation.Update () (at Assets/Scripts/Interaction/CarryableRotation.cs:20)
"
15:10:26.933,ERROR,Unity,"NullReferenceException: Object reference not set to an instance of an object
CarryableRotation.Update () (at Assets/Scripts/Interaction/CarryableRotation.cs:20)
"
15:10:26.947,ERROR,Unity,"NullReferenceException: Object reference not set to an instance of an object
CarryableRotation.Update () (at Assets/Scripts/Interaction/CarryableRotation.cs:20)
"
15:10:26.961,ERROR,Unity,"NullReferenceException: Object reference not set to an instance of an object
CarryableRotation.Update () (at Assets/Scripts/Interaction/CarryableRotation.cs:20)
"
15:10:26.976,ERROR,Unity,"NullReferenceException: Object reference not set to an instance of an object
CarryableRotation.Update () (at Assets/Scripts/Interaction/CarryableRotation.cs:20)
"
15:10:26.989,ERROR,Unity,"NullReferenceException: Object reference not set to an instance of an object
CarryableRotation.Update () (at Assets/Scripts/Interaction/CarryableRotation.cs:20)
"
15:10:27.006,ERROR,Unity,"NullReferenceException: Object reference not set to an instance of an object
CarryableRotation.Update () (at Assets/Scripts/Interaction/CarryableRotation.cs:20)
"
15:10:27.019,ERROR,Unity,"NullReferenceException: Object reference not set to an instance of an object
CarryableRotation.Update () (at Assets/Scripts/Interaction/CarryableRotation.cs:20)
"
15:10:27.035,ERROR,Unity,"NullReferenceException: Object reference not set to an instance of an object
CarryableRotation.Update () (at Assets/Scripts/Interaction/CarryableRotation.cs:20)
"
15:10:27.051,ERROR,Unity,"NullReferenceException: Object reference not set to an instance of an object
CarryableRotation.Update () (at Assets/Scripts/Interaction/CarryableRotation.cs:20)
"
15:10:27.066,ERROR,Unity,"NullReferenceException: Object reference not set to an instance of an object
CarryableRotation.Update () (at Assets/Scripts/Interaction/CarryableRotation.cs:20)
"
15:10:27.080,ERROR,Unity,"NullReferenceException: Object reference not set to an instance of an object
CarryableRotation.Update () (at Assets/Scripts/Interaction/CarryableRotation.cs:20)
"
15:10:27.093,ERROR,Unity,"NullReferenceException: Object reference not set to an instance of an object
CarryableRotation.Update () (at Assets/Scripts/Interaction/CarryableRotation.cs:20)
"
15:10:27.108,ERROR,Unity,"NullReferenceException: Object reference not set to an instance of an object
CarryableRotation.Update () (at Assets/Scripts/Interaction/CarryableRotation.cs:20)
"
15:10:27.123,ERROR,Unity,"NullReferenceException: Object reference not set to an instance of an object
CarryableRotation.Update () (at Assets/Scripts/Interaction/CarryableRotation.cs:20)
"
15:10:27.137,ERROR,Unity,"NullReferenceException: Object reference not set to an instance of an object
CarryableRotation.Update () (at Assets/Scripts/Interaction/CarryableRotation.cs:20)
"
15:10:27.151,ERROR,Unity,"NullReferenceException: Object reference not set to an instance of an object
CarryableRotation.Update () (at Assets/Scripts/Interaction/CarryableRotation.cs:20)
"
15:10:27.166,ERROR,Unity,"NullReferenceException: Object reference not set to an instance of an object
CarryableRotation.Update () (at Assets/Scripts/Interaction/CarryableRotation.cs:20)
"
15:10:27.180,ERROR,Unity,"NullReferenceException: Object reference not set to an instance of an object
CarryableRotation.Update () (at Assets/Scripts/Interaction/CarryableRotation.cs:20)
"
15:10:27.193,ERROR,Unity,"NullReferenceException: Object reference not set to an instance of an object
CarryableRotation.Update () (at Assets/Scripts/Interaction/CarryableRotation.cs:20)
"
15:10:27.207,ERROR,Unity,"NullReferenceException: Object reference not set to an instance of an object
CarryableRotation.Update () (at Assets/Scripts/Interaction/CarryableRotation.cs:20)
"
15:10:27.222,ERROR,Unity,"NullReferenceException: Object reference not set to an instance of an object
CarryableRotation.Update () (at Assets/Scripts/Interaction/CarryableRotation.cs:20)
"
15:10:27.238,ERROR,Unity,"NullReferenceException: Object reference not set to an instance of an object
CarryableRotation.Update () (at Assets/Scripts/Interaction/CarryableRotation.cs:20)
"
15:10:27.252,ERROR,Unity,"NullReferenceException: Object reference not set to an instance of an object
CarryableRotation.Update () (at Assets/Scripts/Interaction/CarryableRotation.cs:20)
"
15:10:27.266,ERROR,Unity,"NullReferenceException: Object reference not set to an instance of an object
CarryableRotation.Update () (at Assets/Scripts/Interaction/CarryableRotation.cs:20)
"
15:10:27.281,ERROR,Unity,"NullReferenceException: Object reference not set to an instance of an object
CarryableRotation.Update () (at Assets/Scripts/Interaction/CarryableRotation.cs:20)
"
15:10:27.294,ERROR,Unity,"NullReferenceException: Object reference not set to an instance of an object
CarryableRotation.Update () (at Assets/Scripts/Interaction/CarryableRotation.cs:20)
"
15:10:27.308,ERROR,Unity,"NullReferenceException: Object reference not set to an instance of an object
CarryableRotation.Update () (at Assets/Scripts/Interaction/CarryableRotation.cs:20)
"
15:10:27.322,ERROR,Unity,"NullReferenceException: Object reference not set to an instance of an object
CarryableRotation.Update () (at Assets/Scripts/Interaction/CarryableRotation.cs:20)
"
15:10:27.337,ERROR,Unity,"NullReferenceException: Object reference not set to an instance of an object
CarryableRotation.Update () (at Assets/Scripts/Interaction/CarryableRotation.cs:20)
"
15:10:27.351,ERROR,Unity,"NullReferenceException: Object reference not set to an instance of an object
CarryableRotation.Update () (at Assets/Scripts/Interaction/CarryableRotation.cs:20)
"
15:10:27.364,ERROR,Unity,"NullReferenceException: Object reference not set to an instance of an object
CarryableRotation.Update () (at Assets/Scripts/Interaction/CarryableRotation.cs:20)
"
15:10:27.379,ERROR,Unity,"NullReferenceException: Object reference not set to an instance of an object
CarryableRotation.Update () (at Assets/Scripts/Interaction/CarryableRotation.cs:20)
"
15:10:27.393,ERROR,Unity,"NullReferenceException: Object reference not set to an instance of an object
CarryableRotation.Update () (at Assets/Scripts/Interaction/CarryableRotation.cs:20)
"
15:10:27.406,ERROR,Unity,"NullReferenceException: Object reference not set to an instance of an object
CarryableRotation.Update () (at Assets/Scripts/Interaction/CarryableRotation.cs:20)
"
15:10:27.421,ERROR,Unity,"NullReferenceException: Object reference not set to an instance of an object
CarryableRotation.Update () (at Assets/Scripts/Interaction/CarryableRotation.cs:20)
"
15:10:27.435,ERROR,Unity,"NullReferenceException: Object reference not set to an instance of an object
CarryableRotation.Update () (at Assets/Scripts/Interaction/CarryableRotation.cs:20)
"
15:10:27.451,ERROR,Unity,"NullReferenceException: Object reference not set to an instance of an object
CarryableRotation.Update () (at Assets/Scripts/Interaction/CarryableRotation.cs:20)
"
15:10:27.466,ERROR,Unity,"NullReferenceException: Object reference not set to an instance of an object
CarryableRotation.Update () (at Assets/Scripts/Interaction/CarryableRotation.cs:20)
"
15:10:27.480,ERROR,Unity,"NullReferenceException: Object reference not set to an instance of an object
CarryableRotation.Update () (at Assets/Scripts/Interaction/CarryableRotation.cs:20)
"
15:10:27.494,ERROR,Unity,"NullReferenceException: Object reference not set to an instance of an object
CarryableRotation.Update () (at Assets/Scripts/Interaction/CarryableRotation.cs:20)
"
15:10:27.507,ERROR,Unity,"NullReferenceException: Object reference not set to an instance of an object
CarryableRotation.Update () (at Assets/Scripts/Interaction/CarryableRotation.cs:20)
"
15:10:27.522,ERROR,Unity,"NullReferenceException: Object reference not set to an instance of an object
CarryableRotation.Update () (at Assets/Scripts/Interaction/CarryableRotation.cs:20)
"
15:10:27.536,ERROR,Unity,"NullReferenceException: Object reference not set to an instance of an object
CarryableRotation.Update () (at Assets/Scripts/Interaction/CarryableRotation.cs:20)
"
15:10:27.550,ERROR,Unity,"NullReferenceException: Object reference not set to an instance of an object
CarryableRotation.Update () (at Assets/Scripts/Interaction/CarryableRotation.cs:20)
"
15:10:27.564,ERROR,Unity,"NullReferenceException: Object reference not set to an instance of an object
CarryableRotation.Update () (at Assets/Scripts/Interaction/CarryableRotation.cs:20)
"
15:10:27.577,ERROR,Unity,"NullReferenceException: Object reference not set to an instance of an object
CarryableRotation.Update () (at Assets/Scripts/Interaction/CarryableRotation.cs:20)
"
15:10:27.592,ERROR,Unity,"NullReferenceException: Object reference not set to an instance of an object
CarryableRotation.Update () (at Assets/Scripts/Interaction/CarryableRotation.cs:20)
"
15:10:27.606,ERROR,Unity,"NullReferenceException: Object reference not set to an instance of an object
CarryableRotation.Update () (at Assets/Scripts/Interaction/CarryableRotation.cs:20)
"
15:10:27.619,ERROR,Unity,"NullReferenceException: Object reference not set to an instance of an object
CarryableRotation.Update () (at Assets/Scripts/Interaction/CarryableRotation.cs:20)
"
15:10:27.634,ERROR,Unity,"NullReferenceException: Object reference not set to an instance of an object
CarryableRotation.Update () (at Assets/Scripts/Interaction/CarryableRotation.cs:20)
"
15:10:27.647,ERROR,Unity,"NullReferenceException: Object reference not set to an instance of an object
CarryableRotation.Update () (at Assets/Scripts/Interaction/CarryableRotation.cs:20)
"
15:10:27.664,ERROR,Unity,"NullReferenceException: Object reference not set to an instance of an object
CarryableRotation.Update () (at Assets/Scripts/Interaction/CarryableRotation.cs:20)
"
15:10:27.677,ERROR,Unity,"NullReferenceException: Object reference not set to an instance of an object
CarryableRotation.Update () (at Assets/Scripts/Interaction/CarryableRotation.cs:20)
"
15:10:27.692,ERROR,Unity,"NullReferenceException: Object reference not set to an instance of an object
CarryableRotation.Update () (at Assets/Scripts/Interaction/CarryableRotation.cs:20)
"
15:10:27.707,ERROR,Unity,"NullReferenceException: Object reference not set to an instance of an object
CarryableRotation.Update () (at Assets/Scripts/Interaction/CarryableRotation.cs:20)
"
15:10:27.721,ERROR,Unity,"NullReferenceException: Object reference not set to an instance of an object
CarryableRotation.Update () (at Assets/Scripts/Interaction/CarryableRotation.cs:20)
"
15:10:27.734,ERROR,Unity,"NullReferenceException: Object reference not set to an instance of an object
CarryableRotation.Update () (at Assets/Scripts/Interaction/CarryableRotation.cs:20)
"
15:10:27.748,ERROR,Unity,"NullReferenceException: Object reference not set to an instance of an object
CarryableRotation.Update () (at Assets/Scripts/Interaction/CarryableRotation.cs:20)
"
15:10:27.762,ERROR,Unity,"NullReferenceException: Object reference not set to an instance of an object
CarryableRotation.Update () (at Assets/Scripts/Interaction/CarryableRotation.cs:20)
"
15:10:27.776,ERROR,Unity,"NullReferenceException: Object reference not set to an instance of an object
CarryableRotation.Update () (at Assets/Scripts/Interaction/CarryableRotation.cs:20)
"
15:10:27.790,ERROR,Unity,"NullReferenceException: Object reference not set to an instance of an object
CarryableRotation.Update () (at Assets/Scripts/Interaction/CarryableRotation.cs:20)
"
15:10:27.804,ERROR,Unity,"NullReferenceException: Object reference not set to an instance of an object
CarryableRotation.Update () (at Assets/Scripts/Interaction/CarryableRotation.cs:20)
"
15:10:27.818,ERROR,Unity,"NullReferenceException: Object reference not set to an instance of an object
CarryableRotation.Update () (at Assets/Scripts/Interaction/CarryableRotation.cs:20)
"
15:10:27.833,ERROR,Unity,"NullReferenceException: Object reference not set to an instance of an object
CarryableRotation.Update () (at Assets/Scripts/Interaction/CarryableRotation.cs:20)
"
15:10:27.847,ERROR,Unity,"NullReferenceException: Object reference not set to an instance of an object
CarryableRotation.Update () (at Assets/Scripts/Interaction/CarryableRotation.cs:20)
"
15:10:27.860,ERROR,Unity,"NullReferenceException: Object reference not set to an instance of an object
CarryableRotation.Update () (at Assets/Scripts/Interaction/CarryableRotation.cs:20)
"
15:10:27.876,ERROR,Unity,"NullReferenceException: Object reference not set to an instance of an object
CarryableRotation.Update () (at Assets/Scripts/Interaction/CarryableRotation.cs:20)
"
15:10:27.890,ERROR,Unity,"NullReferenceException: Object reference not set to an instance of an object
CarryableRotation.Update () (at Assets/Scripts/Interaction/CarryableRotation.cs:20)
"
15:10:27.903,ERROR,Unity,"NullReferenceException: Object reference not set to an instance of an object
CarryableRotation.Update () (at Assets/Scripts/Interaction/CarryableRotation.cs:20)
"
15:10:27.918,ERROR,Unity,"NullReferenceException: Object reference not set to an instance of an object
CarryableRotation.Update () (at Assets/Scripts/Interaction/CarryableRotation.cs:20)
"
15:10:27.932,ERROR,Unity,"NullReferenceException: Object reference not set to an instance of an object
CarryableRotation.Update () (at Assets/Scripts/Interaction/CarryableRotation.cs:20)
"
15:10:27.946,ERROR,Unity,"NullReferenceException: Object reference not set to an instance of an object
CarryableRotation.Update () (at Assets/Scripts/Interaction/CarryableRotation.cs:20)
"
15:10:27.960,ERROR,Unity,"NullReferenceException: Object reference not set to an instance of an object
CarryableRotation.Update () (at Assets/Scripts/Interaction/CarryableRotation.cs:20)
"
15:10:27.974,ERROR,Unity,"NullReferenceException: Object reference not set to an instance of an object
CarryableRotation.Update () (at Assets/Scripts/Interaction/CarryableRotation.cs:20)
"
15:10:27.988,ERROR,Unity,"NullReferenceException: Object reference not set to an instance of an object
CarryableRotation.Update () (at Assets/Scripts/Interaction/CarryableRotation.cs:20)
"
15:10:28.002,ERROR,Unity,"NullReferenceException: Object reference not set to an instance of an object
CarryableRotation.Update () (at Assets/Scripts/Interaction/CarryableRotation.cs:20)
"
15:10:28.017,ERROR,Unity,"NullReferenceException: Object reference not set to an instance of an object
CarryableRotation.Update () (at Assets/Scripts/Interaction/CarryableRotation.cs:20)
"
15:10:28.031,ERROR,Unity,"NullReferenceException: Object reference not set to an instance of an object
CarryableRotation.Update () (at Assets/Scripts/Interaction/CarryableRotation.cs:20)
"
15:10:28.046,ERROR,Unity,"NullReferenceException: Object reference not set to an instance of an object
CarryableRotation.Update () (at Assets/Scripts/Interaction/CarryableRotation.cs:20)
"
15:10:28.060,ERROR,Unity,"NullReferenceException: Object reference not set to an instance of an object
CarryableRotation.Update () (at Assets/Scripts/Interaction/CarryableRotation.cs:20)
"
15:10:28.076,ERROR,Unity,"NullReferenceException: Object reference not set to an instance of an object
CarryableRotation.Update () (at Assets/Scripts/Interaction/CarryableRotation.cs:20)
"
15:10:28.091,ERROR,Unity,"NullReferenceException: Object reference not set to an instance of an object
CarryableRotation.Update () (at Assets/Scripts/Interaction/CarryableRotation.cs:20)
"
15:10:28.105,ERROR,Unity,"NullReferenceException: Object reference not set to an instance of an object
CarryableRotation.Update () (at Assets/Scripts/Interaction/CarryableRotation.cs:20)
"
15:10:28.119,ERROR,Unity,"NullReferenceException: Object reference not set to an instance of an object
CarryableRotation.Update () (at Assets/Scripts/Interaction/CarryableRotation.cs:20)
"
15:10:28.132,ERROR,Unity,"NullReferenceException: Object reference not set to an instance of an object
CarryableRotation.Update () (at Assets/Scripts/Interaction/CarryableRotation.cs:20)
"
15:10:28.147,ERROR,Unity,"NullReferenceException: Object reference not set to an instance of an object
CarryableRotation.Update () (at Assets/Scripts/Interaction/CarryableRotation.cs:20)
"
15:10:28.160,ERROR,Unity,"NullReferenceException: Object reference not set to an instance of an object
CarryableRotation.Update () (at Assets/Scripts/Interaction/CarryableRotation.cs:20)
"
15:10:28.178,ERROR,Unity,"NullReferenceException: Object reference not set to an instance of an object
CarryableRotation.Update () (at Assets/Scripts/Interaction/CarryableRotation.cs:20)
"
15:10:28.196,ERROR,Unity,"NullReferenceException: Object reference not set to an instance of an object
CarryableRotation.Update () (at Assets/Scripts/Interaction/CarryableRotation.cs:20)
"
15:10:28.214,ERROR,Unity,"NullReferenceException: Object reference not set to an instance of an object
CarryableRotation.Update () (at Assets/Scripts/Interaction/CarryableRotation.cs:20)
"
15:10:28.229,ERROR,Unity,"NullReferenceException: Object reference not set to an instance of an object
CarryableRotation.Update () (at Assets/Scripts/Interaction/CarryableRotation.cs:20)
"
15:10:28.244,ERROR,Unity,"NullReferenceException: Object reference not set to an instance of an object
CarryableRotation.Update () (at Assets/Scripts/Interaction/CarryableRotation.cs:20)
"
15:10:28.258,ERROR,Unity,"NullReferenceException: Object reference not set to an instance of an object
CarryableRotation.Update () (at Assets/Scripts/Interaction/CarryableRotation.cs:20)
"
15:10:28.271,ERROR,Unity,"NullReferenceException: Object reference not set to an instance of an object
CarryableRotation.Update () (at Assets/Scripts/Interaction/CarryableRotation.cs:20)
"
15:10:28.287,ERROR,Unity,"NullReferenceException: Object reference not set to an instance of an object
CarryableRotation.Update () (at Assets/Scripts/Interaction/CarryableRotation.cs:20)
"
15:10:28.303,ERROR,Unity,"NullReferenceException: Object reference not set to an instance of an object
CarryableRotation.Update () (at Assets/Scripts/Interaction/CarryableRotation.cs:20)
"
15:10:28.316,ERROR,Unity,"NullReferenceException: Object reference not set to an instance of an object
CarryableRotation.Update () (at Assets/Scripts/Interaction/CarryableRotation.cs:20)
"
15:10:28.330,ERROR,Unity,"NullReferenceException: Object reference not set to an instance of an object
CarryableRotation.Update () (at Assets/Scripts/Interaction/CarryableRotation.cs:20)
"
15:10:28.344,ERROR,Unity,"NullReferenceException: Object reference not set to an instance of an object
CarryableRotation.Update () (at Assets/Scripts/Interaction/CarryableRotation.cs:20)
"
15:10:28.357,ERROR,Unity,"NullReferenceException: Object reference not set to an instance of an object
CarryableRotation.Update () (at Assets/Scripts/Interaction/CarryableRotation.cs:20)
"
15:10:28.372,ERROR,Unity,"NullReferenceException: Object reference not set to an instance of an object
CarryableRotation.Update () (at Assets/Scripts/Interaction/CarryableRotation.cs:20)
"
15:10:28.385,ERROR,Unity,"NullReferenceException: Object reference not set to an instance of an object
CarryableRotation.Update () (at Assets/Scripts/Interaction/CarryableRotation.cs:20)
"
15:10:28.400,ERROR,Unity,"NullReferenceException: Object reference not set to an instance of an object
CarryableRotation.Update () (at Assets/Scripts/Interaction/CarryableRotation.cs:20)
"
15:10:28.414,ERROR,Unity,"NullReferenceException: Object reference not set to an instance of an object
CarryableRotation.Update () (at Assets/Scripts/Interaction/CarryableRotation.cs:20)
"
15:10:28.427,ERROR,Unity,"NullReferenceException: Object reference not set to an instance of an object
CarryableRotation.Update () (at Assets/Scripts/Interaction/CarryableRotation.cs:20)
"
15:10:28.442,ERROR,Unity,"NullReferenceException: Object reference not set to an instance of an object
CarryableRotation.Update () (at Assets/Scripts/Interaction/CarryableRotation.cs:20)
"
15:10:28.456,ERROR,Unity,"NullReferenceException: Object reference not set to an instance of an object
CarryableRotation.Update () (at Assets/Scripts/Interaction/CarryableRotation.cs:20)
"
15:10:28.470,ERROR,Unity,"NullReferenceException: Object reference not set to an instance of an object
CarryableRotation.Update () (at Assets/Scripts/Interaction/CarryableRotation.cs:20)
"
15:10:28.484,ERROR,Unity,"NullReferenceException: Object reference not set to an instance of an object
CarryableRotation.Update () (at Assets/Scripts/Interaction/CarryableRotation.cs:20)
"
15:10:28.501,ERROR,Unity,"NullReferenceException: Object reference not set to an instance of an object
CarryableRotation.Update () (at Assets/Scripts/Interaction/CarryableRotation.cs:20)
"
15:10:28.515,ERROR,Unity,"NullReferenceException: Object reference not set to an instance of an object
CarryableRotation.Update () (at Assets/Scripts/Interaction/CarryableRotation.cs:20)
"
15:10:28.533,ERROR,Unity,"NullReferenceException: Object reference not set to an instance of an object
CarryableRotation.Update () (at Assets/Scripts/Interaction/CarryableRotation.cs:20)
"
15:10:28.551,ERROR,Unity,"NullReferenceException: Object reference not set to an instance of an object
CarryableRotation.Update () (at Assets/Scripts/Interaction/CarryableRotation.cs:20)
"
15:10:28.565,ERROR,Unity,"NullReferenceException: Object reference not set to an instance of an object
CarryableRotation.Update () (at Assets/Scripts/Interaction/CarryableRotation.cs:20)
"
15:10:28.579,ERROR,Unity,"NullReferenceException: Object reference not set to an instance of an object
CarryableRotation.Update () (at Assets/Scripts/Interaction/CarryableRotation.cs:20)
"
15:10:28.599,ERROR,Unity,"NullReferenceException: Object reference not set to an instance of an object
CarryableRotation.Update () (at Assets/Scripts/Interaction/CarryableRotation.cs:20)
"
15:10:28.617,ERROR,Unity,"NullReferenceException: Object reference not set to an instance of an object
CarryableRotation.Update () (at Assets/Scripts/Interaction/CarryableRotation.cs:20)
"
15:10:28.634,ERROR,Unity,"NullReferenceException: Object reference not set to an instance of an object
CarryableRotation.Update () (at Assets/Scripts/Interaction/CarryableRotation.cs:20)
"
15:10:28.652,ERROR,Unity,"NullReferenceException: Object reference not set to an instance of an object
CarryableRotation.Update () (at Assets/Scripts/Interaction/CarryableRotation.cs:20)
"
15:10:28.670,ERROR,Unity,"NullReferenceException: Object reference not set to an instance of an object
CarryableRotation.Update () (at Assets/Scripts/Interaction/CarryableRotation.cs:20)
"
15:10:28.688,ERROR,Unity,"NullReferenceException: Object reference not set to an instance of an object
CarryableRotation.Update () (at Assets/Scripts/Interaction/CarryableRotation.cs:20)
"
15:10:28.707,ERROR,Unity,"NullReferenceException: Object reference not set to an instance of an object
CarryableRotation.Update () (at Assets/Scripts/Interaction/CarryableRotation.cs:20)
"
15:10:28.724,ERROR,Unity,"NullReferenceException: Object reference not set to an instance of an object
CarryableRotation.Update () (at Assets/Scripts/Interaction/CarryableRotation.cs:20)
"
15:10:28.754,ERROR,Unity,"NullReferenceException: Object reference not set to an instance of an object
CarryableRotation.Update () (at Assets/Scripts/Interaction/CarryableRotation.cs:20)
"
15:10:28.769,ERROR,Unity,"NullReferenceException: Object reference not set to an instance of an object
CarryableRotation.Update () (at Assets/Scripts/Interaction/CarryableRotation.cs:20)
"
15:10:28.784,ERROR,Unity,"NullReferenceException: Object reference not set to an instance of an object
CarryableRotation.Update () (at Assets/Scripts/Interaction/CarryableRotation.cs:20)
"
15:10:28.798,ERROR,Unity,"NullReferenceException: Object reference not set to an instance of an object
CarryableRotation.Update () (at Assets/Scripts/Interaction/CarryableRotation.cs:20)
"
15:10:28.812,ERROR,Unity,"NullReferenceException: Object reference not set to an instance of an object
CarryableRotation.Update () (at Assets/Scripts/Interaction/CarryableRotation.cs:20)
"
15:10:28.825,ERROR,Unity,"NullReferenceException: Object reference not set to an instance of an object
CarryableRotation.Update () (at Assets/Scripts/Interaction/CarryableRotation.cs:20)
"
15:10:28.840,ERROR,Unity,"NullReferenceException: Object reference not set to an instance of an object
CarryableRotation.Update () (at Assets/Scripts/Interaction/CarryableRotation.cs:20)
"
15:10:28.854,ERROR,Unity,"NullReferenceException: Object reference not set to an instance of an object
CarryableRotation.Update () (at Assets/Scripts/Interaction/CarryableRotation.cs:20)
"
15:10:28.868,ERROR,Unity,"NullReferenceException: Object reference not set to an instance of an object
CarryableRotation.Update () (at Assets/Scripts/Interaction/CarryableRotation.cs:20)
"
15:10:28.883,ERROR,Unity,"NullReferenceException: Object reference not set to an instance of an object
CarryableRotation.Update () (at Assets/Scripts/Interaction/CarryableRotation.cs:20)
"
15:10:28.897,ERROR,Unity,"NullReferenceException: Object reference not set to an instance of an object
CarryableRotation.Update () (at Assets/Scripts/Interaction/CarryableRotation.cs:20)
"
15:10:28.913,ERROR,Unity,"NullReferenceException: Object reference not set to an instance of an object
CarryableRotation.Update () (at Assets/Scripts/Interaction/CarryableRotation.cs:20)
"
15:10:28.928,ERROR,Unity,"NullReferenceException: Object reference not set to an instance of an object
CarryableRotation.Update () (at Assets/Scripts/Interaction/CarryableRotation.cs:20)
"
15:10:28.942,ERROR,Unity,"NullReferenceException: Object reference not set to an instance of an object
CarryableRotation.Update () (at Assets/Scripts/Interaction/CarryableRotation.cs:20)
"
15:10:28.955,ERROR,Unity,"NullReferenceException: Object reference not set to an instance of an object
CarryableRotation.Update () (at Assets/Scripts/Interaction/CarryableRotation.cs:20)
"
15:10:28.971,ERROR,Unity,"NullReferenceException: Object reference not set to an instance of an object
CarryableRotation.Update () (at Assets/Scripts/Interaction/CarryableRotation.cs:20)
"
15:10:28.985,ERROR,Unity,"NullReferenceException: Object reference not set to an instance of an object
CarryableRotation.Update () (at Assets/Scripts/Interaction/CarryableRotation.cs:20)
"
15:10:28.999,ERROR,Unity,"NullReferenceException: Object reference not set to an instance of an object
CarryableRotation.Update () (at Assets/Scripts/Interaction/CarryableRotation.cs:20)
"
15:10:29.013,ERROR,Unity,"NullReferenceException: Object reference not set to an instance of an object
CarryableRotation.Update () (at Assets/Scripts/Interaction/CarryableRotation.cs:20)
"
15:10:29.028,ERROR,Unity,"NullReferenceException: Object reference not set to an instance of an object
CarryableRotation.Update () (at Assets/Scripts/Interaction/CarryableRotation.cs:20)
"
15:10:29.042,ERROR,Unity,"NullReferenceException: Object reference not set to an instance of an object
CarryableRotation.Update () (at Assets/Scripts/Interaction/CarryableRotation.cs:20)
"
15:10:29.056,ERROR,Unity,"NullReferenceException: Object reference not set to an instance of an object
CarryableRotation.Update () (at Assets/Scripts/Interaction/CarryableRotation.cs:20)
"
15:10:29.070,ERROR,Unity,"NullReferenceException: Object reference not set to an instance of an object
CarryableRotation.Update () (at Assets/Scripts/Interaction/CarryableRotation.cs:20)
"
15:10:29.087,ERROR,Unity,"NullReferenceException: Object reference not set to an instance of an object
CarryableRotation.Update () (at Assets/Scripts/Interaction/CarryableRotation.cs:20)
"
15:10:29.102,ERROR,Unity,"NullReferenceException: Object reference not set to an instance of an object
CarryableRotation.Update () (at Assets/Scripts/Interaction/CarryableRotation.cs:20)
"
15:10:29.118,ERROR,Unity,"NullReferenceException: Object reference not set to an instance of an object
CarryableRotation.Update () (at Assets/Scripts/Interaction/CarryableRotation.cs:20)
"
15:10:29.133,ERROR,Unity,"NullReferenceException: Object reference not set to an instance of an object
CarryableRotation.Update () (at Assets/Scripts/Interaction/CarryableRotation.cs:20)
"
15:10:29.147,ERROR,Unity,"NullReferenceException: Object reference not set to an instance of an object
CarryableRotation.Update () (at Assets/Scripts/Interaction/CarryableRotation.cs:20)
"
15:10:29.161,ERROR,Unity,"NullReferenceException: Object reference not set to an instance of an object
CarryableRotation.Update () (at Assets/Scripts/Interaction/CarryableRotation.cs:20)
"
15:10:29.174,ERROR,Unity,"NullReferenceException: Object reference not set to an instance of an object
CarryableRotation.Update () (at Assets/Scripts/Interaction/CarryableRotation.cs:20)
"
15:10:29.188,ERROR,Unity,"NullReferenceException: Object reference not set to an instance of an object
CarryableRotation.Update () (at Assets/Scripts/Interaction/CarryableRotation.cs:20)
"
15:10:29.204,ERROR,Unity,"NullReferenceException: Object reference not set to an instance of an object
CarryableRotation.Update () (at Assets/Scripts/Interaction/CarryableRotation.cs:20)
"
15:10:29.219,ERROR,Unity,"NullReferenceException: Object reference not set to an instance of an object
CarryableRotation.Update () (at Assets/Scripts/Interaction/CarryableRotation.cs:20)
"
15:10:29.232,ERROR,Unity,"NullReferenceException: Object reference not set to an instance of an object
CarryableRotation.Update () (at Assets/Scripts/Interaction/CarryableRotation.cs:20)
"
15:10:29.247,ERROR,Unity,"NullReferenceException: Object reference not set to an instance of an object
CarryableRotation.Update () (at Assets/Scripts/Interaction/CarryableRotation.cs:20)
"
15:10:29.261,ERROR,Unity,"NullReferenceException: Object reference not set to an instance of an object
CarryableRotation.Update () (at Assets/Scripts/Interaction/CarryableRotation.cs:20)
"
15:10:29.276,ERROR,Unity,"NullReferenceException: Object reference not set to an instance of an object
CarryableRotation.Update () (at Assets/Scripts/Interaction/CarryableRotation.cs:20)
"
15:10:29.289,ERROR,Unity,"NullReferenceException: Object reference not set to an instance of an object
CarryableRotation.Update () (at Assets/Scripts/Interaction/CarryableRotation.cs:20)
"
15:10:29.304,ERROR,Unity,"NullReferenceException: Object reference not set to an instance of an object
CarryableRotation.Update () (at Assets/Scripts/Interaction/CarryableRotation.cs:20)
"
15:10:29.320,ERROR,Unity,"NullReferenceException: Object reference not set to an instance of an object
CarryableRotation.Update () (at Assets/Scripts/Interaction/CarryableRotation.cs:20)
"
15:10:29.334,ERROR,Unity,"NullReferenceException: Object reference not set to an instance of an object
CarryableRotation.Update () (at Assets/Scripts/Interaction/CarryableRotation.cs:20)
"
15:10:29.350,ERROR,Unity,"NullReferenceException: Object reference not set to an instance of an object
CarryableRotation.Update () (at Assets/Scripts/Interaction/CarryableRotation.cs:20)
"
15:10:29.365,ERROR,Unity,"NullReferenceException: Object reference not set to an instance of an object
CarryableRotation.Update () (at Assets/Scripts/Interaction/CarryableRotation.cs:20)
"
15:10:29.379,ERROR,Unity,"NullReferenceException: Object reference not set to an instance of an object
CarryableRotation.Update () (at Assets/Scripts/Interaction/CarryableRotation.cs:20)
"
15:10:29.392,ERROR,Unity,"NullReferenceException: Object reference not set to an instance of an object
CarryableRotation.Update () (at Assets/Scripts/Interaction/CarryableRotation.cs:20)
"
15:10:29.407,ERROR,Unity,"NullReferenceException: Object reference not set to an instance of an object
CarryableRotation.Update () (at Assets/Scripts/Interaction/CarryableRotation.cs:20)
"
15:10:29.421,ERROR,Unity,"NullReferenceException: Object reference not set to an instance of an object
CarryableRotation.Update () (at Assets/Scripts/Interaction/CarryableRotation.cs:20)
"
15:10:29.436,ERROR,Unity,"NullReferenceException: Object reference not set to an instance of an object
CarryableRotation.Update () (at Assets/Scripts/Interaction/CarryableRotation.cs:20)
"
15:10:29.450,ERROR,Unity,"NullReferenceException: Object reference not set to an instance of an object
CarryableRotation.Update () (at Assets/Scripts/Interaction/CarryableRotation.cs:20)
"
15:10:29.464,ERROR,Unity,"NullReferenceException: Object reference not set to an instance of an object
CarryableRotation.Update () (at Assets/Scripts/Interaction/CarryableRotation.cs:20)
"
15:10:29.479,ERROR,Unity,"NullReferenceException: Object reference not set to an instance of an object
CarryableRotation.Update () (at Assets/Scripts/Interaction/CarryableRotation.cs:20)
"
15:10:29.494,ERROR,Unity,"NullReferenceException: Object reference not set to an instance of an object
CarryableRotation.Update () (at Assets/Scripts/Interaction/CarryableRotation.cs:20)
"
15:10:29.509,ERROR,Unity,"NullReferenceException: Object reference not set to an instance of an object
CarryableRotation.Update () (at Assets/Scripts/Interaction/CarryableRotation.cs:20)
"
15:10:29.524,ERROR,Unity,"NullReferenceException: Object reference not set to an instance of an object
CarryableRotation.Update () (at Assets/Scripts/Interaction/CarryableRotation.cs:20)
"
15:10:29.540,ERROR,Unity,"NullReferenceException: Object reference not set to an instance of an object
CarryableRotation.Update () (at Assets/Scripts/Interaction/CarryableRotation.cs:20)
"
15:10:29.553,ERROR,Unity,"NullReferenceException: Object reference not set to an instance of an object
CarryableRotation.Update () (at Assets/Scripts/Interaction/CarryableRotation.cs:20)
"
15:10:29.568,ERROR,Unity,"NullReferenceException: Object reference not set to an instance of an object
CarryableRotation.Update () (at Assets/Scripts/Interaction/CarryableRotation.cs:20)
"
15:10:29.582,ERROR,Unity,"NullReferenceException: Object reference not set to an instance of an object
CarryableRotation.Update () (at Assets/Scripts/Interaction/CarryableRotation.cs:20)
"
15:10:29.596,ERROR,Unity,"NullReferenceException: Object reference not set to an instance of an object
CarryableRotation.Update () (at Assets/Scripts/Interaction/CarryableRotation.cs:20)
"
15:10:29.610,ERROR,Unity,"NullReferenceException: Object reference not set to an instance of an object
CarryableRotation.Update () (at Assets/Scripts/Interaction/CarryableRotation.cs:20)
"
15:10:29.626,ERROR,Unity,"NullReferenceException: Object reference not set to an instance of an object
CarryableRotation.Update () (at Assets/Scripts/Interaction/CarryableRotation.cs:20)
"
15:10:29.640,ERROR,Unity,"NullReferenceException: Object reference not set to an instance of an object
CarryableRotation.Update () (at Assets/Scripts/Interaction/CarryableRotation.cs:20)
"
15:10:29.654,ERROR,Unity,"NullReferenceException: Object reference not set to an instance of an object
CarryableRotation.Update () (at Assets/Scripts/Interaction/CarryableRotation.cs:20)
"
15:10:29.669,ERROR,Unity,"NullReferenceException: Object reference not set to an instance of an object
CarryableRotation.Update () (at Assets/Scripts/Interaction/CarryableRotation.cs:20)
"
15:10:29.684,ERROR,Unity,"NullReferenceException: Object reference not set to an instance of an object
CarryableRotation.Update () (at Assets/Scripts/Interaction/CarryableRotation.cs:20)
"
15:10:29.698,ERROR,Unity,"NullReferenceException: Object reference not set to an instance of an object
CarryableRotation.Update () (at Assets/Scripts/Interaction/CarryableRotation.cs:20)
"
15:10:29.712,ERROR,Unity,"NullReferenceException: Object reference not set to an instance of an object
CarryableRotation.Update () (at Assets/Scripts/Interaction/CarryableRotation.cs:20)
"
15:10:29.729,ERROR,Unity,"NullReferenceException: Object reference not set to an instance of an object
CarryableRotation.Update () (at Assets/Scripts/Interaction/CarryableRotation.cs:20)
"
15:10:29.743,ERROR,Unity,"NullReferenceException: Object reference not set to an instance of an object
CarryableRotation.Update () (at Assets/Scripts/Interaction/CarryableRotation.cs:20)
"
15:10:29.758,ERROR,Unity,"NullReferenceException: Object reference not set to an instance of an object
CarryableRotation.Update () (at Assets/Scripts/Interaction/CarryableRotation.cs:20)
"
15:10:29.772,ERROR,Unity,"NullReferenceException: Object reference not set to an instance of an object
CarryableRotation.Update () (at Assets/Scripts/Interaction/CarryableRotation.cs:20)
"
15:10:29.785,ERROR,Unity,"NullReferenceException: Object reference not set to an instance of an object
CarryableRotation.Update () (at Assets/Scripts/Interaction/CarryableRotation.cs:20)
"
15:10:29.801,ERROR,Unity,"NullReferenceException: Object reference not set to an instance of an object
CarryableRotation.Update () (at Assets/Scripts/Interaction/CarryableRotation.cs:20)
"
15:10:29.814,ERROR,Unity,"NullReferenceException: Object reference not set to an instance of an object
CarryableRotation.Update () (at Assets/Scripts/Interaction/CarryableRotation.cs:20)
"
15:10:29.830,ERROR,Unity,"NullReferenceException: Object reference not set to an instance of an object
CarryableRotation.Update () (at Assets/Scripts/Interaction/CarryableRotation.cs:20)
"
15:10:29.843,ERROR,Unity,"NullReferenceException: Object reference not set to an instance of an object
CarryableRotation.Update () (at Assets/Scripts/Interaction/CarryableRotation.cs:20)
"
15:10:29.857,ERROR,Unity,"NullReferenceException: Object reference not set to an instance of an object
CarryableRotation.Update () (at Assets/Scripts/Interaction/CarryableRotation.cs:20)
"
15:10:29.872,ERROR,Unity,"NullReferenceException: Object reference not set to an instance of an object
CarryableRotation.Update () (at Assets/Scripts/Interaction/CarryableRotation.cs:20)
"
15:10:29.886,ERROR,Unity,"NullReferenceException: Object reference not set to an instance of an object
CarryableRotation.Update () (at Assets/Scripts/Interaction/CarryableRotation.cs:20)
"
15:10:29.900,ERROR,Unity,"NullReferenceException: Object reference not set to an instance of an object
CarryableRotation.Update () (at Assets/Scripts/Interaction/CarryableRotation.cs:20)
"
15:10:29.915,DEBUG,PlayerCarrying,집기 조작샴푸 (UnityEngine.BoxCollider2D)
15:10:29.917,INFO,Unity,_focus is null
15:10:29.917,INFO,Unity,Weight Update =0
15:10:29.918,INFO,Unity,Weight Update2 =1
15:10:29.918,ERROR,Unity,"NullReferenceException: Object reference not set to an instance of an object
CarryableRotation.Update () (at Assets/Scripts/Interaction/CarryableRotation.cs:20)
"
15:10:29.937,ERROR,Unity,"NullReferenceException: Object reference not set to an instance of an object
CarryableRotation.Update () (at Assets/Scripts/Interaction/CarryableRotation.cs:20)
"
15:10:29.951,ERROR,Unity,"NullReferenceException: Object reference not set to an instance of an object
CarryableRotation.Update () (at Assets/Scripts/Interaction/CarryableRotation.cs:20)
"
15:10:29.966,ERROR,Unity,"NullReferenceException: Object reference not set to an instance of an object
CarryableRotation.Update () (at Assets/Scripts/Interaction/CarryableRotation.cs:20)
"
15:10:29.980,ERROR,Unity,"NullReferenceException: Object reference not set to an instance of an object
CarryableRotation.Update () (at Assets/Scripts/Interaction/CarryableRotation.cs:20)
"
15:10:29.995,ERROR,Unity,"NullReferenceException: Object reference not set to an instance of an object
CarryableRotation.Update () (at Assets/Scripts/Interaction/CarryableRotation.cs:20)
"
15:10:30.010,ERROR,Unity,"NullReferenceException: Object reference not set to an instance of an object
CarryableRotation.Update () (at Assets/Scripts/Interaction/CarryableRotation.cs:20)
"
15:10:30.026,ERROR,Unity,"NullReferenceException: Object reference not set to an instance of an object
CarryableRotation.Update () (at Assets/Scripts/Interaction/CarryableRotation.cs:20)
"
15:10:30.041,ERROR,Unity,"NullReferenceException: Object reference not set to an instance of an object
CarryableRotation.Update () (at Assets/Scripts/Interaction/CarryableRotation.cs:20)
"
15:10:30.056,ERROR,Unity,"NullReferenceException: Object reference not set to an instance of an object
CarryableRotation.Update () (at Assets/Scripts/Interaction/CarryableRotation.cs:20)
"
15:10:30.069,ERROR,Unity,"NullReferenceException: Object reference not set to an instance of an object
CarryableRotation.Update () (at Assets/Scripts/Interaction/CarryableRotation.cs:20)
"
15:10:30.085,ERROR,Unity,"NullReferenceException: Object reference not set to an instance of an object
CarryableRotation.Update () (at Assets/Scripts/Interaction/CarryableRotation.cs:20)
"
15:10:30.098,ERROR,Unity,"NullReferenceException: Object reference not set to an instance of an object
CarryableRotation.Update () (at Assets/Scripts/Interaction/CarryableRotation.cs:20)
"
15:10:30.113,ERROR,Unity,"NullReferenceException: Object reference not set to an instance of an object
CarryableRotation.Update () (at Assets/Scripts/Interaction/CarryableRotation.cs:20)
"
15:10:30.127,ERROR,Unity,"NullReferenceException: Object reference not set to an instance of an object
CarryableRotation.Update () (at Assets/Scripts/Interaction/CarryableRotation.cs:20)
"
15:10:30.145,ERROR,Unity,"NullReferenceException: Object reference not set to an instance of an object
CarryableRotation.Update () (at Assets/Scripts/Interaction/CarryableRotation.cs:20)
"
15:10:30.160,ERROR,Unity,"NullReferenceException: Object reference not set to an instance of an object
CarryableRotation.Update () (at Assets/Scripts/Interaction/CarryableRotation.cs:20)
"
15:10:30.174,ERROR,Unity,"NullReferenceException: Object reference not set to an instance of an object
CarryableRotation.Update () (at Assets/Scripts/Interaction/CarryableRotation.cs:20)
"
15:10:30.189,ERROR,Unity,"NullReferenceException: Object reference not set to an instance of an object
CarryableRotation.Update () (at Assets/Scripts/Interaction/CarryableRotation.cs:20)
"
15:10:30.203,ERROR,Unity,"NullReferenceException: Object reference not set to an instance of an object
CarryableRotation.Update () (at Assets/Scripts/Interaction/CarryableRotation.cs:20)
"
15:10:30.217,ERROR,Unity,"NullReferenceException: Object reference not set to an instance of an object
CarryableRotation.Update () (at Assets/Scripts/Interaction/CarryableRotation.cs:20)
"
15:10:30.231,ERROR,Unity,"NullReferenceException: Object reference not set to an instance of an object
CarryableRotation.Update () (at Assets/Scripts/Interaction/CarryableRotation.cs:20)
"
15:10:30.246,ERROR,Unity,"NullReferenceException: Object reference not set to an instance of an object
CarryableRotation.Update () (at Assets/Scripts/Interaction/CarryableRotation.cs:20)
"
15:10:30.261,ERROR,Unity,"NullReferenceException: Object reference not set to an instance of an object
CarryableRotation.Update () (at Assets/Scripts/Interaction/CarryableRotation.cs:20)
"
15:10:30.274,ERROR,Unity,"NullReferenceException: Object reference not set to an instance of an object
CarryableRotation.Update () (at Assets/Scripts/Interaction/CarryableRotation.cs:20)
"
15:10:30.288,ERROR,Unity,"NullReferenceException: Object reference not set to an instance of an object
CarryableRotation.Update () (at Assets/Scripts/Interaction/CarryableRotation.cs:20)
"
15:10:30.303,ERROR,Unity,"NullReferenceException: Object reference not set to an instance of an object
CarryableRotation.Update () (at Assets/Scripts/Interaction/CarryableRotation.cs:20)
"
15:10:30.317,ERROR,Unity,"NullReferenceException: Object reference not set to an instance of an object
CarryableRotation.Update () (at Assets/Scripts/Interaction/CarryableRotation.cs:20)
"
15:10:30.332,ERROR,Unity,"NullReferenceException: Object reference not set to an instance of an object
CarryableRotation.Update () (at Assets/Scripts/Interaction/CarryableRotation.cs:20)
"
15:10:30.348,ERROR,Unity,"NullReferenceException: Object reference not set to an instance of an object
CarryableRotation.Update () (at Assets/Scripts/Interaction/CarryableRotation.cs:20)
"
15:10:30.362,ERROR,Unity,"NullReferenceException: Object reference not set to an instance of an object
CarryableRotation.Update () (at Assets/Scripts/Interaction/CarryableRotation.cs:20)
"
15:10:30.377,ERROR,Unity,"NullReferenceException: Object reference not set to an instance of an object
CarryableRotation.Update () (at Assets/Scripts/Interaction/CarryableRotation.cs:20)
"
15:10:30.391,ERROR,Unity,"NullReferenceException: Object reference not set to an instance of an object
CarryableRotation.Update () (at Assets/Scripts/Interaction/CarryableRotation.cs:20)
"
15:10:30.405,ERROR,Unity,"NullReferenceException: Object reference not set to an instance of an object
CarryableRotation.Update () (at Assets/Scripts/Interaction/CarryableRotation.cs:20)
"
15:10:30.420,ERROR,Unity,"NullReferenceException: Object reference not set to an instance of an object
CarryableRotation.Update () (at Assets/Scripts/Interaction/CarryableRotation.cs:20)
"
15:10:30.434,ERROR,Unity,"NullReferenceException: Object reference not set to an instance of an object
CarryableRotation.Update () (at Assets/Scripts/Interaction/CarryableRotation.cs:20)
"
15:10:30.448,ERROR,Unity,"NullReferenceException: Object reference not set to an instance of an object
CarryableRotation.Update () (at Assets/Scripts/Interaction/CarryableRotation.cs:20)
"
15:10:30.463,ERROR,Unity,"NullReferenceException: Object reference not set to an instance of an object
CarryableRotation.Update () (at Assets/Scripts/Interaction/CarryableRotation.cs:20)
"
15:10:30.477,ERROR,Unity,"NullReferenceException: Object reference not set to an instance of an object
CarryableRotation.Update () (at Assets/Scripts/Interaction/CarryableRotation.cs:20)
"
15:10:30.492,ERROR,Unity,"NullReferenceException: Object reference not set to an instance of an object
CarryableRotation.Update () (at Assets/Scripts/Interaction/CarryableRotation.cs:20)
"
15:10:30.506,ERROR,Unity,"NullReferenceException: Object reference not set to an instance of an object
CarryableRotation.Update () (at Assets/Scripts/Interaction/CarryableRotation.cs:20)
"
15:10:30.521,ERROR,Unity,"NullReferenceException: Object reference not set to an instance of an object
CarryableRotation.Update () (at Assets/Scripts/Interaction/CarryableRotation.cs:20)
"
15:10:30.535,ERROR,Unity,"NullReferenceException: Object reference not set to an instance of an object
CarryableRotation.Update () (at Assets/Scripts/Interaction/CarryableRotation.cs:20)
"
15:10:30.551,ERROR,Unity,"NullReferenceException: Object reference not set to an instance of an object
CarryableRotation.Update () (at Assets/Scripts/Interaction/CarryableRotation.cs:20)
"
15:10:30.566,ERROR,Unity,"NullReferenceException: Object reference not set to an instance of an object
CarryableRotation.Update () (at Assets/Scripts/Interaction/CarryableRotation.cs:20)
"
15:10:30.581,ERROR,Unity,"NullReferenceException: Object reference not set to an instance of an object
CarryableRotation.Update () (at Assets/Scripts/Interaction/CarryableRotation.cs:20)
"
15:10:30.594,ERROR,Unity,"NullReferenceException: Object reference not set to an instance of an object
CarryableRotation.Update () (at Assets/Scripts/Interaction/CarryableRotation.cs:20)
"
15:10:30.609,ERROR,Unity,"NullReferenceException: Object reference not set to an instance of an object
CarryableRotation.Update () (at Assets/Scripts/Interaction/CarryableRotation.cs:20)
"
15:10:30.623,ERROR,Unity,"NullReferenceException: Object reference not set to an instance of an object
CarryableRotation.Update () (at Assets/Scripts/Interaction/CarryableRotation.cs:20)
"
15:10:30.638,ERROR,Unity,"NullReferenceException: Object reference not set to an instance of an object
CarryableRotation.Update () (at Assets/Scripts/Interaction/CarryableRotation.cs:20)
"
15:10:30.652,ERROR,Unity,"NullReferenceException: Object reference not set to an instance of an object
CarryableRotation.Update () (at Assets/Scripts/Interaction/CarryableRotation.cs:20)
"
15:10:30.666,ERROR,Unity,"NullReferenceException: Object reference not set to an instance of an object
CarryableRotation.Update () (at Assets/Scripts/Interaction/CarryableRotation.cs:20)
"
15:10:30.679,ERROR,Unity,"NullReferenceException: Object reference not set to an instance of an object
CarryableRotation.Update () (at Assets/Scripts/Interaction/CarryableRotation.cs:20)
"
15:10:30.695,ERROR,Unity,"NullReferenceException: Object reference not set to an instance of an object
CarryableRotation.Update () (at Assets/Scripts/Interaction/CarryableRotation.cs:20)
"
15:10:30.709,ERROR,Unity,"NullReferenceException: Object reference not set to an instance of an object
CarryableRotation.Update () (at Assets/Scripts/Interaction/CarryableRotation.cs:20)
"
15:10:30.723,ERROR,Unity,"NullReferenceException: Object reference not set to an instance of an object
CarryableRotation.Update () (at Assets/Scripts/Interaction/CarryableRotation.cs:20)
"
15:10:30.737,ERROR,Unity,"NullReferenceException: Object reference not set to an instance of an object
CarryableRotation.Update () (at Assets/Scripts/Interaction/CarryableRotation.cs:20)
"
15:10:30.754,ERROR,Unity,"NullReferenceException: Object reference not set to an instance of an object
CarryableRotation.Update () (at Assets/Scripts/Interaction/CarryableRotation.cs:20)
"
15:10:30.768,ERROR,Unity,"NullReferenceException: Object reference not set to an instance of an object
CarryableRotation.Update () (at Assets/Scripts/Interaction/CarryableRotation.cs:20)
"
15:10:30.782,ERROR,Unity,"NullReferenceException: Object reference not set to an instance of an object
CarryableRotation.Update () (at Assets/Scripts/Interaction/CarryableRotation.cs:20)
"
15:10:30.797,ERROR,Unity,"NullReferenceException: Object reference not set to an instance of an object
CarryableRotation.Update () (at Assets/Scripts/Interaction/CarryableRotation.cs:20)
"
15:10:30.810,ERROR,Unity,"NullReferenceException: Object reference not set to an instance of an object
CarryableRotation.Update () (at Assets/Scripts/Interaction/CarryableRotation.cs:20)
"
15:10:30.825,ERROR,Unity,"NullReferenceException: Object reference not set to an instance of an object
CarryableRotation.Update () (at Assets/Scripts/Interaction/CarryableRotation.cs:20)
"
15:10:30.840,ERROR,Unity,"NullReferenceException: Object reference not set to an instance of an object
CarryableRotation.Update () (at Assets/Scripts/Interaction/CarryableRotation.cs:20)
"
15:10:30.855,ERROR,Unity,"NullReferenceException: Object reference not set to an instance of an object
CarryableRotation.Update () (at Assets/Scripts/Interaction/CarryableRotation.cs:20)
"
15:10:30.868,ERROR,Unity,"NullReferenceException: Object reference not set to an instance of an object
CarryableRotation.Update () (at Assets/Scripts/Interaction/CarryableRotation.cs:20)
"
15:10:30.884,ERROR,Unity,"NullReferenceException: Object reference not set to an instance of an object
CarryableRotation.Update () (at Assets/Scripts/Interaction/CarryableRotation.cs:20)
"
15:10:30.899,ERROR,Unity,"NullReferenceException: Object reference not set to an instance of an object
CarryableRotation.Update () (at Assets/Scripts/Interaction/CarryableRotation.cs:20)
"
15:10:30.917,ERROR,Unity,"NullReferenceException: Object reference not set to an instance of an object
CarryableRotation.Update () (at Assets/Scripts/Interaction/CarryableRotation.cs:20)
"
15:10:30.935,ERROR,Unity,"NullReferenceException: Object reference not set to an instance of an object
CarryableRotation.Update () (at Assets/Scripts/Interaction/CarryableRotation.cs:20)
"
15:10:30.949,ERROR,Unity,"NullReferenceException: Object reference not set to an instance of an object
CarryableRotation.Update () (at Assets/Scripts/Interaction/CarryableRotation.cs:20)
"
15:10:30.965,ERROR,Unity,"NullReferenceException: Object reference not set to an instance of an object
CarryableRotation.Update () (at Assets/Scripts/Interaction/CarryableRotation.cs:20)
"
15:10:30.980,ERROR,Unity,"NullReferenceException: Object reference not set to an instance of an object
CarryableRotation.Update () (at Assets/Scripts/Interaction/CarryableRotation.cs:20)
"
15:10:30.994,ERROR,Unity,"NullReferenceException: Object reference not set to an instance of an object
CarryableRotation.Update () (at Assets/Scripts/Interaction/CarryableRotation.cs:20)
"
15:10:31.009,ERROR,Unity,"NullReferenceException: Object reference not set to an instance of an object
CarryableRotation.Update () (at Assets/Scripts/Interaction/CarryableRotation.cs:20)
"
15:10:31.024,ERROR,Unity,"NullReferenceException: Object reference not set to an instance of an object
CarryableRotation.Update () (at Assets/Scripts/Interaction/CarryableRotation.cs:20)
"
15:10:31.037,ERROR,Unity,"NullReferenceException: Object reference not set to an instance of an object
CarryableRotation.Update () (at Assets/Scripts/Interaction/CarryableRotation.cs:20)
"
15:10:31.053,ERROR,Unity,"NullReferenceException: Object reference not set to an instance of an object
CarryableRotation.Update () (at Assets/Scripts/Interaction/CarryableRotation.cs:20)
"
15:10:31.067,ERROR,Unity,"NullReferenceException: Object reference not set to an instance of an object
CarryableRotation.Update () (at Assets/Scripts/Interaction/CarryableRotation.cs:20)
"
15:10:31.082,ERROR,Unity,"NullReferenceException: Object reference not set to an instance of an object
CarryableRotation.Update () (at Assets/Scripts/Interaction/CarryableRotation.cs:20)
"
15:10:31.096,ERROR,Unity,"NullReferenceException: Object reference not set to an instance of an object
CarryableRotation.Update () (at Assets/Scripts/Interaction/CarryableRotation.cs:20)
"
15:10:31.110,ERROR,Unity,"NullReferenceException: Object reference not set to an instance of an object
CarryableRotation.Update () (at Assets/Scripts/Interaction/CarryableRotation.cs:20)
"
15:10:31.125,ERROR,Unity,"NullReferenceException: Object reference not set to an instance of an object
CarryableRotation.Update () (at Assets/Scripts/Interaction/CarryableRotation.cs:20)
"
15:10:31.140,ERROR,Unity,"NullReferenceException: Object reference not set to an instance of an object
CarryableRotation.Update () (at Assets/Scripts/Interaction/CarryableRotation.cs:20)
"
15:10:31.154,ERROR,Unity,"NullReferenceException: Object reference not set to an instance of an object
CarryableRotation.Update () (at Assets/Scripts/Interaction/CarryableRotation.cs:20)
"
15:10:31.169,ERROR,Unity,"NullReferenceException: Object reference not set to an instance of an object
CarryableRotation.Update () (at Assets/Scripts/Interaction/CarryableRotation.cs:20)
"
15:10:31.185,ERROR,Unity,"NullReferenceException: Object reference not set to an instance of an object
CarryableRotation.Update () (at Assets/Scripts/Interaction/CarryableRotation.cs:20)
"
15:10:31.198,ERROR,Unity,"NullReferenceException: Object reference not set to an instance of an object
CarryableRotation.Update () (at Assets/Scripts/Interaction/CarryableRotation.cs:20)
"
15:10:31.213,ERROR,Unity,"NullReferenceException: Object reference not set to an instance of an object
CarryableRotation.Update () (at Assets/Scripts/Interaction/CarryableRotation.cs:20)
"
15:10:31.227,ERROR,Unity,"NullReferenceException: Object reference not set to an instance of an object
CarryableRotation.Update () (at Assets/Scripts/Interaction/CarryableRotation.cs:20)
"
15:10:31.242,ERROR,Unity,"NullReferenceException: Object reference not set to an instance of an object
CarryableRotation.Update () (at Assets/Scripts/Interaction/CarryableRotation.cs:20)
"
15:10:31.256,ERROR,Unity,"NullReferenceException: Object reference not set to an instance of an object
CarryableRotation.Update () (at Assets/Scripts/Interaction/CarryableRotation.cs:20)
"
15:10:31.271,ERROR,Unity,"NullReferenceException: Object reference not set to an instance of an object
CarryableRotation.Update () (at Assets/Scripts/Interaction/CarryableRotation.cs:20)
"
15:10:31.285,ERROR,Unity,"NullReferenceException: Object reference not set to an instance of an object
CarryableRotation.Update () (at Assets/Scripts/Interaction/CarryableRotation.cs:20)
"
15:10:31.298,ERROR,Unity,"NullReferenceException: Object reference not set to an instance of an object
CarryableRotation.Update () (at Assets/Scripts/Interaction/CarryableRotation.cs:20)
"
15:10:31.312,ERROR,Unity,"NullReferenceException: Object reference not set to an instance of an object
CarryableRotation.Update () (at Assets/Scripts/Interaction/CarryableRotation.cs:20)
"
15:10:31.328,ERROR,Unity,"NullReferenceException: Object reference not set to an instance of an object
CarryableRotation.Update () (at Assets/Scripts/Interaction/CarryableRotation.cs:20)
"
15:10:31.341,ERROR,Unity,"NullReferenceException: Object reference not set to an instance of an object
CarryableRotation.Update () (at Assets/Scripts/Interaction/CarryableRotation.cs:20)
"
15:10:31.355,ERROR,Unity,"NullReferenceException: Object reference not set to an instance of an object
CarryableRotation.Update () (at Assets/Scripts/Interaction/CarryableRotation.cs:20)
"
15:10:31.373,ERROR,Unity,"NullReferenceException: Object reference not set to an instance of an object
CarryableRotation.Update () (at Assets/Scripts/Interaction/CarryableRotation.cs:20)
"
15:10:31.387,ERROR,Unity,"NullReferenceException: Object reference not set to an instance of an object
CarryableRotation.Update () (at Assets/Scripts/Interaction/CarryableRotation.cs:20)
"
15:10:31.402,ERROR,Unity,"NullReferenceException: Object reference not set to an instance of an object
CarryableRotation.Update () (at Assets/Scripts/Interaction/CarryableRotation.cs:20)
"
15:10:31.415,ERROR,Unity,"NullReferenceException: Object reference not set to an instance of an object
CarryableRotation.Update () (at Assets/Scripts/Interaction/CarryableRotation.cs:20)
"
15:10:31.430,ERROR,Unity,"NullReferenceException: Object reference not set to an instance of an object
CarryableRotation.Update () (at Assets/Scripts/Interaction/CarryableRotation.cs:20)
"
15:10:31.444,ERROR,Unity,"NullReferenceException: Object reference not set to an instance of an object
CarryableRotation.Update () (at Assets/Scripts/Interaction/CarryableRotation.cs:20)
"
15:10:31.458,ERROR,Unity,"NullReferenceException: Object reference not set to an instance of an object
CarryableRotation.Update () (at Assets/Scripts/Interaction/CarryableRotation.cs:20)
"
15:10:31.472,ERROR,Unity,"NullReferenceException: Object reference not set to an instance of an object
CarryableRotation.Update () (at Assets/Scripts/Interaction/CarryableRotation.cs:20)
"
15:10:31.487,ERROR,Unity,"NullReferenceException: Object reference not set to an instance of an object
CarryableRotation.Update () (at Assets/Scripts/Interaction/CarryableRotation.cs:20)
"
15:10:31.501,ERROR,Unity,"NullReferenceException: Object reference not set to an instance of an object
CarryableRotation.Update () (at Assets/Scripts/Interaction/CarryableRotation.cs:20)
"
15:10:31.516,ERROR,Unity,"NullReferenceException: Object reference not set to an instance of an object
CarryableRotation.Update () (at Assets/Scripts/Interaction/CarryableRotation.cs:20)
"
15:10:31.531,ERROR,Unity,"NullReferenceException: Object reference not set to an instance of an object
CarryableRotation.Update () (at Assets/Scripts/Interaction/CarryableRotation.cs:20)
"
15:10:31.545,ERROR,Unity,"NullReferenceException: Object reference not set to an instance of an object
CarryableRotation.Update () (at Assets/Scripts/Interaction/CarryableRotation.cs:20)
"
15:10:31.560,ERROR,Unity,"NullReferenceException: Object reference not set to an instance of an object
CarryableRotation.Update () (at Assets/Scripts/Interaction/CarryableRotation.cs:20)
"
15:10:31.576,ERROR,Unity,"NullReferenceException: Object reference not set to an instance of an object
CarryableRotation.Update () (at Assets/Scripts/Interaction/CarryableRotation.cs:20)
"
15:10:31.590,ERROR,Unity,"NullReferenceException: Object reference not set to an instance of an object
CarryableRotation.Update () (at Assets/Scripts/Interaction/CarryableRotation.cs:20)
"
15:10:31.605,ERROR,Unity,"NullReferenceException: Object reference not set to an instance of an object
CarryableRotation.Update () (at Assets/Scripts/Interaction/CarryableRotation.cs:20)
"
15:10:31.620,ERROR,Unity,"NullReferenceException: Object reference not set to an instance of an object
CarryableRotation.Update () (at Assets/Scripts/Interaction/CarryableRotation.cs:20)
"
15:10:31.634,ERROR,Unity,"NullReferenceException: Object reference not set to an instance of an object
CarryableRotation.Update () (at Assets/Scripts/Interaction/CarryableRotation.cs:20)
"
15:10:31.648,ERROR,Unity,"NullReferenceException: Object reference not set to an instance of an object
CarryableRotation.Update () (at Assets/Scripts/Interaction/CarryableRotation.cs:20)
"
15:10:31.663,ERROR,Unity,"NullReferenceException: Object reference not set to an instance of an object
CarryableRotation.Update () (at Assets/Scripts/Interaction/CarryableRotation.cs:20)
"
15:10:31.676,ERROR,Unity,"NullReferenceException: Object reference not set to an instance of an object
CarryableRotation.Update () (at Assets/Scripts/Interaction/CarryableRotation.cs:20)
"
15:10:31.690,ERROR,Unity,"NullReferenceException: Object reference not set to an instance of an object
CarryableRotation.Update () (at Assets/Scripts/Interaction/CarryableRotation.cs:20)
"
15:10:31.705,ERROR,Unity,"NullReferenceException: Object reference not set to an instance of an object
CarryableRotation.Update () (at Assets/Scripts/Interaction/CarryableRotation.cs:20)
"
15:10:31.719,ERROR,Unity,"NullReferenceException: Object reference not set to an instance of an object
CarryableRotation.Update () (at Assets/Scripts/Interaction/CarryableRotation.cs:20)
"
15:10:31.734,ERROR,Unity,"NullReferenceException: Object reference not set to an instance of an object
CarryableRotation.Update () (at Assets/Scripts/Interaction/CarryableRotation.cs:20)
"
15:10:31.747,ERROR,Unity,"NullReferenceException: Object reference not set to an instance of an object
CarryableRotation.Update () (at Assets/Scripts/Interaction/CarryableRotation.cs:20)
"
15:10:31.761,ERROR,Unity,"NullReferenceException: Object reference not set to an instance of an object
CarryableRotation.Update () (at Assets/Scripts/Interaction/CarryableRotation.cs:20)
"
15:10:31.778,ERROR,Unity,"NullReferenceException: Object reference not set to an instance of an object
CarryableRotation.Update () (at Assets/Scripts/Interaction/CarryableRotation.cs:20)
"
15:10:31.793,ERROR,Unity,"NullReferenceException: Object reference not set to an instance of an object
CarryableRotation.Update () (at Assets/Scripts/Interaction/CarryableRotation.cs:20)
"
15:10:31.809,ERROR,Unity,"NullReferenceException: Object reference not set to an instance of an object
CarryableRotation.Update () (at Assets/Scripts/Interaction/CarryableRotation.cs:20)
"
15:10:31.823,ERROR,Unity,"NullReferenceException: Object reference not set to an instance of an object
CarryableRotation.Update () (at Assets/Scripts/Interaction/CarryableRotation.cs:20)
"
15:10:31.837,ERROR,Unity,"NullReferenceException: Object reference not set to an instance of an object
CarryableRotation.Update () (at Assets/Scripts/Interaction/CarryableRotation.cs:20)
"
15:10:31.852,ERROR,Unity,"NullReferenceException: Object reference not set to an instance of an object
CarryableRotation.Update () (at Assets/Scripts/Interaction/CarryableRotation.cs:20)
"
15:10:31.866,ERROR,Unity,"NullReferenceException: Object reference not set to an instance of an object
CarryableRotation.Update () (at Assets/Scripts/Interaction/CarryableRotation.cs:20)
"
15:10:31.880,ERROR,Unity,"NullReferenceException: Object reference not set to an instance of an object
CarryableRotation.Update () (at Assets/Scripts/Interaction/CarryableRotation.cs:20)
"
15:10:31.894,ERROR,Unity,"NullReferenceException: Object reference not set to an instance of an object
CarryableRotation.Update () (at Assets/Scripts/Interaction/CarryableRotation.cs:20)
"
15:10:31.909,ERROR,Unity,"NullReferenceException: Object reference not set to an instance of an object
CarryableRotation.Update () (at Assets/Scripts/Interaction/CarryableRotation.cs:20)
"
15:10:31.923,ERROR,Unity,"NullReferenceException: Object reference not set to an instance of an object
CarryableRotation.Update () (at Assets/Scripts/Interaction/CarryableRotation.cs:20)
"
15:10:31.937,ERROR,Unity,"NullReferenceException: Object reference not set to an instance of an object
CarryableRotation.Update () (at Assets/Scripts/Interaction/CarryableRotation.cs:20)
"
15:10:31.950,ERROR,Unity,"NullReferenceException: Object reference not set to an instance of an object
CarryableRotation.Update () (at Assets/Scripts/Interaction/CarryableRotation.cs:20)
"
15:10:31.966,ERROR,Unity,"NullReferenceException: Object reference not set to an instance of an object
CarryableRotation.Update () (at Assets/Scripts/Interaction/CarryableRotation.cs:20)
"
15:10:31.983,ERROR,Unity,"NullReferenceException: Object reference not set to an instance of an object
CarryableRotation.Update () (at Assets/Scripts/Interaction/CarryableRotation.cs:20)
"
15:10:31.997,ERROR,Unity,"NullReferenceException: Object reference not set to an instance of an object
CarryableRotation.Update () (at Assets/Scripts/Interaction/CarryableRotation.cs:20)
"
15:10:32.011,ERROR,Unity,"NullReferenceException: Object reference not set to an instance of an object
CarryableRotation.Update () (at Assets/Scripts/Interaction/CarryableRotation.cs:20)
"
15:10:32.026,ERROR,Unity,"NullReferenceException: Object reference not set to an instance of an object
CarryableRotation.Update () (at Assets/Scripts/Interaction/CarryableRotation.cs:20)
"
15:10:32.040,ERROR,Unity,"NullReferenceException: Object reference not set to an instance of an object
CarryableRotation.Update () (at Assets/Scripts/Interaction/CarryableRotation.cs:20)
"
15:10:32.055,ERROR,Unity,"NullReferenceException: Object reference not set to an instance of an object
CarryableRotation.Update () (at Assets/Scripts/Interaction/CarryableRotation.cs:20)
"
15:10:32.069,ERROR,Unity,"NullReferenceException: Object reference not set to an instance of an object
CarryableRotation.Update () (at Assets/Scripts/Interaction/CarryableRotation.cs:20)
"
15:10:32.084,ERROR,Unity,"NullReferenceException: Object reference not set to an instance of an object
CarryableRotation.Update () (at Assets/Scripts/Interaction/CarryableRotation.cs:20)
"
15:10:32.099,ERROR,Unity,"NullReferenceException: Object reference not set to an instance of an object
CarryableRotation.Update () (at Assets/Scripts/Interaction/CarryableRotation.cs:20)
"
15:10:32.113,ERROR,Unity,"NullReferenceException: Object reference not set to an instance of an object
CarryableRotation.Update () (at Assets/Scripts/Interaction/CarryableRotation.cs:20)
"
15:10:32.126,ERROR,Unity,"NullReferenceException: Object reference not set to an instance of an object
CarryableRotation.Update () (at Assets/Scripts/Interaction/CarryableRotation.cs:20)
"
15:10:32.141,ERROR,Unity,"NullReferenceException: Object reference not set to an instance of an object
CarryableRotation.Update () (at Assets/Scripts/Interaction/CarryableRotation.cs:20)
"
15:10:32.155,ERROR,Unity,"NullReferenceException: Object reference not set to an instance of an object
CarryableRotation.Update () (at Assets/Scripts/Interaction/CarryableRotation.cs:20)
"
15:10:32.169,ERROR,Unity,"NullReferenceException: Object reference not set to an instance of an object
CarryableRotation.Update () (at Assets/Scripts/Interaction/CarryableRotation.cs:20)
"
15:10:32.186,ERROR,Unity,"NullReferenceException: Object reference not set to an instance of an object
CarryableRotation.Update () (at Assets/Scripts/Interaction/CarryableRotation.cs:20)
"
15:10:32.200,ERROR,Unity,"NullReferenceException: Object reference not set to an instance of an object
CarryableRotation.Update () (at Assets/Scripts/Interaction/CarryableRotation.cs:20)
"
15:10:32.214,ERROR,Unity,"NullReferenceException: Object reference not set to an instance of an object
CarryableRotation.Update () (at Assets/Scripts/Interaction/CarryableRotation.cs:20)
"
15:10:32.228,ERROR,Unity,"NullReferenceException: Object reference not set to an instance of an object
CarryableRotation.Update () (at Assets/Scripts/Interaction/CarryableRotation.cs:20)
"
15:10:32.244,ERROR,Unity,"NullReferenceException: Object reference not set to an instance of an object
CarryableRotation.Update () (at Assets/Scripts/Interaction/CarryableRotation.cs:20)
"
15:10:32.257,ERROR,Unity,"NullReferenceException: Object reference not set to an instance of an object
CarryableRotation.Update () (at Assets/Scripts/Interaction/CarryableRotation.cs:20)
"
15:10:32.271,ERROR,Unity,"NullReferenceException: Object reference not set to an instance of an object
CarryableRotation.Update () (at Assets/Scripts/Interaction/CarryableRotation.cs:20)
"
15:10:32.286,ERROR,Unity,"NullReferenceException: Object reference not set to an instance of an object
CarryableRotation.Update () (at Assets/Scripts/Interaction/CarryableRotation.cs:20)
"
15:10:32.300,ERROR,Unity,"NullReferenceException: Object reference not set to an instance of an object
CarryableRotation.Update () (at Assets/Scripts/Interaction/CarryableRotation.cs:20)
"
15:10:32.316,ERROR,Unity,"NullReferenceException: Object reference not set to an instance of an object
CarryableRotation.Update () (at Assets/Scripts/Interaction/CarryableRotation.cs:20)
"
15:10:32.330,ERROR,Unity,"NullReferenceException: Object reference not set to an instance of an object
CarryableRotation.Update () (at Assets/Scripts/Interaction/CarryableRotation.cs:20)
"
15:10:32.349,ERROR,Unity,"NullReferenceException: Object reference not set to an instance of an object
CarryableRotation.Update () (at Assets/Scripts/Interaction/CarryableRotation.cs:20)
"
15:10:32.366,ERROR,Unity,"NullReferenceException: Object reference not set to an instance of an object
CarryableRotation.Update () (at Assets/Scripts/Interaction/CarryableRotation.cs:20)
"
15:10:32.380,ERROR,Unity,"NullReferenceException: Object reference not set to an instance of an object
CarryableRotation.Update () (at Assets/Scripts/Interaction/CarryableRotation.cs:20)
"
15:10:32.397,ERROR,Unity,"NullReferenceException: Object reference not set to an instance of an object
CarryableRotation.Update () (at Assets/Scripts/Interaction/CarryableRotation.cs:20)
"
15:10:32.412,ERROR,Unity,"NullReferenceException: Object reference not set to an instance of an object
CarryableRotation.Update () (at Assets/Scripts/Interaction/CarryableRotation.cs:20)
"
15:10:32.426,ERROR,Unity,"NullReferenceException: Object reference not set to an instance of an object
CarryableRotation.Update () (at Assets/Scripts/Interaction/CarryableRotation.cs:20)
"
15:10:32.439,ERROR,Unity,"NullReferenceException: Object reference not set to an instance of an object
CarryableRotation.Update () (at Assets/Scripts/Interaction/CarryableRotation.cs:20)
"
15:10:32.455,ERROR,Unity,"NullReferenceException: Object reference not set to an instance of an object
CarryableRotation.Update () (at Assets/Scripts/Interaction/CarryableRotation.cs:20)
"
15:10:32.468,ERROR,Unity,"NullReferenceException: Object reference not set to an instance of an object
CarryableRotation.Update () (at Assets/Scripts/Interaction/CarryableRotation.cs:20)
"
15:10:32.483,ERROR,Unity,"NullReferenceException: Object reference not set to an instance of an object
CarryableRotation.Update () (at Assets/Scripts/Interaction/CarryableRotation.cs:20)
"
15:10:32.497,ERROR,Unity,"NullReferenceException: Object reference not set to an instance of an object
CarryableRotation.Update () (at Assets/Scripts/Interaction/CarryableRotation.cs:20)
"
15:10:32.512,ERROR,Unity,"NullReferenceException: Object reference not set to an instance of an object
CarryableRotation.Update () (at Assets/Scripts/Interaction/CarryableRotation.cs:20)
"
15:10:32.527,ERROR,Unity,"NullReferenceException: Object reference not set to an instance of an object
CarryableRotation.Update () (at Assets/Scripts/Interaction/CarryableRotation.cs:20)
"
15:10:32.541,ERROR,Unity,"NullReferenceException: Object reference not set to an instance of an object
CarryableRotation.Update () (at Assets/Scripts/Interaction/CarryableRotation.cs:20)
"
15:10:32.555,ERROR,Unity,"NullReferenceException: Object reference not set to an instance of an object
CarryableRotation.Update () (at Assets/Scripts/Interaction/CarryableRotation.cs:20)
"
15:10:32.569,ERROR,Unity,"NullReferenceException: Object reference not set to an instance of an object
CarryableRotation.Update () (at Assets/Scripts/Interaction/CarryableRotation.cs:20)
"
15:10:32.583,ERROR,Unity,"NullReferenceException: Object reference not set to an instance of an object
CarryableRotation.Update () (at Assets/Scripts/Interaction/CarryableRotation.cs:20)
"
15:10:32.600,ERROR,Unity,"NullReferenceException: Object reference not set to an instance of an object
CarryableRotation.Update () (at Assets/Scripts/Interaction/CarryableRotation.cs:20)
"
15:10:32.615,ERROR,Unity,"NullReferenceException: Object reference not set to an instance of an object
CarryableRotation.Update () (at Assets/Scripts/Interaction/CarryableRotation.cs:20)
"
15:10:32.628,ERROR,Unity,"NullReferenceException: Object reference not set to an instance of an object
CarryableRotation.Update () (at Assets/Scripts/Interaction/CarryableRotation.cs:20)
"
15:10:32.643,ERROR,Unity,"NullReferenceException: Object reference not set to an instance of an object
CarryableRotation.Update () (at Assets/Scripts/Interaction/CarryableRotation.cs:20)
"
15:10:32.657,ERROR,Unity,"NullReferenceException: Object reference not set to an instance of an object
CarryableRotation.Update () (at Assets/Scripts/Interaction/CarryableRotation.cs:20)
"
15:10:32.672,ERROR,Unity,"NullReferenceException: Object reference not set to an instance of an object
CarryableRotation.Update () (at Assets/Scripts/Interaction/CarryableRotation.cs:20)
"
15:10:32.685,ERROR,Unity,"NullReferenceException: Object reference not set to an instance of an object
CarryableRotation.Update () (at Assets/Scripts/Interaction/CarryableRotation.cs:20)
"
15:10:32.700,ERROR,Unity,"NullReferenceException: Object reference not set to an instance of an object
CarryableRotation.Update () (at Assets/Scripts/Interaction/CarryableRotation.cs:20)
"
15:10:32.714,ERROR,Unity,"NullReferenceException: Object reference not set to an instance of an object
CarryableRotation.Update () (at Assets/Scripts/Interaction/CarryableRotation.cs:20)
"
15:10:32.728,ERROR,Unity,"NullReferenceException: Object reference not set to an instance of an object
CarryableRotation.Update () (at Assets/Scripts/Interaction/CarryableRotation.cs:20)
"
15:10:32.743,ERROR,Unity,"NullReferenceException: Object reference not set to an instance of an object
CarryableRotation.Update () (at Assets/Scripts/Interaction/CarryableRotation.cs:20)
"
15:10:32.757,ERROR,Unity,"NullReferenceException: Object reference not set to an instance of an object
CarryableRotation.Update () (at Assets/Scripts/Interaction/CarryableRotation.cs:20)
"
15:10:32.771,ERROR,Unity,"NullReferenceException: Object reference not set to an instance of an object
CarryableRotation.Update () (at Assets/Scripts/Interaction/CarryableRotation.cs:20)
"
15:10:32.785,ERROR,Unity,"NullReferenceException: Object reference not set to an instance of an object
CarryableRotation.Update () (at Assets/Scripts/Interaction/CarryableRotation.cs:20)
"
15:10:32.802,ERROR,Unity,"NullReferenceException: Object reference not set to an instance of an object
CarryableRotation.Update () (at Assets/Scripts/Interaction/CarryableRotation.cs:20)
"
15:10:32.816,ERROR,Unity,"NullReferenceException: Object reference not set to an instance of an object
CarryableRotation.Update () (at Assets/Scripts/Interaction/CarryableRotation.cs:20)
"
15:10:32.830,ERROR,Unity,"NullReferenceException: Object reference not set to an instance of an object
CarryableRotation.Update () (at Assets/Scripts/Interaction/CarryableRotation.cs:20)
"
15:10:32.844,ERROR,Unity,"NullReferenceException: Object reference not set to an instance of an object
CarryableRotation.Update () (at Assets/Scripts/Interaction/CarryableRotation.cs:20)
"
15:10:32.858,ERROR,Unity,"NullReferenceException: Object reference not set to an instance of an object
CarryableRotation.Update () (at Assets/Scripts/Interaction/CarryableRotation.cs:20)
"
15:10:32.872,ERROR,Unity,"NullReferenceException: Object reference not set to an instance of an object
CarryableRotation.Update () (at Assets/Scripts/Interaction/CarryableRotation.cs:20)
"
15:10:32.887,ERROR,Unity,"NullReferenceException: Object reference not set to an instance of an object
CarryableRotation.Update () (at Assets/Scripts/Interaction/CarryableRotation.cs:20)
"
15:10:32.901,ERROR,Unity,"NullReferenceException: Object reference not set to an instance of an object
CarryableRotation.Update () (at Assets/Scripts/Interaction/CarryableRotation.cs:20)
"
15:10:32.916,ERROR,Unity,"NullReferenceException: Object reference not set to an instance of an object
CarryableRotation.Update () (at Assets/Scripts/Interaction/CarryableRotation.cs:20)
"
15:10:32.929,ERROR,Unity,"NullReferenceException: Object reference not set to an instance of an object
CarryableRotation.Update () (at Assets/Scripts/Interaction/CarryableRotation.cs:20)
"
15:10:32.943,ERROR,Unity,"NullReferenceException: Object reference not set to an instance of an object
CarryableRotation.Update () (at Assets/Scripts/Interaction/CarryableRotation.cs:20)
"
15:10:32.958,ERROR,Unity,"NullReferenceException: Object reference not set to an instance of an object
CarryableRotation.Update () (at Assets/Scripts/Interaction/CarryableRotation.cs:20)
"
15:10:32.972,ERROR,Unity,"NullReferenceException: Object reference not set to an instance of an object
CarryableRotation.Update () (at Assets/Scripts/Interaction/CarryableRotation.cs:20)
"
15:10:32.987,ERROR,Unity,"NullReferenceException: Object reference not set to an instance of an object
CarryableRotation.Update () (at Assets/Scripts/Interaction/CarryableRotation.cs:20)
"
15:10:33.003,ERROR,Unity,"NullReferenceException: Object reference not set to an instance of an object
CarryableRotation.Update () (at Assets/Scripts/Interaction/CarryableRotation.cs:20)
"
15:10:33.017,ERROR,Unity,"NullReferenceException: Object reference not set to an instance of an object
CarryableRotation.Update () (at Assets/Scripts/Interaction/CarryableRotation.cs:20)
"
15:10:33.032,ERROR,Unity,"NullReferenceException: Object reference not set to an instance of an object
CarryableRotation.Update () (at Assets/Scripts/Interaction/CarryableRotation.cs:20)
"
15:10:33.047,ERROR,Unity,"NullReferenceException: Object reference not set to an instance of an object
CarryableRotation.Update () (at Assets/Scripts/Interaction/CarryableRotation.cs:20)
"
15:10:33.062,ERROR,Unity,"NullReferenceException: Object reference not set to an instance of an object
CarryableRotation.Update () (at Assets/Scripts/Interaction/CarryableRotation.cs:20)
"
15:10:33.077,ERROR,Unity,"NullReferenceException: Object reference not set to an instance of an object
CarryableRotation.Update () (at Assets/Scripts/Interaction/CarryableRotation.cs:20)
"
15:10:33.091,ERROR,Unity,"NullReferenceException: Object reference not set to an instance of an object
CarryableRotation.Update () (at Assets/Scripts/Interaction/CarryableRotation.cs:20)
"
15:10:33.105,ERROR,Unity,"NullReferenceException: Object reference not set to an instance of an object
CarryableRotation.Update () (at Assets/Scripts/Interaction/CarryableRotation.cs:20)
"
15:10:33.119,ERROR,Unity,"NullReferenceException: Object reference not set to an instance of an object
CarryableRotation.Update () (at Assets/Scripts/Interaction/CarryableRotation.cs:20)
"
15:10:33.133,ERROR,Unity,"NullReferenceException: Object reference not set to an instance of an object
CarryableRotation.Update () (at Assets/Scripts/Interaction/CarryableRotation.cs:20)
"
15:10:33.147,ERROR,Unity,"NullReferenceException: Object reference not set to an instance of an object
CarryableRotation.Update () (at Assets/Scripts/Interaction/CarryableRotation.cs:20)
"
15:10:33.162,ERROR,Unity,"NullReferenceException: Object reference not set to an instance of an object
CarryableRotation.Update () (at Assets/Scripts/Interaction/CarryableRotation.cs:20)
"
15:10:33.176,ERROR,Unity,"NullReferenceException: Object reference not set to an instance of an object
CarryableRotation.Update () (at Assets/Scripts/Interaction/CarryableRotation.cs:20)
"
15:10:33.190,ERROR,Unity,"NullReferenceException: Object reference not set to an instance of an object
CarryableRotation.Update () (at Assets/Scripts/Interaction/CarryableRotation.cs:20)
"
15:10:33.207,ERROR,Unity,"NullReferenceException: Object reference not set to an instance of an object
CarryableRotation.Update () (at Assets/Scripts/Interaction/CarryableRotation.cs:20)
"
15:10:33.221,ERROR,Unity,"NullReferenceException: Object reference not set to an instance of an object
CarryableRotation.Update () (at Assets/Scripts/Interaction/CarryableRotation.cs:20)
"
15:10:33.235,ERROR,Unity,"NullReferenceException: Object reference not set to an instance of an object
CarryableRotation.Update () (at Assets/Scripts/Interaction/CarryableRotation.cs:20)
"
15:10:33.249,ERROR,Unity,"NullReferenceException: Object reference not set to an instance of an object
CarryableRotation.Update () (at Assets/Scripts/Interaction/CarryableRotation.cs:20)
"
15:10:33.264,ERROR,Unity,"NullReferenceException: Object reference not set to an instance of an object
CarryableRotation.Update () (at Assets/Scripts/Interaction/CarryableRotation.cs:20)
"
15:10:33.280,ERROR,Unity,"NullReferenceException: Object reference not set to an instance of an object
CarryableRotation.Update () (at Assets/Scripts/Interaction/CarryableRotation.cs:20)
"
15:10:33.295,ERROR,Unity,"NullReferenceException: Object reference not set to an instance of an object
CarryableRotation.Update () (at Assets/Scripts/Interaction/CarryableRotation.cs:20)
"
15:10:33.309,ERROR,Unity,"NullReferenceException: Object reference not set to an instance of an object
CarryableRotation.Update () (at Assets/Scripts/Interaction/CarryableRotation.cs:20)
"
15:10:33.323,ERROR,Unity,"NullReferenceException: Object reference not set to an instance of an object
CarryableRotation.Update () (at Assets/Scripts/Interaction/CarryableRotation.cs:20)
"
15:10:33.338,ERROR,Unity,"NullReferenceException: Object reference not set to an instance of an object
CarryableRotation.Update () (at Assets/Scripts/Interaction/CarryableRotation.cs:20)
"
15:10:33.352,ERROR,Unity,"NullReferenceException: Object reference not set to an instance of an object
CarryableRotation.Update () (at Assets/Scripts/Interaction/CarryableRotation.cs:20)
"
15:10:33.367,ERROR,Unity,"NullReferenceException: Object reference not set to an instance of an object
CarryableRotation.Update () (at Assets/Scripts/Interaction/CarryableRotation.cs:20)
"
15:10:33.380,ERROR,Unity,"NullReferenceException: Object reference not set to an instance of an object
CarryableRotation.Update () (at Assets/Scripts/Interaction/CarryableRotation.cs:20)
"
15:10:33.394,ERROR,Unity,"NullReferenceException: Object reference not set to an instance of an object
CarryableRotation.Update () (at Assets/Scripts/Interaction/CarryableRotation.cs:20)
"
15:10:33.412,ERROR,Unity,"NullReferenceException: Object reference not set to an instance of an object
CarryableRotation.Update () (at Assets/Scripts/Interaction/CarryableRotation.cs:20)
"
15:10:33.426,ERROR,Unity,"NullReferenceException: Object reference not set to an instance of an object
CarryableRotation.Update () (at Assets/Scripts/Interaction/CarryableRotation.cs:20)
"
15:10:33.440,ERROR,Unity,"NullReferenceException: Object reference not set to an instance of an object
CarryableRotation.Update () (at Assets/Scripts/Interaction/CarryableRotation.cs:20)
"
15:10:33.455,ERROR,Unity,"NullReferenceException: Object reference not set to an instance of an object
CarryableRotation.Update () (at Assets/Scripts/Interaction/CarryableRotation.cs:20)
"
15:10:33.470,ERROR,Unity,"NullReferenceException: Object reference not set to an instance of an object
CarryableRotation.Update () (at Assets/Scripts/Interaction/CarryableRotation.cs:20)
"
15:10:33.484,ERROR,Unity,"NullReferenceException: Object reference not set to an instance of an object
CarryableRotation.Update () (at Assets/Scripts/Interaction/CarryableRotation.cs:20)
"
15:10:33.498,ERROR,Unity,"NullReferenceException: Object reference not set to an instance of an object
CarryableRotation.Update () (at Assets/Scripts/Interaction/CarryableRotation.cs:20)
"
15:10:33.512,ERROR,Unity,"NullReferenceException: Object reference not set to an instance of an object
CarryableRotation.Update () (at Assets/Scripts/Interaction/CarryableRotation.cs:20)
"
15:10:33.526,ERROR,Unity,"NullReferenceException: Object reference not set to an instance of an object
CarryableRotation.Update () (at Assets/Scripts/Interaction/CarryableRotation.cs:20)
"
15:10:33.540,ERROR,Unity,"NullReferenceException: Object reference not set to an instance of an object
CarryableRotation.Update () (at Assets/Scripts/Interaction/CarryableRotation.cs:20)
"
15:10:33.555,ERROR,Unity,"NullReferenceException: Object reference not set to an instance of an object
CarryableRotation.Update () (at Assets/Scripts/Interaction/CarryableRotation.cs:20)
"
15:10:33.570,ERROR,Unity,"NullReferenceException: Object reference not set to an instance of an object
CarryableRotation.Update () (at Assets/Scripts/Interaction/CarryableRotation.cs:20)
"
15:10:33.584,ERROR,Unity,"NullReferenceException: Object reference not set to an instance of an object
CarryableRotation.Update () (at Assets/Scripts/Interaction/CarryableRotation.cs:20)
"
15:10:33.599,ERROR,Unity,"NullReferenceException: Object reference not set to an instance of an object
CarryableRotation.Update () (at Assets/Scripts/Interaction/CarryableRotation.cs:20)
"
15:10:33.615,ERROR,Unity,"NullReferenceException: Object reference not set to an instance of an object
CarryableRotation.Update () (at Assets/Scripts/Interaction/CarryableRotation.cs:20)
"
15:10:33.630,ERROR,Unity,"NullReferenceException: Object reference not set to an instance of an object
CarryableRotation.Update () (at Assets/Scripts/Interaction/CarryableRotation.cs:20)
"
15:10:33.644,ERROR,Unity,"NullReferenceException: Object reference not set to an instance of an object
CarryableRotation.Update () (at Assets/Scripts/Interaction/CarryableRotation.cs:20)
"
15:10:33.657,ERROR,Unity,"NullReferenceException: Object reference not set to an instance of an object
CarryableRotation.Update () (at Assets/Scripts/Interaction/CarryableRotation.cs:20)
"
15:10:33.672,ERROR,Unity,"NullReferenceException: Object reference not set to an instance of an object
CarryableRotation.Update () (at Assets/Scripts/Interaction/CarryableRotation.cs:20)
"
15:10:33.686,ERROR,Unity,"NullReferenceException: Object reference not set to an instance of an object
CarryableRotation.Update () (at Assets/Scripts/Interaction/CarryableRotation.cs:20)
"
15:10:33.699,ERROR,Unity,"NullReferenceException: Object reference not set to an instance of an object
CarryableRotation.Update () (at Assets/Scripts/Interaction/CarryableRotation.cs:20)
"
15:10:33.714,ERROR,Unity,"NullReferenceException: Object reference not set to an instance of an object
CarryableRotation.Update () (at Assets/Scripts/Interaction/CarryableRotation.cs:20)
"
15:10:33.729,ERROR,Unity,"NullReferenceException: Object reference not set to an instance of an object
CarryableRotation.Update () (at Assets/Scripts/Interaction/CarryableRotation.cs:20)
"
15:10:33.743,ERROR,Unity,"NullReferenceException: Object reference not set to an instance of an object
CarryableRotation.Update () (at Assets/Scripts/Interaction/CarryableRotation.cs:20)
"
15:10:33.757,ERROR,Unity,"NullReferenceException: Object reference not set to an instance of an object
CarryableRotation.Update () (at Assets/Scripts/Interaction/CarryableRotation.cs:20)
"
15:10:33.771,ERROR,Unity,"NullReferenceException: Object reference not set to an instance of an object
CarryableRotation.Update () (at Assets/Scripts/Interaction/CarryableRotation.cs:20)
"
15:10:33.785,ERROR,Unity,"NullReferenceException: Object reference not set to an instance of an object
CarryableRotation.Update () (at Assets/Scripts/Interaction/CarryableRotation.cs:20)
"
15:10:33.801,ERROR,Unity,"NullReferenceException: Object reference not set to an instance of an object
CarryableRotation.Update () (at Assets/Scripts/Interaction/CarryableRotation.cs:20)
"
15:10:33.817,ERROR,Unity,"NullReferenceException: Object reference not set to an instance of an object
CarryableRotation.Update () (at Assets/Scripts/Interaction/CarryableRotation.cs:20)
"
15:10:33.831,ERROR,Unity,"NullReferenceException: Object reference not set to an instance of an object
CarryableRotation.Update () (at Assets/Scripts/Interaction/CarryableRotation.cs:20)
"
15:10:33.845,ERROR,Unity,"NullReferenceException: Object reference not set to an instance of an object
CarryableRotation.Update () (at Assets/Scripts/Interaction/CarryableRotation.cs:20)
"
15:10:33.859,ERROR,Unity,"NullReferenceException: Object reference not set to an instance of an object
CarryableRotation.Update () (at Assets/Scripts/Interaction/CarryableRotation.cs:20)
"
15:10:33.874,ERROR,Unity,"NullReferenceException: Object reference not set to an instance of an object
CarryableRotation.Update () (at Assets/Scripts/Interaction/CarryableRotation.cs:20)
"
15:10:33.888,ERROR,Unity,"NullReferenceException: Object reference not set to an instance of an object
CarryableRotation.Update () (at Assets/Scripts/Interaction/CarryableRotation.cs:20)
"
15:10:33.903,ERROR,Unity,"NullReferenceException: Object reference not set to an instance of an object
CarryableRotation.Update () (at Assets/Scripts/Interaction/CarryableRotation.cs:20)
"
15:10:33.917,ERROR,Unity,"NullReferenceException: Object reference not set to an instance of an object
CarryableRotation.Update () (at Assets/Scripts/Interaction/CarryableRotation.cs:20)
"
15:10:33.930,ERROR,Unity,"NullReferenceException: Object reference not set to an instance of an object
CarryableRotation.Update () (at Assets/Scripts/Interaction/CarryableRotation.cs:20)
"
15:10:33.945,ERROR,Unity,"NullReferenceException: Object reference not set to an instance of an object
CarryableRotation.Update () (at Assets/Scripts/Interaction/CarryableRotation.cs:20)
"
15:10:33.960,ERROR,Unity,"NullReferenceException: Object reference not set to an instance of an object
CarryableRotation.Update () (at Assets/Scripts/Interaction/CarryableRotation.cs:20)
"
15:10:33.974,ERROR,Unity,"NullReferenceException: Object reference not set to an instance of an object
CarryableRotation.Update () (at Assets/Scripts/Interaction/CarryableRotation.cs:20)
"
15:10:33.989,ERROR,Unity,"NullReferenceException: Object reference not set to an instance of an object
CarryableRotation.Update () (at Assets/Scripts/Interaction/CarryableRotation.cs:20)
"
15:10:34.002,ERROR,Unity,"NullReferenceException: Object reference not set to an instance of an object
CarryableRotation.Update () (at Assets/Scripts/Interaction/CarryableRotation.cs:20)
"
15:10:34.019,ERROR,Unity,"NullReferenceException: Object reference not set to an instance of an object
CarryableRotation.Update () (at Assets/Scripts/Interaction/CarryableRotation.cs:20)
"
15:10:34.034,ERROR,Unity,"NullReferenceException: Object reference not set to an instance of an object
CarryableRotation.Update () (at Assets/Scripts/Interaction/CarryableRotation.cs:20)
"
15:10:34.048,ERROR,Unity,"NullReferenceException: Object reference not set to an instance of an object
CarryableRotation.Update () (at Assets/Scripts/Interaction/CarryableRotation.cs:20)
"
15:10:34.064,ERROR,Unity,"NullReferenceException: Object reference not set to an instance of an object
CarryableRotation.Update () (at Assets/Scripts/Interaction/CarryableRotation.cs:20)
"
15:10:34.079,ERROR,Unity,"NullReferenceException: Object reference not set to an instance of an object
CarryableRotation.Update () (at Assets/Scripts/Interaction/CarryableRotation.cs:20)
"
15:10:34.093,ERROR,Unity,"NullReferenceException: Object reference not set to an instance of an object
CarryableRotation.Update () (at Assets/Scripts/Interaction/CarryableRotation.cs:20)
"
15:10:34.108,ERROR,Unity,"NullReferenceException: Object reference not set to an instance of an object
CarryableRotation.Update () (at Assets/Scripts/Interaction/CarryableRotation.cs:20)
"
15:10:34.122,ERROR,Unity,"NullReferenceException: Object reference not set to an instance of an object
CarryableRotation.Update () (at Assets/Scripts/Interaction/CarryableRotation.cs:20)
"
15:10:34.137,ERROR,Unity,"NullReferenceException: Object reference not set to an instance of an object
CarryableRotation.Update () (at Assets/Scripts/Interaction/CarryableRotation.cs:20)
"
15:10:34.150,ERROR,Unity,"NullReferenceException: Object reference not set to an instance of an object
CarryableRotation.Update () (at Assets/Scripts/Interaction/CarryableRotation.cs:20)
"
15:10:34.164,ERROR,Unity,"NullReferenceException: Object reference not set to an instance of an object
CarryableRotation.Update () (at Assets/Scripts/Interaction/CarryableRotation.cs:20)
"
15:10:34.178,ERROR,Unity,"NullReferenceException: Object reference not set to an instance of an object
CarryableRotation.Update () (at Assets/Scripts/Interaction/CarryableRotation.cs:20)
"
15:10:34.193,ERROR,Unity,"NullReferenceException: Object reference not set to an instance of an object
CarryableRotation.Update () (at Assets/Scripts/Interaction/CarryableRotation.cs:20)
"
15:10:34.207,ERROR,Unity,"NullReferenceException: Object reference not set to an instance of an object
CarryableRotation.Update () (at Assets/Scripts/Interaction/CarryableRotation.cs:20)
"
15:10:34.224,ERROR,Unity,"NullReferenceException: Object reference not set to an instance of an object
CarryableRotation.Update () (at Assets/Scripts/Interaction/CarryableRotation.cs:20)
"
15:10:34.238,ERROR,Unity,"NullReferenceException: Object reference not set to an instance of an object
CarryableRotation.Update () (at Assets/Scripts/Interaction/CarryableRotation.cs:20)
"
15:10:34.252,ERROR,Unity,"NullReferenceException: Object reference not set to an instance of an object
CarryableRotation.Update () (at Assets/Scripts/Interaction/CarryableRotation.cs:20)
"
15:10:34.265,ERROR,Unity,"NullReferenceException: Object reference not set to an instance of an object
CarryableRotation.Update () (at Assets/Scripts/Interaction/CarryableRotation.cs:20)
"
15:10:34.281,ERROR,Unity,"NullReferenceException: Object reference not set to an instance of an object
CarryableRotation.Update () (at Assets/Scripts/Interaction/CarryableRotation.cs:20)
"
15:10:34.294,ERROR,Unity,"NullReferenceException: Object reference not set to an instance of an object
CarryableRotation.Update () (at Assets/Scripts/Interaction/CarryableRotation.cs:20)
"
15:10:34.310,ERROR,Unity,"NullReferenceException: Object reference not set to an instance of an object
CarryableRotation.Update () (at Assets/Scripts/Interaction/CarryableRotation.cs:20)
"
15:10:34.325,ERROR,Unity,"NullReferenceException: Object reference not set to an instance of an object
CarryableRotation.Update () (at Assets/Scripts/Interaction/CarryableRotation.cs:20)
"
15:10:34.338,ERROR,Unity,"NullReferenceException: Object reference not set to an instance of an object
CarryableRotation.Update () (at Assets/Scripts/Interaction/CarryableRotation.cs:20)
"
15:10:34.352,ERROR,Unity,"NullReferenceException: Object reference not set to an instance of an object
CarryableRotation.Update () (at Assets/Scripts/Interaction/CarryableRotation.cs:20)
"
15:10:34.367,ERROR,Unity,"NullReferenceException: Object reference not set to an instance of an object
CarryableRotation.Update () (at Assets/Scripts/Interaction/CarryableRotation.cs:20)
"
15:10:34.381,ERROR,Unity,"NullReferenceException: Object reference not set to an instance of an object
CarryableRotation.Update () (at Assets/Scripts/Interaction/CarryableRotation.cs:20)
"
15:10:34.395,ERROR,Unity,"NullReferenceException: Object reference not set to an instance of an object
CarryableRotation.Update () (at Assets/Scripts/Interaction/CarryableRotation.cs:20)
"
15:10:34.409,ERROR,Unity,"NullReferenceException: Object reference not set to an instance of an object
CarryableRotation.Update () (at Assets/Scripts/Interaction/CarryableRotation.cs:20)
"
15:10:34.426,ERROR,Unity,"NullReferenceException: Object reference not set to an instance of an object
CarryableRotation.Update () (at Assets/Scripts/Interaction/CarryableRotation.cs:20)
"
15:10:34.441,ERROR,Unity,"NullReferenceException: Object reference not set to an instance of an object
CarryableRotation.Update () (at Assets/Scripts/Interaction/CarryableRotation.cs:20)
"
15:10:34.455,ERROR,Unity,"NullReferenceException: Object reference not set to an instance of an object
CarryableRotation.Update () (at Assets/Scripts/Interaction/CarryableRotation.cs:20)
"
15:10:34.469,ERROR,Unity,"NullReferenceException: Object reference not set to an instance of an object
CarryableRotation.Update () (at Assets/Scripts/Interaction/CarryableRotation.cs:20)
"
15:10:34.484,ERROR,Unity,"NullReferenceException: Object reference not set to an instance of an object
CarryableRotation.Update () (at Assets/Scripts/Interaction/CarryableRotation.cs:20)
"
15:10:34.498,ERROR,Unity,"NullReferenceException: Object reference not set to an instance of an object
CarryableRotation.Update () (at Assets/Scripts/Interaction/CarryableRotation.cs:20)
"
15:10:34.511,ERROR,Unity,"NullReferenceException: Object reference not set to an instance of an object
CarryableRotation.Update () (at Assets/Scripts/Interaction/CarryableRotation.cs:20)
"
15:10:34.527,ERROR,Unity,"NullReferenceException: Object reference not set to an instance of an object
CarryableRotation.Update () (at Assets/Scripts/Interaction/CarryableRotation.cs:20)
"
15:10:34.540,ERROR,Unity,"NullReferenceException: Object reference not set to an instance of an object
CarryableRotation.Update () (at Assets/Scripts/Interaction/CarryableRotation.cs:20)
"
15:10:34.556,ERROR,Unity,"NullReferenceException: Object reference not set to an instance of an object
CarryableRotation.Update () (at Assets/Scripts/Interaction/CarryableRotation.cs:20)
"
15:10:34.570,ERROR,Unity,"NullReferenceException: Object reference not set to an instance of an object
CarryableRotation.Update () (at Assets/Scripts/Interaction/CarryableRotation.cs:20)
"
15:10:34.584,ERROR,Unity,"NullReferenceException: Object reference not set to an instance of an object
CarryableRotation.Update () (at Assets/Scripts/Interaction/CarryableRotation.cs:20)
"
15:10:34.597,ERROR,Unity,"NullReferenceException: Object reference not set to an instance of an object
CarryableRotation.Update () (at Assets/Scripts/Interaction/CarryableRotation.cs:20)
"
15:10:34.612,ERROR,Unity,"NullReferenceException: Object reference not set to an instance of an object
CarryableRotation.Update () (at Assets/Scripts/Interaction/CarryableRotation.cs:20)
"
15:10:34.629,ERROR,Unity,"NullReferenceException: Object reference not set to an instance of an object
CarryableRotation.Update () (at Assets/Scripts/Interaction/CarryableRotation.cs:20)
"
15:10:34.643,ERROR,Unity,"NullReferenceException: Object reference not set to an instance of an object
CarryableRotation.Update () (at Assets/Scripts/Interaction/CarryableRotation.cs:20)
"
15:10:34.657,ERROR,Unity,"NullReferenceException: Object reference not set to an instance of an object
CarryableRotation.Update () (at Assets/Scripts/Interaction/CarryableRotation.cs:20)
"
15:10:34.672,ERROR,Unity,"NullReferenceException: Object reference not set to an instance of an object
CarryableRotation.Update () (at Assets/Scripts/Interaction/CarryableRotation.cs:20)
"
15:10:34.687,ERROR,Unity,"NullReferenceException: Object reference not set to an instance of an object
CarryableRotation.Update () (at Assets/Scripts/Interaction/CarryableRotation.cs:20)
"
15:10:34.700,ERROR,Unity,"NullReferenceException: Object reference not set to an instance of an object
CarryableRotation.Update () (at Assets/Scripts/Interaction/CarryableRotation.cs:20)
"
15:10:34.714,ERROR,Unity,"NullReferenceException: Object reference not set to an instance of an object
CarryableRotation.Update () (at Assets/Scripts/Interaction/CarryableRotation.cs:20)
"
15:10:34.728,ERROR,Unity,"NullReferenceException: Object reference not set to an instance of an object
CarryableRotation.Update () (at Assets/Scripts/Interaction/CarryableRotation.cs:20)
"
15:10:34.743,ERROR,Unity,"NullReferenceException: Object reference not set to an instance of an object
CarryableRotation.Update () (at Assets/Scripts/Interaction/CarryableRotation.cs:20)
"
15:10:34.757,ERROR,Unity,"NullReferenceException: Object reference not set to an instance of an object
CarryableRotation.Update () (at Assets/Scripts/Interaction/CarryableRotation.cs:20)
"
15:10:34.771,ERROR,Unity,"NullReferenceException: Object reference not set to an instance of an object
CarryableRotation.Update () (at Assets/Scripts/Interaction/CarryableRotation.cs:20)
"
15:10:34.786,ERROR,Unity,"NullReferenceException: Object reference not set to an instance of an object
CarryableRotation.Update () (at Assets/Scripts/Interaction/CarryableRotation.cs:20)
"
15:10:34.800,ERROR,Unity,"NullReferenceException: Object reference not set to an instance of an object
CarryableRotation.Update () (at Assets/Scripts/Interaction/CarryableRotation.cs:20)
"
15:10:34.815,ERROR,Unity,"NullReferenceException: Object reference not set to an instance of an object
CarryableRotation.Update () (at Assets/Scripts/Interaction/CarryableRotation.cs:20)
"
15:10:34.831,ERROR,Unity,"NullReferenceException: Object reference not set to an instance of an object
CarryableRotation.Update () (at Assets/Scripts/Interaction/CarryableRotation.cs:20)
"
15:10:34.846,ERROR,Unity,"NullReferenceException: Object reference not set to an instance of an object
CarryableRotation.Update () (at Assets/Scripts/Interaction/CarryableRotation.cs:20)
"
15:10:34.860,ERROR,Unity,"NullReferenceException: Object reference not set to an instance of an object
CarryableRotation.Update () (at Assets/Scripts/Interaction/CarryableRotation.cs:20)
"
15:10:34.874,ERROR,Unity,"NullReferenceException: Object reference not set to an instance of an object
CarryableRotation.Update () (at Assets/Scripts/Interaction/CarryableRotation.cs:20)
"
15:10:34.889,ERROR,Unity,"NullReferenceException: Object reference not set to an instance of an object
CarryableRotation.Update () (at Assets/Scripts/Interaction/CarryableRotation.cs:20)
"
15:10:34.902,ERROR,Unity,"NullReferenceException: Object reference not set to an instance of an object
CarryableRotation.Update () (at Assets/Scripts/Interaction/CarryableRotation.cs:20)
"
15:10:34.917,ERROR,Unity,"NullReferenceException: Object reference not set to an instance of an object
CarryableRotation.Update () (at Assets/Scripts/Interaction/CarryableRotation.cs:20)
"
15:10:34.931,ERROR,Unity,"NullReferenceException: Object reference not set to an instance of an object
CarryableRotation.Update () (at Assets/Scripts/Interaction/CarryableRotation.cs:20)
"
15:10:34.946,ERROR,Unity,"NullReferenceException: Object reference not set to an instance of an object
CarryableRotation.Update () (at Assets/Scripts/Interaction/CarryableRotation.cs:20)
"
15:10:34.959,ERROR,Unity,"NullReferenceException: Object reference not set to an instance of an object
CarryableRotation.Update () (at Assets/Scripts/Interaction/CarryableRotation.cs:20)
"
15:10:34.973,ERROR,Unity,"NullReferenceException: Object reference not set to an instance of an object
CarryableRotation.Update () (at Assets/Scripts/Interaction/CarryableRotation.cs:20)
"
15:10:34.988,ERROR,Unity,"NullReferenceException: Object reference not set to an instance of an object
CarryableRotation.Update () (at Assets/Scripts/Interaction/CarryableRotation.cs:20)
"
15:10:35.002,ERROR,Unity,"NullReferenceException: Object reference not set to an instance of an object
CarryableRotation.Update () (at Assets/Scripts/Interaction/CarryableRotation.cs:20)
"
15:10:35.016,ERROR,Unity,"NullReferenceException: Object reference not set to an instance of an object
CarryableRotation.Update () (at Assets/Scripts/Interaction/CarryableRotation.cs:20)
"
15:10:35.033,ERROR,Unity,"NullReferenceException: Object reference not set to an instance of an object
CarryableRotation.Update () (at Assets/Scripts/Interaction/CarryableRotation.cs:20)
"
15:10:35.048,ERROR,Unity,"NullReferenceException: Object reference not set to an instance of an object
CarryableRotation.Update () (at Assets/Scripts/Interaction/CarryableRotation.cs:20)
"
15:10:35.062,ERROR,Unity,"NullReferenceException: Object reference not set to an instance of an object
CarryableRotation.Update () (at Assets/Scripts/Interaction/CarryableRotation.cs:20)
"
15:10:35.078,ERROR,Unity,"NullReferenceException: Object reference not set to an instance of an object
CarryableRotation.Update () (at Assets/Scripts/Interaction/CarryableRotation.cs:20)
"
15:10:35.092,ERROR,Unity,"NullReferenceException: Object reference not set to an instance of an object
CarryableRotation.Update () (at Assets/Scripts/Interaction/CarryableRotation.cs:20)
"
15:10:35.106,ERROR,Unity,"NullReferenceException: Object reference not set to an instance of an object
CarryableRotation.Update () (at Assets/Scripts/Interaction/CarryableRotation.cs:20)
"
15:10:35.120,ERROR,Unity,"NullReferenceException: Object reference not set to an instance of an object
CarryableRotation.Update () (at Assets/Scripts/Interaction/CarryableRotation.cs:20)
"
15:10:35.135,ERROR,Unity,"NullReferenceException: Object reference not set to an instance of an object
CarryableRotation.Update () (at Assets/Scripts/Interaction/CarryableRotation.cs:20)
"
15:10:35.148,ERROR,Unity,"NullReferenceException: Object reference not set to an instance of an object
CarryableRotation.Update () (at Assets/Scripts/Interaction/CarryableRotation.cs:20)
"
15:10:35.163,ERROR,Unity,"NullReferenceException: Object reference not set to an instance of an object
CarryableRotation.Update () (at Assets/Scripts/Interaction/CarryableRotation.cs:20)
"
15:10:35.177,ERROR,Unity,"NullReferenceException: Object reference not set to an instance of an object
CarryableRotation.Update () (at Assets/Scripts/Interaction/CarryableRotation.cs:20)
"
15:10:35.191,ERROR,Unity,"NullReferenceException: Object reference not set to an instance of an object
CarryableRotation.Update () (at Assets/Scripts/Interaction/CarryableRotation.cs:20)
"
15:10:35.205,ERROR,Unity,"NullReferenceException: Object reference not set to an instance of an object
CarryableRotation.Update () (at Assets/Scripts/Interaction/CarryableRotation.cs:20)
"
15:10:35.218,ERROR,Unity,"NullReferenceException: Object reference not set to an instance of an object
CarryableRotation.Update () (at Assets/Scripts/Interaction/CarryableRotation.cs:20)
"
15:10:35.235,ERROR,Unity,"NullReferenceException: Object reference not set to an instance of an object
CarryableRotation.Update () (at Assets/Scripts/Interaction/CarryableRotation.cs:20)
"
15:10:35.250,ERROR,Unity,"NullReferenceException: Object reference not set to an instance of an object
CarryableRotation.Update () (at Assets/Scripts/Interaction/CarryableRotation.cs:20)
"
15:10:35.265,ERROR,Unity,"NullReferenceException: Object reference not set to an instance of an object
CarryableRotation.Update () (at Assets/Scripts/Interaction/CarryableRotation.cs:20)
"
15:10:35.279,ERROR,Unity,"NullReferenceException: Object reference not set to an instance of an object
CarryableRotation.Update () (at Assets/Scripts/Interaction/CarryableRotation.cs:20)
"
15:10:35.293,ERROR,Unity,"NullReferenceException: Object reference not set to an instance of an object
CarryableRotation.Update () (at Assets/Scripts/Interaction/CarryableRotation.cs:20)
"
15:10:35.308,ERROR,Unity,"NullReferenceException: Object reference not set to an instance of an object
CarryableRotation.Update () (at Assets/Scripts/Interaction/CarryableRotation.cs:20)
"
15:10:35.321,ERROR,Unity,"NullReferenceException: Object reference not set to an instance of an object
CarryableRotation.Update () (at Assets/Scripts/Interaction/CarryableRotation.cs:20)
"
15:10:35.336,ERROR,Unity,"NullReferenceException: Object reference not set to an instance of an object
CarryableRotation.Update () (at Assets/Scripts/Interaction/CarryableRotation.cs:20)
"
15:10:35.351,ERROR,Unity,"NullReferenceException: Object reference not set to an instance of an object
CarryableRotation.Update () (at Assets/Scripts/Interaction/CarryableRotation.cs:20)
"
15:10:35.365,ERROR,Unity,"NullReferenceException: Object reference not set to an instance of an object
CarryableRotation.Update () (at Assets/Scripts/Interaction/CarryableRotation.cs:20)
"
15:10:35.380,ERROR,Unity,"NullReferenceException: Object reference not set to an instance of an object
CarryableRotation.Update () (at Assets/Scripts/Interaction/CarryableRotation.cs:20)
"
15:10:35.393,ERROR,Unity,"NullReferenceException: Object reference not set to an instance of an object
CarryableRotation.Update () (at Assets/Scripts/Interaction/CarryableRotation.cs:20)
"
15:10:35.408,ERROR,Unity,"NullReferenceException: Object reference not set to an instance of an object
CarryableRotation.Update () (at Assets/Scripts/Interaction/CarryableRotation.cs:20)
"
15:10:35.421,ERROR,Unity,"NullReferenceException: Object reference not set to an instance of an object
CarryableRotation.Update () (at Assets/Scripts/Interaction/CarryableRotation.cs:20)
"
15:10:35.439,ERROR,Unity,"NullReferenceException: Object reference not set to an instance of an object
CarryableRotation.Update () (at Assets/Scripts/Interaction/CarryableRotation.cs:20)
"
15:10:35.453,ERROR,Unity,"NullReferenceException: Object reference not set to an instance of an object
CarryableRotation.Update () (at Assets/Scripts/Interaction/CarryableRotation.cs:20)
"
15:10:35.467,ERROR,Unity,"NullReferenceException: Object reference not set to an instance of an object
CarryableRotation.Update () (at Assets/Scripts/Interaction/CarryableRotation.cs:20)
"
15:10:35.482,ERROR,Unity,"NullReferenceException: Object reference not set to an instance of an object
CarryableRotation.Update () (at Assets/Scripts/Interaction/CarryableRotation.cs:20)
"
15:10:35.496,ERROR,Unity,"NullReferenceException: Object reference not set to an instance of an object
CarryableRotation.Update () (at Assets/Scripts/Interaction/CarryableRotation.cs:20)
"
15:10:35.510,ERROR,Unity,"NullReferenceException: Object reference not set to an instance of an object
CarryableRotation.Update () (at Assets/Scripts/Interaction/CarryableRotation.cs:20)
"
15:10:35.524,ERROR,Unity,"NullReferenceException: Object reference not set to an instance of an object
CarryableRotation.Update () (at Assets/Scripts/Interaction/CarryableRotation.cs:20)
"
15:10:35.539,ERROR,Unity,"NullReferenceException: Object reference not set to an instance of an object
CarryableRotation.Update () (at Assets/Scripts/Interaction/CarryableRotation.cs:20)
"
15:10:35.552,ERROR,Unity,"NullReferenceException: Object reference not set to an instance of an object
CarryableRotation.Update () (at Assets/Scripts/Interaction/CarryableRotation.cs:20)
"
15:10:35.567,ERROR,Unity,"NullReferenceException: Object reference not set to an instance of an object
CarryableRotation.Update () (at Assets/Scripts/Interaction/CarryableRotation.cs:20)
"
15:10:35.582,ERROR,Unity,"NullReferenceException: Object reference not set to an instance of an object
CarryableRotation.Update () (at Assets/Scripts/Interaction/CarryableRotation.cs:20)
"
15:10:35.596,ERROR,Unity,"NullReferenceException: Object reference not set to an instance of an object
CarryableRotation.Update () (at Assets/Scripts/Interaction/CarryableRotation.cs:20)
"
15:10:35.609,ERROR,Unity,"NullReferenceException: Object reference not set to an instance of an object
CarryableRotation.Update () (at Assets/Scripts/Interaction/CarryableRotation.cs:20)
"
15:10:35.624,ERROR,Unity,"NullReferenceException: Object reference not set to an instance of an object
CarryableRotation.Update () (at Assets/Scripts/Interaction/CarryableRotation.cs:20)
"
15:10:35.641,ERROR,Unity,"NullReferenceException: Object reference not set to an instance of an object
CarryableRotation.Update () (at Assets/Scripts/Interaction/CarryableRotation.cs:20)
"
15:10:35.655,ERROR,Unity,"NullReferenceException: Object reference not set to an instance of an object
CarryableRotation.Update () (at Assets/Scripts/Interaction/CarryableRotation.cs:20)
"
15:10:35.669,ERROR,Unity,"NullReferenceException: Object reference not set to an instance of an object
CarryableRotation.Update () (at Assets/Scripts/Interaction/CarryableRotation.cs:20)
"
15:10:35.684,ERROR,Unity,"NullReferenceException: Object reference not set to an instance of an object
CarryableRotation.Update () (at Assets/Scripts/Interaction/CarryableRotation.cs:20)
"
15:10:35.699,ERROR,Unity,"NullReferenceException: Object reference not set to an instance of an object
CarryableRotation.Update () (at Assets/Scripts/Interaction/CarryableRotation.cs:20)
"
15:10:35.713,ERROR,Unity,"NullReferenceException: Object reference not set to an instance of an object
CarryableRotation.Update () (at Assets/Scripts/Interaction/CarryableRotation.cs:20)
"
15:10:35.725,ERROR,Unity,"NullReferenceException: Object reference not set to an instance of an object
CarryableRotation.Update () (at Assets/Scripts/Interaction/CarryableRotation.cs:20)
"
15:10:35.741,ERROR,Unity,"NullReferenceException: Object reference not set to an instance of an object
CarryableRotation.Update () (at Assets/Scripts/Interaction/CarryableRotation.cs:20)
"
15:10:35.754,ERROR,Unity,"NullReferenceException: Object reference not set to an instance of an object
CarryableRotation.Update () (at Assets/Scripts/Interaction/CarryableRotation.cs:20)
"
15:10:35.768,ERROR,Unity,"NullReferenceException: Object reference not set to an instance of an object
CarryableRotation.Update () (at Assets/Scripts/Interaction/CarryableRotation.cs:20)
"
15:10:35.783,ERROR,Unity,"NullReferenceException: Object reference not set to an instance of an object
CarryableRotation.Update () (at Assets/Scripts/Interaction/CarryableRotation.cs:20)
"
15:10:35.797,ERROR,Unity,"NullReferenceException: Object reference not set to an instance of an object
CarryableRotation.Update () (at Assets/Scripts/Interaction/CarryableRotation.cs:20)
"
15:10:35.812,ERROR,Unity,"NullReferenceException: Object reference not set to an instance of an object
CarryableRotation.Update () (at Assets/Scripts/Interaction/CarryableRotation.cs:20)
"
15:10:35.827,ERROR,Unity,"NullReferenceException: Object reference not set to an instance of an object
CarryableRotation.Update () (at Assets/Scripts/Interaction/CarryableRotation.cs:20)
"
15:10:35.844,ERROR,Unity,"NullReferenceException: Object reference not set to an instance of an object
CarryableRotation.Update () (at Assets/Scripts/Interaction/CarryableRotation.cs:20)
"
15:10:35.858,ERROR,Unity,"NullReferenceException: Object reference not set to an instance of an object
CarryableRotation.Update () (at Assets/Scripts/Interaction/CarryableRotation.cs:20)
"
15:10:35.873,ERROR,Unity,"NullReferenceException: Object reference not set to an instance of an object
CarryableRotation.Update () (at Assets/Scripts/Interaction/CarryableRotation.cs:20)
"
15:10:35.887,ERROR,Unity,"NullReferenceException: Object reference not set to an instance of an object
CarryableRotation.Update () (at Assets/Scripts/Interaction/CarryableRotation.cs:20)
"
15:10:35.902,ERROR,Unity,"NullReferenceException: Object reference not set to an instance of an object
CarryableRotation.Update () (at Assets/Scripts/Interaction/CarryableRotation.cs:20)
"
15:10:35.917,ERROR,Unity,"NullReferenceException: Object reference not set to an instance of an object
CarryableRotation.Update () (at Assets/Scripts/Interaction/CarryableRotation.cs:20)
"
15:10:35.931,ERROR,Unity,"NullReferenceException: Object reference not set to an instance of an object
CarryableRotation.Update () (at Assets/Scripts/Interaction/CarryableRotation.cs:20)
"
15:10:35.944,ERROR,Unity,"NullReferenceException: Object reference not set to an instance of an object
CarryableRotation.Update () (at Assets/Scripts/Interaction/CarryableRotation.cs:20)
"
15:10:35.959,ERROR,Unity,"NullReferenceException: Object reference not set to an instance of an object
CarryableRotation.Update () (at Assets/Scripts/Interaction/CarryableRotation.cs:20)
"
15:10:35.974,ERROR,Unity,"NullReferenceException: Object reference not set to an instance of an object
CarryableRotation.Update () (at Assets/Scripts/Interaction/CarryableRotation.cs:20)
"
15:10:35.987,ERROR,Unity,"NullReferenceException: Object reference not set to an instance of an object
CarryableRotation.Update () (at Assets/Scripts/Interaction/CarryableRotation.cs:20)
"
15:10:36.002,ERROR,Unity,"NullReferenceException: Object reference not set to an instance of an object
CarryableRotation.Update () (at Assets/Scripts/Interaction/CarryableRotation.cs:20)
"
15:10:36.017,ERROR,Unity,"NullReferenceException: Object reference not set to an instance of an object
CarryableRotation.Update () (at Assets/Scripts/Interaction/CarryableRotation.cs:20)
"
15:10:36.032,ERROR,Unity,"NullReferenceException: Object reference not set to an instance of an object
CarryableRotation.Update () (at Assets/Scripts/Interaction/CarryableRotation.cs:20)
"
15:10:36.049,ERROR,Unity,"NullReferenceException: Object reference not set to an instance of an object
CarryableRotation.Update () (at Assets/Scripts/Interaction/CarryableRotation.cs:20)
"
15:10:36.063,ERROR,Unity,"NullReferenceException: Object reference not set to an instance of an object
CarryableRotation.Update () (at Assets/Scripts/Interaction/CarryableRotation.cs:20)
"
15:10:36.080,ERROR,Unity,"NullReferenceException: Object reference not set to an instance of an object
CarryableRotation.Update () (at Assets/Scripts/Interaction/CarryableRotation.cs:20)
"
15:10:36.094,ERROR,Unity,"NullReferenceException: Object reference not set to an instance of an object
CarryableRotation.Update () (at Assets/Scripts/Interaction/CarryableRotation.cs:20)
"
15:10:36.108,ERROR,Unity,"NullReferenceException: Object reference not set to an instance of an object
CarryableRotation.Update () (at Assets/Scripts/Interaction/CarryableRotation.cs:20)
"
15:10:36.122,ERROR,Unity,"NullReferenceException: Object reference not set to an instance of an object
CarryableRotation.Update () (at Assets/Scripts/Interaction/CarryableRotation.cs:20)
"
15:10:36.136,ERROR,Unity,"NullReferenceException: Object reference not set to an instance of an object
CarryableRotation.Update () (at Assets/Scripts/Interaction/CarryableRotation.cs:20)
"
15:10:36.150,ERROR,Unity,"NullReferenceException: Object reference not set to an instance of an object
CarryableRotation.Update () (at Assets/Scripts/Interaction/CarryableRotation.cs:20)
"
15:10:36.165,ERROR,Unity,"NullReferenceException: Object reference not set to an instance of an object
CarryableRotation.Update () (at Assets/Scripts/Interaction/CarryableRotation.cs:20)
"
15:10:36.180,ERROR,Unity,"NullReferenceException: Object reference not set to an instance of an object
CarryableRotation.Update () (at Assets/Scripts/Interaction/CarryableRotation.cs:20)
"
15:10:36.194,ERROR,Unity,"NullReferenceException: Object reference not set to an instance of an object
CarryableRotation.Update () (at Assets/Scripts/Interaction/CarryableRotation.cs:20)
"
15:10:36.208,ERROR,Unity,"NullReferenceException: Object reference not set to an instance of an object
CarryableRotation.Update () (at Assets/Scripts/Interaction/CarryableRotation.cs:20)
"
15:10:36.222,ERROR,Unity,"NullReferenceException: Object reference not set to an instance of an object
CarryableRotation.Update () (at Assets/Scripts/Interaction/CarryableRotation.cs:20)
"
15:10:36.236,ERROR,Unity,"NullReferenceException: Object reference not set to an instance of an object
CarryableRotation.Update () (at Assets/Scripts/Interaction/CarryableRotation.cs:20)
"
15:10:36.252,ERROR,Unity,"NullReferenceException: Object reference not set to an instance of an object
CarryableRotation.Update () (at Assets/Scripts/Interaction/CarryableRotation.cs:20)
"
15:10:36.267,ERROR,Unity,"NullReferenceException: Object reference not set to an instance of an object
CarryableRotation.Update () (at Assets/Scripts/Interaction/CarryableRotation.cs:20)
"
15:10:36.281,ERROR,Unity,"NullReferenceException: Object reference not set to an instance of an object
CarryableRotation.Update () (at Assets/Scripts/Interaction/CarryableRotation.cs:20)
"
15:10:36.296,ERROR,Unity,"NullReferenceException: Object reference not set to an instance of an object
CarryableRotation.Update () (at Assets/Scripts/Interaction/CarryableRotation.cs:20)
"
15:10:36.310,ERROR,Unity,"NullReferenceException: Object reference not set to an instance of an object
CarryableRotation.Update () (at Assets/Scripts/Interaction/CarryableRotation.cs:20)
"
15:10:36.324,ERROR,Unity,"NullReferenceException: Object reference not set to an instance of an object
CarryableRotation.Update () (at Assets/Scripts/Interaction/CarryableRotation.cs:20)
"
15:10:36.339,ERROR,Unity,"NullReferenceException: Object reference not set to an instance of an object
CarryableRotation.Update () (at Assets/Scripts/Interaction/CarryableRotation.cs:20)
"
15:10:36.353,ERROR,Unity,"NullReferenceException: Object reference not set to an instance of an object
CarryableRotation.Update () (at Assets/Scripts/Interaction/CarryableRotation.cs:20)
"
15:10:36.368,ERROR,Unity,"NullReferenceException: Object reference not set to an instance of an object
CarryableRotation.Update () (at Assets/Scripts/Interaction/CarryableRotation.cs:20)
"
15:10:36.383,ERROR,Unity,"NullReferenceException: Object reference not set to an instance of an object
CarryableRotation.Update () (at Assets/Scripts/Interaction/CarryableRotation.cs:20)
"
15:10:36.396,ERROR,Unity,"NullReferenceException: Object reference not set to an instance of an object
CarryableRotation.Update () (at Assets/Scripts/Interaction/CarryableRotation.cs:20)
"
15:10:36.410,ERROR,Unity,"NullReferenceException: Object reference not set to an instance of an object
CarryableRotation.Update () (at Assets/Scripts/Interaction/CarryableRotation.cs:20)
"
15:10:36.425,ERROR,Unity,"NullReferenceException: Object reference not set to an instance of an object
CarryableRotation.Update () (at Assets/Scripts/Interaction/CarryableRotation.cs:20)
"
15:10:36.440,ERROR,Unity,"NullReferenceException: Object reference not set to an instance of an object
CarryableRotation.Update () (at Assets/Scripts/Interaction/CarryableRotation.cs:20)
"
15:10:36.455,ERROR,Unity,"NullReferenceException: Object reference not set to an instance of an object
CarryableRotation.Update () (at Assets/Scripts/Interaction/CarryableRotation.cs:20)
"
15:10:36.469,ERROR,Unity,"NullReferenceException: Object reference not set to an instance of an object
CarryableRotation.Update () (at Assets/Scripts/Interaction/CarryableRotation.cs:20)
"
15:10:36.484,ERROR,Unity,"NullReferenceException: Object reference not set to an instance of an object
CarryableRotation.Update () (at Assets/Scripts/Interaction/CarryableRotation.cs:20)
"
15:10:36.499,ERROR,Unity,"NullReferenceException: Object reference not set to an instance of an object
CarryableRotation.Update () (at Assets/Scripts/Interaction/CarryableRotation.cs:20)
"
15:10:36.513,ERROR,Unity,"NullReferenceException: Object reference not set to an instance of an object
CarryableRotation.Update () (at Assets/Scripts/Interaction/CarryableRotation.cs:20)
"
15:10:36.527,ERROR,Unity,"NullReferenceException: Object reference not set to an instance of an object
CarryableRotation.Update () (at Assets/Scripts/Interaction/CarryableRotation.cs:20)
"
15:10:36.541,ERROR,Unity,"NullReferenceException: Object reference not set to an instance of an object
CarryableRotation.Update () (at Assets/Scripts/Interaction/CarryableRotation.cs:20)
"
15:10:36.557,ERROR,Unity,"NullReferenceException: Object reference not set to an instance of an object
CarryableRotation.Update () (at Assets/Scripts/Interaction/CarryableRotation.cs:20)
"
15:10:36.570,ERROR,Unity,"NullReferenceException: Object reference not set to an instance of an object
CarryableRotation.Update () (at Assets/Scripts/Interaction/CarryableRotation.cs:20)
"
15:10:36.585,ERROR,Unity,"NullReferenceException: Object reference not set to an instance of an object
CarryableRotation.Update () (at Assets/Scripts/Interaction/CarryableRotation.cs:20)
"
15:10:36.599,ERROR,Unity,"NullReferenceException: Object reference not set to an instance of an object
CarryableRotation.Update () (at Assets/Scripts/Interaction/CarryableRotation.cs:20)
"
15:10:36.613,ERROR,Unity,"NullReferenceException: Object reference not set to an instance of an object
CarryableRotation.Update () (at Assets/Scripts/Interaction/CarryableRotation.cs:20)
"
15:10:36.628,ERROR,Unity,"NullReferenceException: Object reference not set to an instance of an object
CarryableRotation.Update () (at Assets/Scripts/Interaction/CarryableRotation.cs:20)
"
15:10:36.642,ERROR,Unity,"NullReferenceException: Object reference not set to an instance of an object
CarryableRotation.Update () (at Assets/Scripts/Interaction/CarryableRotation.cs:20)
"
15:10:36.659,ERROR,Unity,"NullReferenceException: Object reference not set to an instance of an object
CarryableRotation.Update () (at Assets/Scripts/Interaction/CarryableRotation.cs:20)
"
15:10:36.672,ERROR,Unity,"NullReferenceException: Object reference not set to an instance of an object
CarryableRotation.Update () (at Assets/Scripts/Interaction/CarryableRotation.cs:20)
"
15:10:36.687,ERROR,Unity,"NullReferenceException: Object reference not set to an instance of an object
CarryableRotation.Update () (at Assets/Scripts/Interaction/CarryableRotation.cs:20)
"
15:10:36.701,ERROR,Unity,"NullReferenceException: Object reference not set to an instance of an object
CarryableRotation.Update () (at Assets/Scripts/Interaction/CarryableRotation.cs:20)
"
15:10:36.716,ERROR,Unity,"NullReferenceException: Object reference not set to an instance of an object
CarryableRotation.Update () (at Assets/Scripts/Interaction/CarryableRotation.cs:20)
"
15:10:36.730,ERROR,Unity,"NullReferenceException: Object reference not set to an instance of an object
CarryableRotation.Update () (at Assets/Scripts/Interaction/CarryableRotation.cs:20)
"
15:10:36.745,ERROR,Unity,"NullReferenceException: Object reference not set to an instance of an object
CarryableRotation.Update () (at Assets/Scripts/Interaction/CarryableRotation.cs:20)
"
15:10:36.759,ERROR,Unity,"NullReferenceException: Object reference not set to an instance of an object
CarryableRotation.Update () (at Assets/Scripts/Interaction/CarryableRotation.cs:20)
"
15:10:36.774,ERROR,Unity,"NullReferenceException: Object reference not set to an instance of an object
CarryableRotation.Update () (at Assets/Scripts/Interaction/CarryableRotation.cs:20)
"
15:10:36.787,ERROR,Unity,"NullReferenceException: Object reference not set to an instance of an object
CarryableRotation.Update () (at Assets/Scripts/Interaction/CarryableRotation.cs:20)
"
15:10:36.802,ERROR,Unity,"NullReferenceException: Object reference not set to an instance of an object
CarryableRotation.Update () (at Assets/Scripts/Interaction/CarryableRotation.cs:20)
"
15:10:36.816,ERROR,Unity,"NullReferenceException: Object reference not set to an instance of an object
CarryableRotation.Update () (at Assets/Scripts/Interaction/CarryableRotation.cs:20)
"
15:10:36.830,ERROR,Unity,"NullReferenceException: Object reference not set to an instance of an object
CarryableRotation.Update () (at Assets/Scripts/Interaction/CarryableRotation.cs:20)
"
15:10:36.845,ERROR,Unity,"NullReferenceException: Object reference not set to an instance of an object
CarryableRotation.Update () (at Assets/Scripts/Interaction/CarryableRotation.cs:20)
"
15:10:36.861,ERROR,Unity,"NullReferenceException: Object reference not set to an instance of an object
CarryableRotation.Update () (at Assets/Scripts/Interaction/CarryableRotation.cs:20)
"
15:10:36.876,ERROR,Unity,"NullReferenceException: Object reference not set to an instance of an object
CarryableRotation.Update () (at Assets/Scripts/Interaction/CarryableRotation.cs:20)
"
15:10:36.890,ERROR,Unity,"NullReferenceException: Object reference not set to an instance of an object
CarryableRotation.Update () (at Assets/Scripts/Interaction/CarryableRotation.cs:20)
"
15:10:36.904,ERROR,Unity,"NullReferenceException: Object reference not set to an instance of an object
CarryableRotation.Update () (at Assets/Scripts/Interaction/CarryableRotation.cs:20)
"
15:10:36.918,ERROR,Unity,"NullReferenceException: Object reference not set to an instance of an object
CarryableRotation.Update () (at Assets/Scripts/Interaction/CarryableRotation.cs:20)
"
15:10:36.932,ERROR,Unity,"NullReferenceException: Object reference not set to an instance of an object
CarryableRotation.Update () (at Assets/Scripts/Interaction/CarryableRotation.cs:20)
"
15:10:36.947,ERROR,Unity,"NullReferenceException: Object reference not set to an instance of an object
CarryableRotation.Update () (at Assets/Scripts/Interaction/CarryableRotation.cs:20)
"
15:10:36.960,ERROR,Unity,"NullReferenceException: Object reference not set to an instance of an object
CarryableRotation.Update () (at Assets/Scripts/Interaction/CarryableRotation.cs:20)
"
15:10:36.975,ERROR,Unity,"NullReferenceException: Object reference not set to an instance of an object
CarryableRotation.Update () (at Assets/Scripts/Interaction/CarryableRotation.cs:20)
"
15:10:36.989,ERROR,Unity,"NullReferenceException: Object reference not set to an instance of an object
CarryableRotation.Update () (at Assets/Scripts/Interaction/CarryableRotation.cs:20)
"
15:10:37.004,ERROR,Unity,"NullReferenceException: Object reference not set to an instance of an object
CarryableRotation.Update () (at Assets/Scripts/Interaction/CarryableRotation.cs:20)
"
15:10:37.018,ERROR,Unity,"NullReferenceException: Object reference not set to an instance of an object
CarryableRotation.Update () (at Assets/Scripts/Interaction/CarryableRotation.cs:20)
"
15:10:37.032,ERROR,Unity,"NullReferenceException: Object reference not set to an instance of an object
CarryableRotation.Update () (at Assets/Scripts/Interaction/CarryableRotation.cs:20)
"
15:10:37.046,ERROR,Unity,"NullReferenceException: Object reference not set to an instance of an object
CarryableRotation.Update () (at Assets/Scripts/Interaction/CarryableRotation.cs:20)
"
15:10:37.063,ERROR,Unity,"NullReferenceException: Object reference not set to an instance of an object
CarryableRotation.Update () (at Assets/Scripts/Interaction/CarryableRotation.cs:20)
"
15:10:37.078,ERROR,Unity,"NullReferenceException: Object reference not set to an instance of an object
CarryableRotation.Update () (at Assets/Scripts/Interaction/CarryableRotation.cs:20)
"
15:10:37.093,ERROR,Unity,"NullReferenceException: Object reference not set to an instance of an object
CarryableRotation.Update () (at Assets/Scripts/Interaction/CarryableRotation.cs:20)
"
15:10:37.110,ERROR,Unity,"NullReferenceException: Object reference not set to an instance of an object
CarryableRotation.Update () (at Assets/Scripts/Interaction/CarryableRotation.cs:20)
"
15:10:37.128,ERROR,Unity,"NullReferenceException: Object reference not set to an instance of an object
CarryableRotation.Update () (at Assets/Scripts/Interaction/CarryableRotation.cs:20)
"
15:10:37.145,ERROR,Unity,"NullReferenceException: Object reference not set to an instance of an object
CarryableRotation.Update () (at Assets/Scripts/Interaction/CarryableRotation.cs:20)
"
15:10:37.160,ERROR,Unity,"NullReferenceException: Object reference not set to an instance of an object
CarryableRotation.Update () (at Assets/Scripts/Interaction/CarryableRotation.cs:20)
"
15:10:37.174,ERROR,Unity,"NullReferenceException: Object reference not set to an instance of an object
CarryableRotation.Update () (at Assets/Scripts/Interaction/CarryableRotation.cs:20)
"
15:10:37.188,ERROR,Unity,"NullReferenceException: Object reference not set to an instance of an object
CarryableRotation.Update () (at Assets/Scripts/Interaction/CarryableRotation.cs:20)
"
15:10:37.202,ERROR,Unity,"NullReferenceException: Object reference not set to an instance of an object
CarryableRotation.Update () (at Assets/Scripts/Interaction/CarryableRotation.cs:20)
"
15:10:37.217,ERROR,Unity,"NullReferenceException: Object reference not set to an instance of an object
CarryableRotation.Update () (at Assets/Scripts/Interaction/CarryableRotation.cs:20)
"
15:10:37.231,ERROR,Unity,"NullReferenceException: Object reference not set to an instance of an object
CarryableRotation.Update () (at Assets/Scripts/Interaction/CarryableRotation.cs:20)
"
15:10:37.246,ERROR,Unity,"NullReferenceException: Object reference not set to an instance of an object
CarryableRotation.Update () (at Assets/Scripts/Interaction/CarryableRotation.cs:20)
"
15:10:37.263,ERROR,Unity,"NullReferenceException: Object reference not set to an instance of an object
CarryableRotation.Update () (at Assets/Scripts/Interaction/CarryableRotation.cs:20)
"
15:10:37.278,ERROR,Unity,"NullReferenceException: Object reference not set to an instance of an object
CarryableRotation.Update () (at Assets/Scripts/Interaction/CarryableRotation.cs:20)
"
15:10:37.292,ERROR,Unity,"NullReferenceException: Object reference not set to an instance of an object
CarryableRotation.Update () (at Assets/Scripts/Interaction/CarryableRotation.cs:20)
"
15:10:37.306,ERROR,Unity,"NullReferenceException: Object reference not set to an instance of an object
CarryableRotation.Update () (at Assets/Scripts/Interaction/CarryableRotation.cs:20)
"
15:10:37.320,ERROR,Unity,"NullReferenceException: Object reference not set to an instance of an object
CarryableRotation.Update () (at Assets/Scripts/Interaction/CarryableRotation.cs:20)
"
15:10:37.334,ERROR,Unity,"NullReferenceException: Object reference not set to an instance of an object
CarryableRotation.Update () (at Assets/Scripts/Interaction/CarryableRotation.cs:20)
"
15:10:37.349,ERROR,Unity,"NullReferenceException: Object reference not set to an instance of an object
CarryableRotation.Update () (at Assets/Scripts/Interaction/CarryableRotation.cs:20)
"
15:10:37.364,ERROR,Unity,"NullReferenceException: Object reference not set to an instance of an object
CarryableRotation.Update () (at Assets/Scripts/Interaction/CarryableRotation.cs:20)
"
15:10:37.377,ERROR,Unity,"NullReferenceException: Object reference not set to an instance of an object
CarryableRotation.Update () (at Assets/Scripts/Interaction/CarryableRotation.cs:20)
"
15:10:37.392,ERROR,Unity,"NullReferenceException: Object reference not set to an instance of an object
CarryableRotation.Update () (at Assets/Scripts/Interaction/CarryableRotation.cs:20)
"
15:10:37.408,ERROR,Unity,"NullReferenceException: Object reference not set to an instance of an object
CarryableRotation.Update () (at Assets/Scripts/Interaction/CarryableRotation.cs:20)
"
15:10:37.422,ERROR,Unity,"NullReferenceException: Object reference not set to an instance of an object
CarryableRotation.Update () (at Assets/Scripts/Interaction/CarryableRotation.cs:20)
"
15:10:37.435,ERROR,Unity,"NullReferenceException: Object reference not set to an instance of an object
CarryableRotation.Update () (at Assets/Scripts/Interaction/CarryableRotation.cs:20)
"
15:10:37.450,ERROR,Unity,"NullReferenceException: Object reference not set to an instance of an object
CarryableRotation.Update () (at Assets/Scripts/Interaction/CarryableRotation.cs:20)
"
15:10:37.466,ERROR,Unity,"NullReferenceException: Object reference not set to an instance of an object
CarryableRotation.Update () (at Assets/Scripts/Interaction/CarryableRotation.cs:20)
"
15:10:37.481,ERROR,Unity,"NullReferenceException: Object reference not set to an instance of an object
CarryableRotation.Update () (at Assets/Scripts/Interaction/CarryableRotation.cs:20)
"
15:10:37.495,ERROR,Unity,"NullReferenceException: Object reference not set to an instance of an object
CarryableRotation.Update () (at Assets/Scripts/Interaction/CarryableRotation.cs:20)
"
15:10:37.510,ERROR,Unity,"NullReferenceException: Object reference not set to an instance of an object
CarryableRotation.Update () (at Assets/Scripts/Interaction/CarryableRotation.cs:20)
"
15:10:37.524,ERROR,Unity,"NullReferenceException: Object reference not set to an instance of an object
CarryableRotation.Update () (at Assets/Scripts/Interaction/CarryableRotation.cs:20)
"
15:10:37.539,ERROR,Unity,"NullReferenceException: Object reference not set to an instance of an object
CarryableRotation.Update () (at Assets/Scripts/Interaction/CarryableRotation.cs:20)
"
15:10:37.553,ERROR,Unity,"NullReferenceException: Object reference not set to an instance of an object
CarryableRotation.Update () (at Assets/Scripts/Interaction/CarryableRotation.cs:20)
"
15:10:37.567,ERROR,Unity,"NullReferenceException: Object reference not set to an instance of an object
CarryableRotation.Update () (at Assets/Scripts/Interaction/CarryableRotation.cs:20)
"
15:10:37.581,ERROR,Unity,"NullReferenceException: Object reference not set to an instance of an object
CarryableRotation.Update () (at Assets/Scripts/Interaction/CarryableRotation.cs:20)
"
15:10:37.595,ERROR,Unity,"NullReferenceException: Object reference not set to an instance of an object
CarryableRotation.Update () (at Assets/Scripts/Interaction/CarryableRotation.cs:20)
"
15:10:37.611,ERROR,Unity,"NullReferenceException: Object reference not set to an instance of an object
CarryableRotation.Update () (at Assets/Scripts/Interaction/CarryableRotation.cs:20)
"
15:10:37.625,ERROR,Unity,"NullReferenceException: Object reference not set to an instance of an object
CarryableRotation.Update () (at Assets/Scripts/Interaction/CarryableRotation.cs:20)
"
15:10:37.638,ERROR,Unity,"NullReferenceException: Object reference not set to an instance of an object
CarryableRotation.Update () (at Assets/Scripts/Interaction/CarryableRotation.cs:20)
"
15:10:37.653,ERROR,Unity,"NullReferenceException: Object reference not set to an instance of an object
CarryableRotation.Update () (at Assets/Scripts/Interaction/CarryableRotation.cs:20)
"
15:10:37.669,ERROR,Unity,"NullReferenceException: Object reference not set to an instance of an object
CarryableRotation.Update () (at Assets/Scripts/Interaction/CarryableRotation.cs:20)
"
15:10:37.683,ERROR,Unity,"NullReferenceException: Object reference not set to an instance of an object
CarryableRotation.Update () (at Assets/Scripts/Interaction/CarryableRotation.cs:20)
"
15:10:37.697,ERROR,Unity,"NullReferenceException: Object reference not set to an instance of an object
CarryableRotation.Update () (at Assets/Scripts/Interaction/CarryableRotation.cs:20)
"
15:10:37.712,ERROR,Unity,"NullReferenceException: Object reference not set to an instance of an object
CarryableRotation.Update () (at Assets/Scripts/Interaction/CarryableRotation.cs:20)
"
15:10:37.727,ERROR,Unity,"NullReferenceException: Object reference not set to an instance of an object
CarryableRotation.Update () (at Assets/Scripts/Interaction/CarryableRotation.cs:20)
"
15:10:37.741,ERROR,Unity,"NullReferenceException: Object reference not set to an instance of an object
CarryableRotation.Update () (at Assets/Scripts/Interaction/CarryableRotation.cs:20)
"
15:10:37.756,ERROR,Unity,"NullReferenceException: Object reference not set to an instance of an object
CarryableRotation.Update () (at Assets/Scripts/Interaction/CarryableRotation.cs:20)
"
15:10:37.769,ERROR,Unity,"NullReferenceException: Object reference not set to an instance of an object
CarryableRotation.Update () (at Assets/Scripts/Interaction/CarryableRotation.cs:20)
"
15:10:37.783,ERROR,Unity,"NullReferenceException: Object reference not set to an instance of an object
CarryableRotation.Update () (at Assets/Scripts/Interaction/CarryableRotation.cs:20)
"
15:10:37.798,ERROR,Unity,"NullReferenceException: Object reference not set to an instance of an object
CarryableRotation.Update () (at Assets/Scripts/Interaction/CarryableRotation.cs:20)
"
15:10:37.812,ERROR,Unity,"NullReferenceException: Object reference not set to an instance of an object
CarryableRotation.Update () (at Assets/Scripts/Interaction/CarryableRotation.cs:20)
"
15:10:37.827,ERROR,Unity,"NullReferenceException: Object reference not set to an instance of an object
CarryableRotation.Update () (at Assets/Scripts/Interaction/CarryableRotation.cs:20)
"
15:10:37.841,ERROR,Unity,"NullReferenceException: Object reference not set to an instance of an object
CarryableRotation.Update () (at Assets/Scripts/Interaction/CarryableRotation.cs:20)
"
15:10:37.856,ERROR,Unity,"NullReferenceException: Object reference not set to an instance of an object
CarryableRotation.Update () (at Assets/Scripts/Interaction/CarryableRotation.cs:20)
"
15:10:37.872,ERROR,Unity,"NullReferenceException: Object reference not set to an instance of an object
CarryableRotation.Update () (at Assets/Scripts/Interaction/CarryableRotation.cs:20)
"
15:10:37.886,ERROR,Unity,"NullReferenceException: Object reference not set to an instance of an object
CarryableRotation.Update () (at Assets/Scripts/Interaction/CarryableRotation.cs:20)
"
15:10:37.900,ERROR,Unity,"NullReferenceException: Object reference not set to an instance of an object
CarryableRotation.Update () (at Assets/Scripts/Interaction/CarryableRotation.cs:20)
"
15:10:37.914,ERROR,Unity,"NullReferenceException: Object reference not set to an instance of an object
CarryableRotation.Update () (at Assets/Scripts/Interaction/CarryableRotation.cs:20)
"
15:10:37.928,ERROR,Unity,"NullReferenceException: Object reference not set to an instance of an object
CarryableRotation.Update () (at Assets/Scripts/Interaction/CarryableRotation.cs:20)
"
15:10:37.944,ERROR,Unity,"NullReferenceException: Object reference not set to an instance of an object
CarryableRotation.Update () (at Assets/Scripts/Interaction/CarryableRotation.cs:20)
"
15:10:37.958,ERROR,Unity,"NullReferenceException: Object reference not set to an instance of an object
CarryableRotation.Update () (at Assets/Scripts/Interaction/CarryableRotation.cs:20)
"
15:10:37.972,ERROR,Unity,"NullReferenceException: Object reference not set to an instance of an object
CarryableRotation.Update () (at Assets/Scripts/Interaction/CarryableRotation.cs:20)
"
15:10:37.986,ERROR,Unity,"NullReferenceException: Object reference not set to an instance of an object
CarryableRotation.Update () (at Assets/Scripts/Interaction/CarryableRotation.cs:20)
"
15:10:38.000,ERROR,Unity,"NullReferenceException: Object reference not set to an instance of an object
CarryableRotation.Update () (at Assets/Scripts/Interaction/CarryableRotation.cs:20)
"
15:10:38.014,ERROR,Unity,"NullReferenceException: Object reference not set to an instance of an object
CarryableRotation.Update () (at Assets/Scripts/Interaction/CarryableRotation.cs:20)
"
15:10:38.029,ERROR,Unity,"NullReferenceException: Object reference not set to an instance of an object
CarryableRotation.Update () (at Assets/Scripts/Interaction/CarryableRotation.cs:20)
"
15:10:38.043,ERROR,Unity,"NullReferenceException: Object reference not set to an instance of an object
CarryableRotation.Update () (at Assets/Scripts/Interaction/CarryableRotation.cs:20)
"
15:10:38.058,ERROR,Unity,"NullReferenceException: Object reference not set to an instance of an object
CarryableRotation.Update () (at Assets/Scripts/Interaction/CarryableRotation.cs:20)
"
15:10:38.075,ERROR,Unity,"NullReferenceException: Object reference not set to an instance of an object
CarryableRotation.Update () (at Assets/Scripts/Interaction/CarryableRotation.cs:20)
"
15:10:38.089,ERROR,Unity,"NullReferenceException: Object reference not set to an instance of an object
CarryableRotation.Update () (at Assets/Scripts/Interaction/CarryableRotation.cs:20)
"
15:10:38.104,ERROR,Unity,"NullReferenceException: Object reference not set to an instance of an object
CarryableRotation.Update () (at Assets/Scripts/Interaction/CarryableRotation.cs:20)
"
15:10:38.119,ERROR,Unity,"NullReferenceException: Object reference not set to an instance of an object
CarryableRotation.Update () (at Assets/Scripts/Interaction/CarryableRotation.cs:20)
"
15:10:38.133,ERROR,Unity,"NullReferenceException: Object reference not set to an instance of an object
CarryableRotation.Update () (at Assets/Scripts/Interaction/CarryableRotation.cs:20)
"
15:10:38.147,ERROR,Unity,"NullReferenceException: Object reference not set to an instance of an object
CarryableRotation.Update () (at Assets/Scripts/Interaction/CarryableRotation.cs:20)
"
15:10:38.163,ERROR,Unity,"NullReferenceException: Object reference not set to an instance of an object
CarryableRotation.Update () (at Assets/Scripts/Interaction/CarryableRotation.cs:20)
"
15:10:38.177,ERROR,Unity,"NullReferenceException: Object reference not set to an instance of an object
CarryableRotation.Update () (at Assets/Scripts/Interaction/CarryableRotation.cs:20)
"
15:10:38.191,ERROR,Unity,"NullReferenceException: Object reference not set to an instance of an object
CarryableRotation.Update () (at Assets/Scripts/Interaction/CarryableRotation.cs:20)
"
15:10:38.205,ERROR,Unity,"NullReferenceException: Object reference not set to an instance of an object
CarryableRotation.Update () (at Assets/Scripts/Interaction/CarryableRotation.cs:20)
"
15:10:38.219,ERROR,Unity,"NullReferenceException: Object reference not set to an instance of an object
CarryableRotation.Update () (at Assets/Scripts/Interaction/CarryableRotation.cs:20)
"
15:10:38.233,ERROR,Unity,"NullReferenceException: Object reference not set to an instance of an object
CarryableRotation.Update () (at Assets/Scripts/Interaction/CarryableRotation.cs:20)
"
15:10:38.250,ERROR,Unity,"NullReferenceException: Object reference not set to an instance of an object
CarryableRotation.Update () (at Assets/Scripts/Interaction/CarryableRotation.cs:20)
"
15:10:38.272,ERROR,Unity,"NullReferenceException: Object reference not set to an instance of an object
CarryableRotation.Update () (at Assets/Scripts/Interaction/CarryableRotation.cs:20)
"
15:10:38.291,ERROR,Unity,"NullReferenceException: Object reference not set to an instance of an object
CarryableRotation.Update () (at Assets/Scripts/Interaction/CarryableRotation.cs:20)
"
15:10:38.306,ERROR,Unity,"NullReferenceException: Object reference not set to an instance of an object
CarryableRotation.Update () (at Assets/Scripts/Interaction/CarryableRotation.cs:20)
"
15:10:38.322,ERROR,Unity,"NullReferenceException: Object reference not set to an instance of an object
CarryableRotation.Update () (at Assets/Scripts/Interaction/CarryableRotation.cs:20)
"
15:10:38.336,ERROR,Unity,"NullReferenceException: Object reference not set to an instance of an object
CarryableRotation.Update () (at Assets/Scripts/Interaction/CarryableRotation.cs:20)
"
15:10:38.350,ERROR,Unity,"NullReferenceException: Object reference not set to an instance of an object
CarryableRotation.Update () (at Assets/Scripts/Interaction/CarryableRotation.cs:20)
"
15:10:38.365,ERROR,Unity,"NullReferenceException: Object reference not set to an instance of an object
CarryableRotation.Update () (at Assets/Scripts/Interaction/CarryableRotation.cs:20)
"
15:10:38.380,ERROR,Unity,"NullReferenceException: Object reference not set to an instance of an object
CarryableRotation.Update () (at Assets/Scripts/Interaction/CarryableRotation.cs:20)
"
15:10:38.393,ERROR,Unity,"NullReferenceException: Object reference not set to an instance of an object
CarryableRotation.Update () (at Assets/Scripts/Interaction/CarryableRotation.cs:20)
"
15:10:38.407,ERROR,Unity,"NullReferenceException: Object reference not set to an instance of an object
CarryableRotation.Update () (at Assets/Scripts/Interaction/CarryableRotation.cs:20)
"
15:10:38.422,ERROR,Unity,"NullReferenceException: Object reference not set to an instance of an object
CarryableRotation.Update () (at Assets/Scripts/Interaction/CarryableRotation.cs:20)
"
15:10:38.436,ERROR,Unity,"NullReferenceException: Object reference not set to an instance of an object
CarryableRotation.Update () (at Assets/Scripts/Interaction/CarryableRotation.cs:20)
"
15:10:38.451,ERROR,Unity,"NullReferenceException: Object reference not set to an instance of an object
CarryableRotation.Update () (at Assets/Scripts/Interaction/CarryableRotation.cs:20)
"
15:10:38.465,ERROR,Unity,"NullReferenceException: Object reference not set to an instance of an object
CarryableRotation.Update () (at Assets/Scripts/Interaction/CarryableRotation.cs:20)
"
15:10:38.480,ERROR,Unity,"NullReferenceException: Object reference not set to an instance of an object
CarryableRotation.Update () (at Assets/Scripts/Interaction/CarryableRotation.cs:20)
"
15:10:38.496,ERROR,Unity,"NullReferenceException: Object reference not set to an instance of an object
CarryableRotation.Update () (at Assets/Scripts/Interaction/CarryableRotation.cs:20)
"
15:10:38.510,ERROR,Unity,"NullReferenceException: Object reference not set to an instance of an object
CarryableRotation.Update () (at Assets/Scripts/Interaction/CarryableRotation.cs:20)
"
15:10:38.525,ERROR,Unity,"NullReferenceException: Object reference not set to an instance of an object
CarryableRotation.Update () (at Assets/Scripts/Interaction/CarryableRotation.cs:20)
"
15:10:38.539,ERROR,Unity,"NullReferenceException: Object reference not set to an instance of an object
CarryableRotation.Update () (at Assets/Scripts/Interaction/CarryableRotation.cs:20)
"
15:10:38.553,ERROR,Unity,"NullReferenceException: Object reference not set to an instance of an object
CarryableRotation.Update () (at Assets/Scripts/Interaction/CarryableRotation.cs:20)
"
15:10:38.568,ERROR,Unity,"NullReferenceException: Object reference not set to an instance of an object
CarryableRotation.Update () (at Assets/Scripts/Interaction/CarryableRotation.cs:20)
"
15:10:38.582,ERROR,Unity,"NullReferenceException: Object reference not set to an instance of an object
CarryableRotation.Update () (at Assets/Scripts/Interaction/CarryableRotation.cs:20)
"
15:10:38.597,ERROR,Unity,"NullReferenceException: Object reference not set to an instance of an object
CarryableRotation.Update () (at Assets/Scripts/Interaction/CarryableRotation.cs:20)
"
15:10:38.611,ERROR,Unity,"NullReferenceException: Object reference not set to an instance of an object
CarryableRotation.Update () (at Assets/Scripts/Interaction/CarryableRotation.cs:20)
"
15:10:38.627,ERROR,Unity,"NullReferenceException: Object reference not set to an instance of an object
CarryableRotation.Update () (at Assets/Scripts/Interaction/CarryableRotation.cs:20)
"
15:10:38.642,ERROR,Unity,"NullReferenceException: Object reference not set to an instance of an object
CarryableRotation.Update () (at Assets/Scripts/Interaction/CarryableRotation.cs:20)
"
15:10:38.656,ERROR,Unity,"NullReferenceException: Object reference not set to an instance of an object
CarryableRotation.Update () (at Assets/Scripts/Interaction/CarryableRotation.cs:20)
"
15:10:38.669,ERROR,Unity,"NullReferenceException: Object reference not set to an instance of an object
CarryableRotation.Update () (at Assets/Scripts/Interaction/CarryableRotation.cs:20)
"
15:10:38.685,ERROR,Unity,"NullReferenceException: Object reference not set to an instance of an object
CarryableRotation.Update () (at Assets/Scripts/Interaction/CarryableRotation.cs:20)
"
15:10:38.702,ERROR,Unity,"NullReferenceException: Object reference not set to an instance of an object
CarryableRotation.Update () (at Assets/Scripts/Interaction/CarryableRotation.cs:20)
"
15:10:38.716,ERROR,Unity,"NullReferenceException: Object reference not set to an instance of an object
CarryableRotation.Update () (at Assets/Scripts/Interaction/CarryableRotation.cs:20)
"
15:10:38.730,ERROR,Unity,"NullReferenceException: Object reference not set to an instance of an object
CarryableRotation.Update () (at Assets/Scripts/Interaction/CarryableRotation.cs:20)
"
15:10:38.745,ERROR,Unity,"NullReferenceException: Object reference not set to an instance of an object
CarryableRotation.Update () (at Assets/Scripts/Interaction/CarryableRotation.cs:20)
"
15:10:38.761,ERROR,Unity,"NullReferenceException: Object reference not set to an instance of an object
CarryableRotation.Update () (at Assets/Scripts/Interaction/CarryableRotation.cs:20)
"
15:10:38.778,ERROR,Unity,"NullReferenceException: Object reference not set to an instance of an object
CarryableRotation.Update () (at Assets/Scripts/Interaction/CarryableRotation.cs:20)
"
15:10:38.793,ERROR,Unity,"NullReferenceException: Object reference not set to an instance of an object
CarryableRotation.Update () (at Assets/Scripts/Interaction/CarryableRotation.cs:20)
"
15:10:38.809,ERROR,Unity,"NullReferenceException: Object reference not set to an instance of an object
CarryableRotation.Update () (at Assets/Scripts/Interaction/CarryableRotation.cs:20)
"
15:10:38.824,ERROR,Unity,"NullReferenceException: Object reference not set to an instance of an object
CarryableRotation.Update () (at Assets/Scripts/Interaction/CarryableRotation.cs:20)
"
15:10:38.840,ERROR,Unity,"NullReferenceException: Object reference not set to an instance of an object
CarryableRotation.Update () (at Assets/Scripts/Interaction/CarryableRotation.cs:20)
"
15:10:38.855,ERROR,Unity,"NullReferenceException: Object reference not set to an instance of an object
CarryableRotation.Update () (at Assets/Scripts/Interaction/CarryableRotation.cs:20)
"
15:10:38.870,ERROR,Unity,"NullReferenceException: Object reference not set to an instance of an object
CarryableRotation.Update () (at Assets/Scripts/Interaction/CarryableRotation.cs:20)
"
15:10:38.887,ERROR,Unity,"NullReferenceException: Object reference not set to an instance of an object
CarryableRotation.Update () (at Assets/Scripts/Interaction/CarryableRotation.cs:20)
"
15:10:38.905,ERROR,Unity,"NullReferenceException: Object reference not set to an instance of an object
CarryableRotation.Update () (at Assets/Scripts/Interaction/CarryableRotation.cs:20)
"
15:10:38.920,ERROR,Unity,"NullReferenceException: Object reference not set to an instance of an object
CarryableRotation.Update () (at Assets/Scripts/Interaction/CarryableRotation.cs:20)
"
15:10:38.936,ERROR,Unity,"NullReferenceException: Object reference not set to an instance of an object
CarryableRotation.Update () (at Assets/Scripts/Interaction/CarryableRotation.cs:20)
"
15:10:38.952,ERROR,Unity,"NullReferenceException: Object reference not set to an instance of an object
CarryableRotation.Update () (at Assets/Scripts/Interaction/CarryableRotation.cs:20)
"
15:10:38.967,ERROR,Unity,"NullReferenceException: Object reference not set to an instance of an object
CarryableRotation.Update () (at Assets/Scripts/Interaction/CarryableRotation.cs:20)
"
15:10:38.982,ERROR,Unity,"NullReferenceException: Object reference not set to an instance of an object
CarryableRotation.Update () (at Assets/Scripts/Interaction/CarryableRotation.cs:20)
"
15:10:38.998,ERROR,Unity,"NullReferenceException: Object reference not set to an instance of an object
CarryableRotation.Update () (at Assets/Scripts/Interaction/CarryableRotation.cs:20)
"
15:10:39.014,ERROR,Unity,"NullReferenceException: Object reference not set to an instance of an object
CarryableRotation.Update () (at Assets/Scripts/Interaction/CarryableRotation.cs:20)
"
15:10:39.030,ERROR,Unity,"NullReferenceException: Object reference not set to an instance of an object
CarryableRotation.Update () (at Assets/Scripts/Interaction/CarryableRotation.cs:20)
"
15:10:39.046,ERROR,Unity,"NullReferenceException: Object reference not set to an instance of an object
CarryableRotation.Update () (at Assets/Scripts/Interaction/CarryableRotation.cs:20)
"
15:10:39.061,ERROR,Unity,"NullReferenceException: Object reference not set to an instance of an object
CarryableRotation.Update () (at Assets/Scripts/Interaction/CarryableRotation.cs:20)
"
15:10:39.077,ERROR,Unity,"NullReferenceException: Object reference not set to an instance of an object
CarryableRotation.Update () (at Assets/Scripts/Interaction/CarryableRotation.cs:20)
"
15:10:39.099,ERROR,Unity,"NullReferenceException: Object reference not set to an instance of an object
CarryableRotation.Update () (at Assets/Scripts/Interaction/CarryableRotation.cs:20)
"
15:10:39.120,ERROR,Unity,"NullReferenceException: Object reference not set to an instance of an object
CarryableRotation.Update () (at Assets/Scripts/Interaction/CarryableRotation.cs:20)
"
15:10:39.136,ERROR,Unity,"NullReferenceException: Object reference not set to an instance of an object
CarryableRotation.Update () (at Assets/Scripts/Interaction/CarryableRotation.cs:20)
"
15:10:39.152,ERROR,Unity,"NullReferenceException: Object reference not set to an instance of an object
CarryableRotation.Update () (at Assets/Scripts/Interaction/CarryableRotation.cs:20)
"
15:10:39.167,ERROR,Unity,"NullReferenceException: Object reference not set to an instance of an object
CarryableRotation.Update () (at Assets/Scripts/Interaction/CarryableRotation.cs:20)
"
15:10:39.182,ERROR,Unity,"NullReferenceException: Object reference not set to an instance of an object
CarryableRotation.Update () (at Assets/Scripts/Interaction/CarryableRotation.cs:20)
"
15:10:39.197,ERROR,Unity,"NullReferenceException: Object reference not set to an instance of an object
CarryableRotation.Update () (at Assets/Scripts/Interaction/CarryableRotation.cs:20)
"
15:10:39.213,ERROR,Unity,"NullReferenceException: Object reference not set to an instance of an object
CarryableRotation.Update () (at Assets/Scripts/Interaction/CarryableRotation.cs:20)
"
15:10:39.226,ERROR,Unity,"NullReferenceException: Object reference not set to an instance of an object
CarryableRotation.Update () (at Assets/Scripts/Interaction/CarryableRotation.cs:20)
"
15:10:39.240,ERROR,Unity,"NullReferenceException: Object reference not set to an instance of an object
CarryableRotation.Update () (at Assets/Scripts/Interaction/CarryableRotation.cs:20)
"
15:10:39.256,ERROR,Unity,"NullReferenceException: Object reference not set to an instance of an object
CarryableRotation.Update () (at Assets/Scripts/Interaction/CarryableRotation.cs:20)
"
15:10:39.272,ERROR,Unity,"NullReferenceException: Object reference not set to an instance of an object
CarryableRotation.Update () (at Assets/Scripts/Interaction/CarryableRotation.cs:20)
"
15:10:39.286,ERROR,Unity,"NullReferenceException: Object reference not set to an instance of an object
CarryableRotation.Update () (at Assets/Scripts/Interaction/CarryableRotation.cs:20)
"
15:10:39.302,ERROR,Unity,"NullReferenceException: Object reference not set to an instance of an object
CarryableRotation.Update () (at Assets/Scripts/Interaction/CarryableRotation.cs:20)
"
15:10:39.320,ERROR,Unity,"NullReferenceException: Object reference not set to an instance of an object
CarryableRotation.Update () (at Assets/Scripts/Interaction/CarryableRotation.cs:20)
"
15:10:39.334,ERROR,Unity,"NullReferenceException: Object reference not set to an instance of an object
CarryableRotation.Update () (at Assets/Scripts/Interaction/CarryableRotation.cs:20)
"
15:10:39.352,ERROR,Unity,"NullReferenceException: Object reference not set to an instance of an object
CarryableRotation.Update () (at Assets/Scripts/Interaction/CarryableRotation.cs:20)
"
15:10:39.369,ERROR,Unity,"NullReferenceException: Object reference not set to an instance of an object
CarryableRotation.Update () (at Assets/Scripts/Interaction/CarryableRotation.cs:20)
"
15:10:39.384,ERROR,Unity,"NullReferenceException: Object reference not set to an instance of an object
CarryableRotation.Update () (at Assets/Scripts/Interaction/CarryableRotation.cs:20)
"
15:10:39.399,ERROR,Unity,"NullReferenceException: Object reference not set to an instance of an object
CarryableRotation.Update () (at Assets/Scripts/Interaction/CarryableRotation.cs:20)
"
15:10:39.413,ERROR,Unity,"NullReferenceException: Object reference not set to an instance of an object
CarryableRotation.Update () (at Assets/Scripts/Interaction/CarryableRotation.cs:20)
"
15:10:39.427,ERROR,Unity,"NullReferenceException: Object reference not set to an instance of an object
CarryableRotation.Update () (at Assets/Scripts/Interaction/CarryableRotation.cs:20)
"
15:10:39.442,ERROR,Unity,"NullReferenceException: Object reference not set to an instance of an object
CarryableRotation.Update () (at Assets/Scripts/Interaction/CarryableRotation.cs:20)
"
15:10:39.457,ERROR,Unity,"NullReferenceException: Object reference not set to an instance of an object
CarryableRotation.Update () (at Assets/Scripts/Interaction/CarryableRotation.cs:20)
"
15:10:39.471,ERROR,Unity,"NullReferenceException: Object reference not set to an instance of an object
CarryableRotation.Update () (at Assets/Scripts/Interaction/CarryableRotation.cs:20)
"
15:10:39.486,ERROR,Unity,"NullReferenceException: Object reference not set to an instance of an object
CarryableRotation.Update () (at Assets/Scripts/Interaction/CarryableRotation.cs:20)
"
15:10:39.502,ERROR,Unity,"NullReferenceException: Object reference not set to an instance of an object
CarryableRotation.Update () (at Assets/Scripts/Interaction/CarryableRotation.cs:20)
"
15:10:39.520,ERROR,Unity,"NullReferenceException: Object reference not set to an instance of an object
CarryableRotation.Update () (at Assets/Scripts/Interaction/CarryableRotation.cs:20)
"
15:10:39.536,ERROR,Unity,"NullReferenceException: Object reference not set to an instance of an object
CarryableRotation.Update () (at Assets/Scripts/Interaction/CarryableRotation.cs:20)
"
15:10:39.550,ERROR,Unity,"NullReferenceException: Object reference not set to an instance of an object
CarryableRotation.Update () (at Assets/Scripts/Interaction/CarryableRotation.cs:20)
"
15:10:39.564,ERROR,Unity,"NullReferenceException: Object reference not set to an instance of an object
CarryableRotation.Update () (at Assets/Scripts/Interaction/CarryableRotation.cs:20)
"
15:10:39.579,ERROR,Unity,"NullReferenceException: Object reference not set to an instance of an object
CarryableRotation.Update () (at Assets/Scripts/Interaction/CarryableRotation.cs:20)
"
15:10:39.593,ERROR,Unity,"NullReferenceException: Object reference not set to an instance of an object
CarryableRotation.Update () (at Assets/Scripts/Interaction/CarryableRotation.cs:20)
"
15:10:39.607,ERROR,Unity,"NullReferenceException: Object reference not set to an instance of an object
CarryableRotation.Update () (at Assets/Scripts/Interaction/CarryableRotation.cs:20)
"
15:10:39.622,ERROR,Unity,"NullReferenceException: Object reference not set to an instance of an object
CarryableRotation.Update () (at Assets/Scripts/Interaction/CarryableRotation.cs:20)
"
15:10:39.645,ERROR,Unity,"NullReferenceException: Object reference not set to an instance of an object
CarryableRotation.Update () (at Assets/Scripts/Interaction/CarryableRotation.cs:20)
"
15:10:39.662,ERROR,Unity,"NullReferenceException: Object reference not set to an instance of an object
CarryableRotation.Update () (at Assets/Scripts/Interaction/CarryableRotation.cs:20)
"
15:10:39.676,ERROR,Unity,"NullReferenceException: Object reference not set to an instance of an object
CarryableRotation.Update () (at Assets/Scripts/Interaction/CarryableRotation.cs:20)
"
15:10:39.690,ERROR,Unity,"NullReferenceException: Object reference not set to an instance of an object
CarryableRotation.Update () (at Assets/Scripts/Interaction/CarryableRotation.cs:20)
"
15:10:39.704,ERROR,Unity,"NullReferenceException: Object reference not set to an instance of an object
CarryableRotation.Update () (at Assets/Scripts/Interaction/CarryableRotation.cs:20)
"
15:10:39.721,ERROR,Unity,"NullReferenceException: Object reference not set to an instance of an object
CarryableRotation.Update () (at Assets/Scripts/Interaction/CarryableRotation.cs:20)
"
15:10:39.735,ERROR,Unity,"NullReferenceException: Object reference not set to an instance of an object
CarryableRotation.Update () (at Assets/Scripts/Interaction/CarryableRotation.cs:20)
"
15:10:39.749,ERROR,Unity,"NullReferenceException: Object reference not set to an instance of an object
CarryableRotation.Update () (at Assets/Scripts/Interaction/CarryableRotation.cs:20)
"
15:10:39.770,ERROR,Unity,"NullReferenceException: Object reference not set to an instance of an object
CarryableRotation.Update () (at Assets/Scripts/Interaction/CarryableRotation.cs:20)
"
15:10:39.920,DEBUG,DirtObject,먼지 퀘스트 완료
