Timestamp, Level, Source, Message
22:14:07.451,INFO,GameLogger,=== Game Session Started ===
22:14:07.960,WARNING,Unity,Minimap: no renderers found for bounds. Check includeLayers.
22:14:08.016,INFO,Unity,Null
22:14:09.160,INFO,Unity,Null
22:14:09.202,INFO,Unity,Null
22:14:09.215,INFO,Unity,Null
22:14:09.224,INFO,Unity,Null
22:14:09.239,INFO,Unity,Null
22:14:09.243,INFO,Unity,Null
22:14:09.245,INFO,Unity,Null
22:14:09.248,INFO,Unity,Null
22:14:09.252,INFO,Unity,Null
22:14:09.254,INFO,Unity,Null
22:14:09.256,INFO,Unity,Null
22:14:09.260,INFO,Unity,Null
22:14:09.264,INFO,Unity,Null
22:14:09.268,INFO,Unity,Null
22:14:09.272,INFO,Unity,Null
22:14:09.275,INFO,Unity,Null
22:14:09.278,INFO,Unity,Null
22:14:09.282,INFO,Unity,Null
22:14:09.286,INFO,Unity,Null
22:14:09.289,INFO,Unity,Null
22:14:09.292,INFO,Unity,Null
22:14:09.295,INFO,Unity,Null
22:14:09.297,INFO,Unity,Null
22:14:09.300,INFO,Unity,Null
22:14:09.303,INFO,Unity,Null
22:14:09.306,INFO,Unity,Null
22:14:09.309,INFO,Unity,Null
22:14:09.312,INFO,Unity,Null
22:14:09.315,INFO,Unity,Null
22:14:09.318,INFO,Unity,Null
22:14:09.320,INFO,Unity,Null
22:14:09.323,INFO,Unity,Null
22:14:09.325,INFO,Unity,Null
22:14:09.328,INFO,Unity,Null
22:14:09.331,INFO,Unity,Null
22:14:09.335,INFO,Unity,Null
22:14:09.337,INFO,Unity,Null
22:14:09.340,INFO,Unity,Null
22:14:09.343,INFO,Unity,Null
22:14:09.346,INFO,Unity,Null
22:14:09.348,INFO,Unity,Null
22:14:09.351,INFO,Unity,Null
22:14:09.355,INFO,Unity,Null
22:14:09.357,INFO,Unity,Null
22:14:09.360,INFO,Unity,Null
22:14:09.363,INFO,Unity,Null
22:14:09.367,INFO,Unity,Null
22:14:09.369,INFO,Unity,Null
22:14:09.372,INFO,Unity,Null
22:14:09.374,INFO,Unity,Null
22:14:09.378,INFO,Unity,Null
22:14:09.381,INFO,Unity,Null
22:14:09.385,INFO,Unity,Null
22:14:09.388,INFO,Unity,Null
22:14:09.390,INFO,Unity,Null
22:14:09.393,INFO,Unity,Null
22:14:09.396,INFO,Unity,Null
22:14:09.399,INFO,Unity,Null
22:14:09.402,INFO,Unity,Null
22:14:09.404,INFO,Unity,Null
22:14:09.407,INFO,Unity,Null
22:14:09.409,INFO,Unity,Null
22:14:09.412,INFO,Unity,Null
22:14:09.415,INFO,Unity,Null
22:14:09.418,INFO,Unity,Null
22:14:09.420,INFO,Unity,Null
22:14:09.423,INFO,Unity,Null
22:14:09.428,INFO,Unity,Null
22:14:09.430,INFO,Unity,Null
22:14:09.433,INFO,Unity,Null
22:14:09.436,INFO,Unity,Null
22:14:09.439,INFO,Unity,Null
22:14:09.441,INFO,Unity,Null
22:14:09.444,INFO,Unity,Null
22:14:09.446,INFO,Unity,Null
22:14:09.449,INFO,Unity,Null
22:14:09.451,INFO,Unity,Null
22:14:09.454,INFO,Unity,Null
22:14:09.457,INFO,Unity,Null
22:14:09.460,INFO,Unity,Null
22:14:09.462,INFO,Unity,Null
22:14:09.465,INFO,Unity,Null
22:14:09.467,INFO,Unity,Null
22:14:09.470,INFO,Unity,Null
22:14:09.473,INFO,Unity,Null
22:14:09.475,INFO,Unity,Null
22:14:09.479,INFO,Unity,Null
22:14:09.481,INFO,Unity,Null
22:14:09.484,INFO,Unity,Null
22:14:09.487,INFO,Unity,Null
22:14:09.489,INFO,Unity,Null
22:14:09.492,INFO,Unity,Null
22:14:09.495,INFO,Unity,Null
22:14:09.498,INFO,Unity,Null
22:14:09.501,INFO,Unity,Null
22:14:09.504,INFO,Unity,Null
22:14:09.506,INFO,Unity,Null
22:14:09.508,INFO,Unity,Null
22:14:09.511,INFO,Unity,Null
22:14:09.514,INFO,Unity,Null
22:14:09.516,INFO,Unity,Null
22:14:09.520,INFO,Unity,Null
22:14:09.522,INFO,Unity,Null
22:14:09.525,INFO,Unity,Null
22:14:09.527,INFO,Unity,Null
22:14:09.530,INFO,Unity,Null
22:14:09.533,INFO,Unity,Null
22:14:09.536,INFO,Unity,Null
22:14:09.538,INFO,Unity,Null
22:14:09.541,INFO,Unity,Null
22:14:09.543,INFO,Unity,Null
22:14:09.545,INFO,Unity,Null
22:14:09.548,INFO,Unity,Null
22:14:09.551,INFO,Unity,Null
22:14:09.554,INFO,Unity,Null
22:14:09.557,INFO,Unity,Null
22:14:09.560,INFO,Unity,Null
22:14:09.563,INFO,Unity,Null
22:14:09.566,INFO,Unity,Null
22:14:09.568,INFO,Unity,Null
22:14:09.571,INFO,Unity,Null
22:14:09.574,INFO,Unity,Null
22:14:09.577,INFO,Unity,Null
22:14:09.579,INFO,Unity,Null
22:14:09.582,INFO,Unity,Null
22:14:09.584,INFO,Unity,Null
22:14:09.587,INFO,Unity,Null
22:14:09.589,INFO,Unity,Null
22:14:09.592,INFO,Unity,Null
22:14:09.596,INFO,Unity,Null
22:14:09.599,INFO,Unity,Null
22:14:09.601,INFO,Unity,Null
22:14:09.603,INFO,Unity,Null
22:14:09.606,INFO,Unity,Null
22:14:09.609,INFO,Unity,Null
22:14:09.612,INFO,Unity,Null
22:14:09.614,INFO,Unity,Null
22:14:09.616,INFO,Unity,Null
22:14:09.619,INFO,Unity,Null
22:14:09.622,INFO,Unity,Null
22:14:09.625,INFO,Unity,Null
22:14:09.628,INFO,Unity,Null
22:14:09.631,INFO,Unity,Null
22:14:09.633,INFO,Unity,Null
22:14:09.636,INFO,Unity,Null
22:14:09.638,INFO,Unity,Null
22:14:09.641,INFO,Unity,Null
22:14:09.644,INFO,Unity,Null
22:14:09.646,INFO,Unity,Null
22:14:09.649,INFO,Unity,Null
22:14:09.651,INFO,Unity,Null
22:14:09.654,INFO,Unity,Null
22:14:09.657,INFO,Unity,Null
22:14:09.660,INFO,Unity,Null
22:14:09.662,INFO,Unity,Null
22:14:09.665,INFO,Unity,Null
22:14:09.668,INFO,Unity,Null
22:14:09.671,INFO,Unity,Null
22:14:09.672,INFO,Unity,Null
22:14:09.675,INFO,Unity,Null
22:14:09.678,INFO,Unity,Null
22:14:09.681,INFO,Unity,Null
22:14:09.684,INFO,Unity,Null
22:14:09.687,INFO,Unity,Null
22:14:09.690,INFO,Unity,Null
22:14:09.693,INFO,Unity,Null
22:14:09.696,INFO,Unity,Null
22:14:09.699,INFO,Unity,Null
22:14:09.701,INFO,Unity,Null
22:14:09.704,INFO,Unity,Null
22:14:09.706,INFO,Unity,Null
22:14:09.709,INFO,Unity,Null
22:14:09.711,INFO,Unity,Null
22:14:09.715,INFO,Unity,Null
22:14:09.718,INFO,Unity,Null
22:14:09.720,INFO,Unity,Null
22:14:09.722,INFO,Unity,Null
22:14:09.726,INFO,Unity,Null
22:14:09.728,INFO,Unity,Null
22:14:09.730,INFO,Unity,Null
22:14:09.734,INFO,Unity,Null
22:14:09.736,INFO,Unity,Null
22:14:09.739,INFO,Unity,Null
22:14:09.742,INFO,Unity,Null
22:14:09.744,INFO,Unity,Null
22:14:09.747,INFO,Unity,Null
22:14:09.750,INFO,Unity,Null
22:14:09.752,INFO,Unity,Null
22:14:09.755,INFO,Unity,Null
22:14:09.758,INFO,Unity,Null
22:14:09.760,INFO,Unity,Null
22:14:09.763,INFO,Unity,Null
22:14:09.766,INFO,Unity,Null
22:14:09.769,INFO,Unity,Null
22:14:09.771,INFO,Unity,Null
22:14:09.774,INFO,Unity,Null
22:14:09.777,INFO,Unity,Null
22:14:09.780,INFO,Unity,Null
22:14:09.782,INFO,Unity,Null
22:14:09.785,INFO,Unity,Null
22:14:09.787,INFO,Unity,Null
22:14:09.789,INFO,Unity,Null
22:14:09.791,INFO,Unity,Null
22:14:09.794,INFO,Unity,Null
22:14:09.797,INFO,Unity,Null
22:14:09.801,INFO,Unity,Null
22:14:09.803,INFO,Unity,Null
22:14:09.806,INFO,Unity,Null
22:14:09.808,INFO,Unity,Null
22:14:09.810,INFO,Unity,Null
22:14:09.813,INFO,Unity,Null
22:14:09.816,INFO,Unity,Null
22:14:09.818,INFO,Unity,Null
22:14:09.821,INFO,Unity,Null
22:14:09.824,INFO,Unity,Null
22:14:09.827,INFO,Unity,Null
22:14:09.830,INFO,Unity,Null
22:14:09.833,INFO,Unity,Null
22:14:09.836,INFO,Unity,Null
22:14:09.837,INFO,Unity,Null
22:14:09.840,INFO,Unity,Null
22:14:09.844,INFO,Unity,Null
22:14:09.846,INFO,Unity,Null
22:14:09.848,INFO,Unity,Null
22:14:09.851,INFO,Unity,Null
22:14:09.853,INFO,Unity,Null
22:14:09.857,INFO,Unity,Null
22:14:09.860,INFO,Unity,Null
22:14:09.862,INFO,Unity,Null
22:14:09.865,INFO,Unity,Null
22:14:09.867,INFO,Unity,Null
22:14:09.870,INFO,Unity,Null
22:14:09.873,INFO,Unity,Null
22:14:09.875,INFO,Unity,Null
22:14:09.878,INFO,Unity,Null
22:14:09.881,INFO,Unity,Null
22:14:09.884,INFO,Unity,Null
22:14:09.886,INFO,Unity,Null
22:14:09.890,INFO,Unity,Null
22:14:09.893,INFO,Unity,Null
22:14:09.896,INFO,Unity,Null
22:14:09.898,INFO,Unity,Null
22:14:09.901,INFO,Unity,Null
22:14:09.903,INFO,Unity,Null
22:14:09.906,INFO,Unity,Null
22:14:09.909,INFO,Unity,Null
22:14:09.912,INFO,Unity,Null
22:14:09.914,INFO,Unity,Null
22:14:09.917,INFO,Unity,Null
22:14:09.919,INFO,Unity,Null
22:14:09.922,INFO,Unity,Null
22:14:09.924,INFO,Unity,Null
22:14:09.927,INFO,Unity,Null
22:14:09.929,INFO,Unity,Null
22:14:09.933,INFO,Unity,Null
22:14:09.935,INFO,Unity,Null
22:14:09.938,INFO,Unity,Null
22:14:09.940,INFO,Unity,Null
22:14:09.943,INFO,Unity,Null
22:14:09.946,INFO,Unity,Null
22:14:09.948,INFO,Unity,Null
22:14:09.951,INFO,Unity,Null
22:14:09.954,INFO,Unity,Null
22:14:09.957,INFO,Unity,Null
22:14:09.959,INFO,Unity,Null
22:14:09.962,INFO,Unity,Null
22:14:09.964,INFO,Unity,Null
22:14:09.966,INFO,Unity,Null
22:14:09.969,INFO,Unity,Null
22:14:09.972,INFO,Unity,Null
22:14:09.975,INFO,Unity,Null
22:14:09.979,INFO,Unity,Null
22:14:09.981,INFO,Unity,Null
22:14:09.983,INFO,Unity,Null
22:14:09.985,INFO,Unity,Null
22:14:09.988,INFO,Unity,Null
22:14:09.991,INFO,Unity,Null
22:14:09.994,INFO,Unity,Null
22:14:09.997,INFO,Unity,Null
22:14:09.999,INFO,Unity,Null
22:14:10.002,INFO,Unity,Null
22:14:10.005,INFO,Unity,Null
22:14:10.007,INFO,Unity,Null
22:14:10.010,INFO,Unity,Null
22:14:10.012,INFO,Unity,Null
22:14:10.014,INFO,Unity,Null
22:14:10.018,INFO,Unity,Null
22:14:10.020,INFO,Unity,Null
22:14:10.023,INFO,Unity,Null
22:14:10.025,INFO,Unity,Null
22:14:10.028,INFO,Unity,Null
22:14:10.031,INFO,Unity,Null
22:14:10.034,INFO,Unity,Null
22:14:10.037,INFO,Unity,Null
22:14:10.039,INFO,Unity,Null
22:14:10.041,INFO,Unity,Null
22:14:10.043,INFO,Unity,Null
22:14:10.046,INFO,Unity,Null
22:14:10.050,INFO,Unity,Null
22:14:10.052,INFO,Unity,Null
22:14:10.055,INFO,Unity,Null
22:14:10.057,INFO,Unity,Null
22:14:10.061,INFO,Unity,Null
22:14:10.062,INFO,Unity,Null
22:14:10.066,INFO,Unity,Null
22:14:10.068,INFO,Unity,Null
22:14:10.071,INFO,Unity,Null
22:14:10.074,INFO,Unity,Null
22:14:10.076,INFO,Unity,Null
22:14:10.079,INFO,Unity,Null
22:14:10.081,INFO,Unity,Null
22:14:10.084,INFO,Unity,Null
22:14:10.087,INFO,Unity,Null
22:14:10.089,INFO,Unity,Null
22:14:10.094,INFO,Unity,Null
22:14:10.096,INFO,Unity,Null
22:14:10.099,INFO,Unity,Null
22:14:10.101,INFO,Unity,Null
22:14:10.104,INFO,Unity,Null
22:14:10.107,INFO,Unity,Null
22:14:10.110,INFO,Unity,Null
22:14:10.112,INFO,Unity,Null
22:14:10.115,INFO,Unity,Null
22:14:10.117,INFO,Unity,Null
22:14:10.120,INFO,Unity,Null
22:14:10.123,INFO,Unity,Null
22:14:10.125,INFO,Unity,Null
22:14:10.128,INFO,Unity,Null
22:14:10.131,INFO,Unity,Null
22:14:10.134,INFO,Unity,Null
22:14:10.136,INFO,Unity,Null
22:14:10.138,INFO,Unity,Null
22:14:10.141,INFO,Unity,Null
22:14:10.144,INFO,Unity,Null
22:14:10.146,INFO,Unity,Null
22:14:10.149,INFO,Unity,Null
22:14:10.153,INFO,Unity,Null
22:14:10.156,INFO,Unity,Null
22:14:10.159,INFO,Unity,Null
22:14:10.162,INFO,Unity,Null
22:14:10.164,INFO,Unity,Null
22:14:10.167,INFO,Unity,Null
22:14:10.169,INFO,Unity,Null
22:14:10.172,INFO,Unity,Null
22:14:10.174,INFO,Unity,Null
22:14:10.177,INFO,Unity,Null
22:14:10.179,INFO,Unity,Null
22:14:10.183,INFO,Unity,Null
22:14:10.185,INFO,Unity,Null
22:14:10.187,INFO,Unity,Null
22:14:10.191,INFO,Unity,Null
22:14:10.193,INFO,Unity,Null
22:14:10.196,INFO,Unity,Null
22:14:10.198,INFO,Unity,Null
22:14:10.201,INFO,Unity,Null
22:14:10.203,INFO,Unity,Null
22:14:10.207,INFO,Unity,Null
22:14:10.209,INFO,Unity,Null
22:14:10.211,INFO,Unity,Null
22:14:10.215,INFO,Unity,Null
22:14:10.217,INFO,Unity,Null
22:14:10.220,INFO,Unity,Null
22:14:10.222,INFO,Unity,Null
22:14:10.226,INFO,Unity,Null
22:14:10.227,INFO,Unity,Null
22:14:10.230,INFO,Unity,Null
22:14:10.233,INFO,Unity,Null
22:14:10.236,INFO,Unity,Null
22:14:10.239,INFO,Unity,Null
22:14:10.241,INFO,Unity,Null
22:14:10.244,INFO,Unity,Null
22:14:10.246,INFO,Unity,Null
22:14:10.249,INFO,Unity,Null
22:14:10.252,INFO,Unity,Null
22:14:10.254,INFO,Unity,Null
22:14:10.257,INFO,Unity,Null
22:14:10.259,INFO,Unity,Null
22:14:10.263,INFO,Unity,Null
22:14:10.265,INFO,Unity,Null
22:14:10.267,INFO,Unity,Null
22:14:10.270,INFO,Unity,Null
22:14:10.273,INFO,Unity,Null
22:14:10.275,INFO,Unity,Null
22:14:10.278,INFO,Unity,Null
22:14:10.280,INFO,Unity,Null
22:14:10.283,INFO,Unity,Null
22:14:10.286,INFO,Unity,Null
22:14:10.289,INFO,Unity,Null
22:14:10.292,INFO,Unity,Null
22:14:10.295,INFO,Unity,Null
22:14:10.298,INFO,Unity,Null
22:14:10.300,INFO,Unity,Null
22:14:10.302,INFO,Unity,Null
22:14:10.305,INFO,Unity,Null
22:14:10.308,INFO,Unity,Null
22:14:10.311,INFO,Unity,Null
22:14:10.314,INFO,Unity,Null
22:14:10.316,INFO,Unity,Null
22:14:10.319,INFO,Unity,Null
22:14:10.321,INFO,Unity,Null
22:14:10.324,INFO,Unity,Null
22:14:10.326,INFO,Unity,Null
22:14:10.329,INFO,Unity,Null
22:14:10.332,INFO,Unity,Null
22:14:10.335,INFO,Unity,Null
22:14:10.337,INFO,Unity,Null
22:14:10.339,INFO,Unity,Null
22:14:10.342,INFO,Unity,Null
22:14:10.345,INFO,Unity,Null
22:14:10.348,INFO,Unity,Null
22:14:10.350,INFO,Unity,Null
22:14:10.353,INFO,Unity,Null
22:14:10.356,INFO,Unity,Null
22:14:10.359,INFO,Unity,Null
22:14:10.363,INFO,Unity,Null
22:14:10.365,INFO,Unity,Null
22:14:10.368,INFO,Unity,Null
22:14:10.371,INFO,Unity,Null
22:14:10.373,INFO,Unity,Null
22:14:10.377,INFO,Unity,Null
22:14:10.380,INFO,Unity,Null
22:14:10.383,INFO,Unity,Null
22:14:10.386,INFO,Unity,Null
22:14:10.388,INFO,Unity,Null
22:14:10.392,INFO,Unity,Null
22:14:10.395,INFO,Unity,Null
22:14:10.397,INFO,Unity,Null
22:14:10.400,INFO,Unity,Null
22:14:10.402,INFO,Unity,Null
22:14:10.404,INFO,Unity,Null
22:14:10.407,INFO,Unity,Null
22:14:10.411,INFO,Unity,Null
22:14:10.413,INFO,Unity,Null
22:14:10.416,INFO,Unity,Null
22:14:10.418,INFO,Unity,Null
22:14:10.422,INFO,Unity,Null
22:14:10.424,INFO,Unity,Null
22:14:10.427,INFO,Unity,Null
22:14:10.430,INFO,Unity,Null
22:14:10.432,INFO,Unity,Null
22:14:10.435,INFO,Unity,Null
22:14:10.437,INFO,Unity,Null
22:14:10.440,INFO,Unity,Null
22:14:10.442,INFO,Unity,Null
22:14:10.446,INFO,Unity,Null
22:14:10.448,INFO,Unity,Null
22:14:10.451,INFO,Unity,Null
22:14:10.454,INFO,Unity,Null
22:14:10.457,INFO,Unity,Null
22:14:10.459,INFO,Unity,Null
22:14:10.461,INFO,Unity,Null
22:14:10.465,INFO,Unity,Null
22:14:10.467,INFO,Unity,Null
22:14:10.470,INFO,Unity,Null
22:14:10.472,INFO,Unity,Null
22:14:10.474,INFO,Unity,Null
22:14:10.477,INFO,Unity,Null
22:14:10.480,INFO,Unity,Null
22:14:10.482,INFO,Unity,Null
22:14:10.485,INFO,Unity,Null
22:14:10.489,INFO,Unity,Null
22:14:10.491,INFO,Unity,Null
22:14:10.495,INFO,Unity,Null
22:14:10.497,INFO,Unity,Null
22:14:10.500,INFO,Unity,Null
22:14:10.502,INFO,Unity,Null
22:14:10.504,INFO,Unity,Null
22:14:10.507,INFO,Unity,Null
22:14:10.510,INFO,Unity,Null
22:14:10.512,INFO,Unity,Null
22:14:10.516,INFO,Unity,Null
22:14:10.519,INFO,Unity,Null
22:14:10.521,INFO,Unity,Null
22:14:10.523,INFO,Unity,Null
22:14:10.527,INFO,Unity,Null
22:14:10.530,INFO,Unity,Null
22:14:10.533,INFO,Unity,Null
22:14:10.535,INFO,Unity,Null
22:14:10.538,INFO,Unity,Null
22:14:10.541,INFO,Unity,Null
22:14:10.543,INFO,Unity,Null
22:14:10.546,INFO,Unity,Null
22:14:10.549,INFO,Unity,Null
22:14:10.550,INFO,Unity,Null
22:14:10.554,INFO,Unity,Null
22:14:10.557,INFO,Unity,Null
22:14:10.560,INFO,Unity,Null
22:14:10.562,INFO,Unity,Null
22:14:10.565,INFO,Unity,Null
22:14:10.567,INFO,Unity,Null
22:14:10.570,INFO,Unity,Null
22:14:10.572,INFO,Unity,Null
22:14:10.576,INFO,Unity,Null
22:14:10.578,INFO,Unity,Null
22:14:10.580,INFO,Unity,Null
22:14:10.583,INFO,Unity,Null
22:14:10.587,INFO,Unity,Null
22:14:10.589,INFO,Unity,Null
22:14:10.592,INFO,Unity,Null
22:14:10.594,INFO,Unity,Null
22:14:10.597,INFO,Unity,Null
22:14:10.601,INFO,Unity,Null
22:14:10.606,INFO,Unity,Null
22:14:10.609,INFO,Unity,Null
22:14:10.612,INFO,Unity,Null
22:14:10.615,INFO,Unity,Null
22:14:10.617,INFO,Unity,Null
22:14:10.621,INFO,Unity,Null
22:14:10.622,INFO,Unity,Null
22:14:10.626,INFO,Unity,Null
22:14:10.629,INFO,Unity,Null
22:14:10.630,INFO,Unity,Null
22:14:10.634,INFO,Unity,Null
22:14:10.637,INFO,Unity,Null
22:14:10.639,INFO,Unity,Null
22:14:10.641,INFO,Unity,Null
22:14:10.645,INFO,Unity,Null
22:14:10.646,INFO,Unity,Null
22:14:10.650,INFO,Unity,Null
22:14:10.653,INFO,Unity,Null
22:14:10.656,INFO,Unity,Null
22:14:10.659,INFO,Unity,Null
22:14:10.662,INFO,Unity,Null
22:14:10.664,INFO,Unity,Null
22:14:10.667,INFO,Unity,Null
22:14:10.669,INFO,Unity,Null
22:14:10.672,INFO,Unity,Null
22:14:10.675,INFO,Unity,Null
22:14:10.677,INFO,Unity,Null
22:14:10.681,INFO,Unity,Null
22:14:10.684,INFO,Unity,Null
22:14:10.686,INFO,Unity,Null
22:14:10.690,INFO,Unity,Null
22:14:10.693,INFO,Unity,Null
22:14:10.695,INFO,Unity,Null
22:14:10.697,INFO,Unity,Null
22:14:10.701,INFO,Unity,Null
22:14:10.704,INFO,Unity,Null
22:14:10.705,INFO,Unity,Null
22:14:10.709,INFO,Unity,Null
22:14:10.712,INFO,Unity,Null
22:14:10.715,INFO,Unity,Null
22:14:10.717,INFO,Unity,Null
22:14:10.721,INFO,Unity,Null
22:14:10.724,INFO,Unity,Null
22:14:10.726,INFO,Unity,Null
22:14:10.729,INFO,Unity,Null
22:14:10.732,INFO,Unity,Null
22:14:10.734,INFO,Unity,Null
22:14:10.736,INFO,Unity,Null
22:14:10.740,INFO,Unity,Null
22:14:10.743,INFO,Unity,Null
22:14:10.745,INFO,Unity,Null
22:14:10.748,INFO,Unity,Null
22:14:10.750,INFO,Unity,Null
22:14:10.753,INFO,Unity,Null
22:14:10.755,INFO,Unity,Null
22:14:10.759,INFO,Unity,Null
22:14:10.762,INFO,Unity,Null
22:14:10.764,INFO,Unity,Null
22:14:10.767,INFO,Unity,Null
22:14:10.769,INFO,Unity,Null
22:14:10.772,INFO,Unity,Null
22:14:10.775,INFO,Unity,Null
22:14:10.777,INFO,Unity,Null
22:14:10.781,INFO,Unity,Null
22:14:10.783,INFO,Unity,Null
22:14:10.786,INFO,Unity,Null
22:14:10.789,INFO,Unity,Null
22:14:10.792,INFO,Unity,Null
22:14:10.795,INFO,Unity,Null
22:14:10.797,INFO,Unity,Null
22:14:10.800,INFO,Unity,Null
22:14:10.802,INFO,Unity,Null
22:14:10.806,INFO,Unity,Null
22:14:10.808,INFO,Unity,Null
22:14:10.811,INFO,Unity,Null
22:14:10.814,INFO,Unity,Null
22:14:10.816,INFO,Unity,Null
22:14:10.819,INFO,Unity,Null
22:14:10.822,INFO,Unity,Null
22:14:10.824,INFO,Unity,Null
22:14:10.827,INFO,Unity,Null
22:14:10.830,INFO,Unity,Null
22:14:10.832,INFO,Unity,Null
22:14:10.836,INFO,Unity,Null
22:14:10.837,INFO,Unity,Null
22:14:10.840,INFO,Unity,Null
22:14:10.843,INFO,Unity,Null
22:14:10.846,INFO,Unity,Null
22:14:10.849,INFO,Unity,Null
22:14:10.852,INFO,Unity,Null
22:14:10.855,INFO,Unity,Null
22:14:10.857,INFO,Unity,Null
22:14:10.860,INFO,Unity,Null
22:14:10.862,INFO,Unity,Null
22:14:10.865,INFO,Unity,Null
22:14:10.868,INFO,Unity,Null
22:14:10.870,INFO,Unity,Null
22:14:10.872,INFO,Unity,Null
22:14:10.876,INFO,Unity,Null
22:14:10.878,INFO,Unity,Null
22:14:10.882,INFO,Unity,Null
22:14:10.885,INFO,Unity,Null
22:14:10.887,INFO,Unity,Null
22:14:10.890,INFO,Unity,Null
22:14:10.893,INFO,Unity,Null
22:14:10.897,INFO,Unity,Null
22:14:10.899,INFO,Unity,Null
22:14:10.902,INFO,Unity,Null
22:14:10.904,INFO,Unity,Null
22:14:10.907,INFO,Unity,Null
22:14:10.910,INFO,Unity,Null
22:14:10.913,INFO,Unity,Null
22:14:10.916,INFO,Unity,Null
22:14:10.918,INFO,Unity,Null
22:14:10.921,INFO,Unity,Null
22:14:10.924,INFO,Unity,Null
22:14:10.927,INFO,Unity,Null
22:14:10.929,INFO,Unity,Null
22:14:10.933,INFO,Unity,Null
22:14:10.935,INFO,Unity,Null
22:14:10.938,INFO,Unity,Null
22:14:10.940,INFO,Unity,Null
22:14:10.942,INFO,Unity,Null
22:14:10.946,INFO,Unity,Null
22:14:10.949,INFO,Unity,Null
22:14:10.952,INFO,Unity,Null
22:14:10.954,INFO,Unity,Null
22:14:10.957,INFO,Unity,Null
22:14:10.959,INFO,Unity,Null
22:14:10.962,INFO,Unity,Null
22:14:10.965,INFO,Unity,Null
22:14:10.968,INFO,Unity,Null
22:14:10.970,INFO,Unity,Null
22:14:10.972,INFO,Unity,Null
22:14:10.976,INFO,Unity,Null
22:14:10.979,INFO,Unity,Null
22:14:10.981,INFO,Unity,Null
22:14:10.985,INFO,Unity,Null
22:14:10.987,INFO,Unity,Null
22:14:10.990,INFO,Unity,Null
22:14:10.993,INFO,Unity,Null
22:14:10.995,INFO,Unity,Null
22:14:10.998,INFO,Unity,Null
22:14:11.001,INFO,Unity,Null
22:14:11.003,INFO,Unity,Null
22:14:11.006,INFO,Unity,Null
22:14:11.009,INFO,Unity,Null
22:14:11.012,INFO,Unity,Null
22:14:11.014,INFO,Unity,Null
22:14:11.017,INFO,Unity,Null
22:14:11.020,INFO,Unity,Null
22:14:11.023,INFO,Unity,Null
22:14:11.025,INFO,Unity,Null
22:14:11.029,INFO,Unity,Null
22:14:11.031,INFO,Unity,Null
22:14:11.033,INFO,Unity,Null
22:14:11.037,INFO,Unity,Null
22:14:11.039,INFO,Unity,Null
22:14:11.043,INFO,Unity,Null
22:14:11.045,INFO,Unity,Null
22:14:11.048,INFO,Unity,Null
22:14:11.050,INFO,Unity,Null
22:14:11.054,INFO,Unity,Null
22:14:11.056,INFO,Unity,Null
22:14:11.059,INFO,Unity,Null
22:14:11.062,INFO,Unity,Null
22:14:11.064,INFO,Unity,Null
22:14:11.067,INFO,Unity,Null
22:14:11.070,INFO,Unity,Null
22:14:11.072,INFO,Unity,Null
22:14:11.075,INFO,Unity,Null
22:14:11.078,INFO,Unity,Null
22:14:11.080,INFO,Unity,Null
22:14:11.083,INFO,Unity,Null
22:14:11.086,INFO,Unity,Null
22:14:11.089,INFO,Unity,Null
22:14:11.093,INFO,Unity,Null
22:14:11.096,INFO,Unity,Null
22:14:11.097,INFO,Unity,Null
22:14:11.100,INFO,Unity,Null
22:14:11.104,INFO,Unity,Null
22:14:11.106,INFO,Unity,Null
22:14:11.109,INFO,Unity,Null
22:14:11.112,INFO,Unity,Null
22:14:11.115,INFO,Unity,Null
22:14:11.117,INFO,Unity,Null
22:14:11.121,INFO,Unity,Null
22:14:11.123,INFO,Unity,Null
22:14:11.125,INFO,Unity,Null
22:14:11.129,INFO,Unity,Null
22:14:11.132,INFO,Unity,Null
22:14:11.134,INFO,Unity,Null
22:14:11.136,INFO,Unity,Null
22:14:11.139,INFO,Unity,Null
22:14:11.142,INFO,Unity,Null
22:14:11.145,INFO,Unity,Null
22:14:11.147,INFO,Unity,Null
22:14:11.151,INFO,Unity,Null
22:14:11.154,INFO,Unity,Null
22:14:11.157,INFO,Unity,Null
22:14:11.159,INFO,Unity,Null
22:14:11.162,INFO,Unity,Null
22:14:11.165,INFO,Unity,Null
22:14:11.167,INFO,Unity,Null
22:14:11.170,INFO,Unity,Null
22:14:11.173,INFO,Unity,Null
22:14:11.176,INFO,Unity,Null
22:14:11.179,INFO,Unity,Null
22:14:11.182,INFO,Unity,Null
22:14:11.185,INFO,Unity,Null
22:14:11.187,INFO,Unity,Null
22:14:11.189,INFO,Unity,Null
22:14:11.193,INFO,Unity,Null
22:14:11.195,INFO,Unity,Null
22:14:11.197,INFO,Unity,Null
22:14:11.201,INFO,Unity,Null
22:14:11.202,INFO,Unity,Null
22:14:11.205,INFO,Unity,Null
22:14:11.208,INFO,Unity,Null
22:14:11.212,INFO,Unity,Null
22:14:11.215,INFO,Unity,Null
22:14:11.217,INFO,Unity,Null
22:14:11.220,INFO,Unity,Null
22:14:11.222,INFO,Unity,Null
22:14:11.225,INFO,Unity,Null
22:14:11.227,INFO,Unity,Null
22:14:11.230,INFO,Unity,Null
22:14:11.234,INFO,Unity,Null
22:14:11.236,INFO,Unity,Null
22:14:11.239,INFO,Unity,Null
22:14:11.242,INFO,Unity,Null
22:14:11.244,INFO,Unity,Null
22:14:11.248,INFO,Unity,Null
22:14:11.250,INFO,Unity,Null
22:14:11.253,INFO,Unity,Null
22:14:11.255,INFO,Unity,Null
22:14:11.258,INFO,Unity,Null
22:14:11.261,INFO,Unity,Null
22:14:11.264,INFO,Unity,Null
22:14:11.267,INFO,Unity,Null
22:14:11.269,INFO,Unity,Null
22:14:11.272,INFO,Unity,Null
22:14:11.275,INFO,Unity,Null
22:14:11.277,INFO,Unity,Null
22:14:11.280,INFO,Unity,Null
22:14:11.283,INFO,Unity,Null
22:14:11.286,INFO,Unity,Null
22:14:11.288,INFO,Unity,Null
22:14:11.291,INFO,Unity,Null
22:14:11.295,INFO,Unity,Null
22:14:11.297,INFO,Unity,Null
22:14:11.301,INFO,Unity,Null
22:14:11.303,INFO,Unity,Null
22:14:11.307,INFO,Unity,Null
22:14:11.309,INFO,Unity,Null
22:14:11.312,INFO,Unity,Null
22:14:11.314,INFO,Unity,Null
22:14:11.317,INFO,Unity,Null
22:14:11.320,INFO,Unity,Null
22:14:11.322,INFO,Unity,Null
22:14:11.324,INFO,Unity,Null
22:14:11.328,INFO,Unity,Null
22:14:11.330,INFO,Unity,Null
22:14:11.333,INFO,Unity,Null
22:14:11.336,INFO,Unity,Null
22:14:11.338,INFO,Unity,Null
22:14:11.341,INFO,Unity,Null
22:14:11.344,INFO,Unity,Null
22:14:11.347,INFO,Unity,Null
22:14:11.348,INFO,Unity,Null
22:14:11.352,INFO,Unity,Null
22:14:11.355,INFO,Unity,Null
22:14:11.358,INFO,Unity,Null
22:14:11.361,INFO,Unity,Null
22:14:11.363,INFO,Unity,Null
22:14:11.366,INFO,Unity,Null
22:14:11.369,INFO,Unity,Null
22:14:11.371,INFO,Unity,Null
22:14:11.374,INFO,Unity,Null
22:14:11.377,INFO,Unity,Null
22:14:11.381,INFO,Unity,Null
22:14:11.383,INFO,Unity,Null
22:14:11.386,INFO,Unity,Null
22:14:11.388,INFO,Unity,Null
22:14:11.391,INFO,Unity,Null
22:14:11.394,INFO,Unity,Null
22:14:11.396,INFO,Unity,Null
22:14:11.399,INFO,Unity,Null
22:14:11.402,INFO,Unity,Null
22:14:11.404,INFO,Unity,Null
22:14:11.407,INFO,Unity,Null
22:14:11.410,INFO,Unity,Null
22:14:11.413,INFO,Unity,Null
22:14:11.416,INFO,Unity,Null
22:14:11.418,INFO,Unity,Null
22:14:11.421,INFO,Unity,Null
22:14:11.424,INFO,Unity,Null
22:14:11.427,INFO,Unity,Null
22:14:11.429,INFO,Unity,Null
22:14:11.432,INFO,Unity,Null
22:14:11.434,INFO,Unity,Null
22:14:11.437,INFO,Unity,Null
22:14:11.440,INFO,Unity,Null
22:14:11.442,INFO,Unity,Null
22:14:11.446,INFO,Unity,Null
22:14:11.448,INFO,Unity,Null
22:14:11.451,INFO,Unity,Null
22:14:11.454,INFO,Unity,Null
22:14:11.456,INFO,Unity,Null
22:14:11.459,INFO,Unity,Null
22:14:11.462,INFO,Unity,Null
22:14:11.465,INFO,Unity,Null
22:14:11.467,INFO,Unity,Null
22:14:11.470,INFO,Unity,Null
22:14:11.473,INFO,Unity,Null
22:14:11.476,INFO,Unity,Null
22:14:11.479,INFO,Unity,Null
22:14:11.481,INFO,Unity,Null
22:14:11.484,INFO,Unity,Null
22:14:11.488,INFO,Unity,Null
22:14:11.490,INFO,Unity,Null
22:14:11.493,INFO,Unity,Null
22:14:11.496,INFO,Unity,Null
22:14:11.499,INFO,Unity,Null
22:14:11.501,INFO,Unity,Null
22:14:11.504,INFO,Unity,Null
22:14:11.507,INFO,Unity,Null
22:14:11.511,INFO,Unity,Null
22:14:11.514,INFO,Unity,Null
22:14:11.516,INFO,Unity,Null
22:14:11.519,INFO,Unity,Null
22:14:11.521,INFO,Unity,Null
22:14:11.525,INFO,Unity,Null
22:14:11.527,INFO,Unity,Null
22:14:11.530,INFO,Unity,Null
22:14:11.532,INFO,Unity,Null
22:14:11.535,INFO,Unity,Null
22:14:11.538,INFO,Unity,Null
22:14:11.541,INFO,Unity,Null
22:14:11.544,INFO,Unity,Null
22:14:11.547,INFO,Unity,Null
22:14:11.550,INFO,Unity,Null
22:14:11.552,INFO,Unity,Null
22:14:11.555,INFO,Unity,Null
22:14:11.558,INFO,Unity,Null
22:14:11.560,INFO,Unity,Null
22:14:11.563,INFO,Unity,Null
22:14:11.566,INFO,Unity,Null
22:14:11.568,INFO,Unity,Null
22:14:11.571,INFO,Unity,Null
22:14:11.574,INFO,Unity,Null
22:14:11.577,INFO,Unity,Null
22:14:11.579,INFO,Unity,Null
22:14:11.583,INFO,Unity,Null
22:14:11.586,INFO,Unity,Null
22:14:11.588,INFO,Unity,Null
22:14:11.590,INFO,Unity,Null
22:14:11.593,INFO,Unity,Null
22:14:11.596,INFO,Unity,Null
22:14:11.598,INFO,Unity,Null
22:14:11.601,INFO,Unity,Null
22:14:11.604,INFO,Unity,Null
22:14:11.607,INFO,Unity,Null
22:14:11.610,INFO,Unity,Null
22:14:11.612,INFO,Unity,Null
22:14:11.616,INFO,Unity,Null
22:14:11.618,INFO,Unity,Null
22:14:11.621,INFO,Unity,Null
22:14:11.624,INFO,Unity,Null
22:14:11.627,INFO,Unity,Null
22:14:11.630,INFO,Unity,Null
22:14:11.632,INFO,Unity,Null
22:14:11.635,INFO,Unity,Null
22:14:11.637,INFO,Unity,Null
22:14:11.640,INFO,Unity,Null
22:14:11.643,INFO,Unity,Null
22:14:11.647,INFO,Unity,Null
22:14:11.650,INFO,Unity,Null
22:14:11.652,INFO,Unity,Null
22:14:11.655,INFO,Unity,Null
22:14:11.657,INFO,Unity,Null
22:14:11.660,INFO,Unity,Null
22:14:11.663,INFO,Unity,Null
22:14:11.666,INFO,Unity,Null
22:14:11.669,INFO,Unity,Null
22:14:11.671,INFO,Unity,Null
22:14:11.674,INFO,Unity,Null
22:14:11.678,INFO,Unity,Null
22:14:11.680,INFO,Unity,Null
22:14:11.683,INFO,Unity,Null
22:14:11.686,INFO,Unity,Null
22:14:11.689,INFO,Unity,Null
22:14:11.691,INFO,Unity,Null
22:14:11.694,INFO,Unity,Null
22:14:11.698,INFO,Unity,Null
22:14:11.700,INFO,Unity,Null
22:14:11.703,INFO,Unity,Null
22:14:11.706,INFO,Unity,Null
22:14:11.709,INFO,Unity,Null
22:14:11.712,INFO,Unity,Null
22:14:11.715,INFO,Unity,Null
22:14:11.717,INFO,Unity,Null
22:14:11.720,INFO,Unity,Null
22:14:11.723,INFO,Unity,Null
22:14:11.726,INFO,Unity,Null
22:14:11.728,INFO,Unity,Null
22:14:11.732,INFO,Unity,Null
22:14:11.734,INFO,Unity,Null
22:14:11.737,INFO,Unity,Null
22:14:11.741,INFO,Unity,Null
22:14:11.744,INFO,Unity,Null
22:14:11.746,INFO,Unity,Null
22:14:11.748,INFO,Unity,Null
22:14:11.751,INFO,Unity,Null
22:14:11.754,INFO,Unity,Null
22:14:11.757,INFO,Unity,Null
22:14:11.760,INFO,Unity,Null
22:14:11.763,INFO,Unity,Null
22:14:11.765,INFO,Unity,Null
22:14:11.769,INFO,Unity,Null
22:14:11.771,INFO,Unity,Null
22:14:11.775,INFO,Unity,Null
22:14:11.777,INFO,Unity,Null
22:14:11.780,INFO,Unity,Null
22:14:11.783,INFO,Unity,Null
22:14:11.785,INFO,Unity,Null
22:14:11.788,INFO,Unity,Null
22:14:11.790,INFO,Unity,Null
22:14:11.793,INFO,Unity,Null
22:14:11.796,INFO,Unity,Null
22:14:11.799,INFO,Unity,Null
22:14:11.802,INFO,Unity,Null
22:14:11.804,INFO,Unity,Null
22:14:11.809,INFO,Unity,Null
22:14:11.811,INFO,Unity,Null
22:14:11.813,INFO,Unity,Null
22:14:11.816,INFO,Unity,Null
22:14:11.819,INFO,Unity,Null
22:14:11.822,INFO,Unity,Null
22:14:11.824,INFO,Unity,Null
22:14:11.826,INFO,Unity,Null
22:14:11.830,INFO,Unity,Null
22:14:11.833,INFO,Unity,Null
22:14:11.836,INFO,Unity,Null
22:14:11.839,INFO,Unity,Null
22:14:11.842,INFO,Unity,Null
22:14:11.845,INFO,Unity,Null
22:14:11.847,INFO,Unity,Null
22:14:11.850,INFO,Unity,Null
22:14:11.853,INFO,Unity,Null
22:14:11.855,INFO,Unity,Null
22:14:11.858,INFO,Unity,Null
22:14:11.860,INFO,Unity,Null
22:14:11.864,INFO,Unity,Null
22:14:11.867,INFO,Unity,Null
22:14:11.870,INFO,Unity,Null
22:14:11.872,INFO,Unity,Null
22:14:11.874,INFO,Unity,Null
22:14:11.877,INFO,Unity,Null
22:14:11.880,INFO,Unity,Null
22:14:11.883,INFO,Unity,Null
22:14:11.886,INFO,Unity,Null
22:14:11.888,INFO,Unity,Null
22:14:11.891,INFO,Unity,Null
22:14:11.894,INFO,Unity,Null
22:14:11.897,INFO,Unity,Null
22:14:11.901,INFO,Unity,Null
22:14:11.903,INFO,Unity,Null
22:14:11.905,INFO,Unity,Null
22:14:11.907,INFO,Unity,Null
22:14:11.912,INFO,Unity,Null
22:14:11.915,INFO,Unity,Null
22:14:11.917,INFO,Unity,Null
22:14:11.920,INFO,Unity,Null
22:14:11.923,INFO,Unity,Null
22:14:11.925,INFO,Unity,Null
22:14:11.928,INFO,Unity,Null
22:14:11.932,INFO,Unity,Null
22:14:11.934,INFO,Unity,Null
22:14:11.936,INFO,Unity,Null
22:14:11.939,INFO,Unity,Null
22:14:11.943,INFO,Unity,Null
22:14:11.946,INFO,Unity,Null
22:14:11.949,INFO,Unity,Null
22:14:11.951,INFO,Unity,Null
22:14:11.954,INFO,Unity,Null
22:14:11.956,INFO,Unity,Null
22:14:11.960,INFO,Unity,Null
22:14:11.962,INFO,Unity,Null
22:14:11.965,INFO,Unity,Null
22:14:11.967,INFO,Unity,Null
22:14:11.971,INFO,Unity,Null
22:14:11.974,INFO,Unity,Null
22:14:11.976,INFO,Unity,Null
22:14:11.980,INFO,Unity,Null
22:14:11.982,INFO,Unity,Null
22:14:11.984,INFO,Unity,Null
22:14:11.987,INFO,Unity,Null
22:14:11.990,INFO,Unity,Null
22:14:11.993,INFO,Unity,Null
22:14:11.995,INFO,Unity,Null
22:14:11.998,INFO,Unity,Null
22:14:12.000,INFO,Unity,Null
22:14:12.004,INFO,Unity,Null
22:14:12.007,INFO,Unity,Null
22:14:12.010,INFO,Unity,Null
22:14:12.012,INFO,Unity,Null
22:14:12.016,INFO,Unity,Null
22:14:12.017,INFO,Unity,Null
22:14:12.020,INFO,Unity,Null
22:14:12.024,INFO,Unity,Null
22:14:12.026,INFO,Unity,Null
22:14:12.029,INFO,Unity,Null
22:14:12.031,INFO,Unity,Null
22:14:12.033,INFO,Unity,Null
22:14:12.036,INFO,Unity,Null
22:14:12.040,INFO,Unity,Null
22:14:12.043,INFO,Unity,Null
22:14:12.046,INFO,Unity,Null
22:14:12.049,INFO,Unity,Null
22:14:12.052,INFO,Unity,Null
22:14:12.053,INFO,Unity,Null
22:14:12.057,INFO,Unity,Null
22:14:12.060,INFO,Unity,Null
22:14:12.062,INFO,Unity,Null
22:14:12.065,INFO,Unity,Null
22:14:12.069,INFO,Unity,Null
22:14:12.071,INFO,Unity,Null
22:14:12.073,INFO,Unity,Null
22:14:12.077,INFO,Unity,Null
22:14:12.080,INFO,Unity,Null
22:14:12.082,INFO,Unity,Null
22:14:12.085,INFO,Unity,Null
22:14:12.087,INFO,Unity,Null
22:14:12.091,INFO,Unity,Null
22:14:12.092,INFO,Unity,Null
22:14:12.096,INFO,Unity,Null
22:14:12.100,INFO,Unity,Null
22:14:12.103,INFO,Unity,Null
22:14:12.107,INFO,Unity,Null
22:14:12.110,INFO,Unity,Null
22:14:12.112,INFO,Unity,Null
22:14:12.116,INFO,Unity,Null
22:14:12.118,INFO,Unity,Null
22:14:12.121,INFO,Unity,Null
22:14:12.124,INFO,Unity,Null
22:14:12.125,INFO,Unity,Null
22:14:12.129,INFO,Unity,Null
22:14:12.133,INFO,Unity,Null
22:14:12.135,INFO,Unity,Null
22:14:12.138,INFO,Unity,Null
22:14:12.140,INFO,Unity,Null
22:14:12.143,INFO,Unity,Null
22:14:12.146,INFO,Unity,Null
22:14:12.149,INFO,Unity,Null
22:14:12.152,INFO,Unity,Null
22:14:12.154,INFO,Unity,Null
22:14:12.157,INFO,Unity,Null
22:14:12.159,INFO,Unity,Null
22:14:12.162,INFO,Unity,Null
22:14:12.166,INFO,Unity,Null
22:14:12.168,INFO,Unity,Null
22:14:12.172,INFO,Unity,Null
22:14:12.174,INFO,Unity,Null
22:14:12.177,INFO,Unity,Null
22:14:12.179,INFO,Unity,Null
22:14:12.182,INFO,Unity,Null
22:14:12.185,INFO,Unity,Null
22:14:12.188,INFO,Unity,Null
22:14:12.191,INFO,Unity,Null
22:14:12.194,INFO,Unity,Null
22:14:12.197,INFO,Unity,Null
22:14:12.200,INFO,Unity,Null
22:14:12.202,INFO,Unity,Null
22:14:12.205,INFO,Unity,Null
22:14:12.208,INFO,Unity,Null
22:14:12.210,INFO,Unity,Null
22:14:12.213,INFO,Unity,Null
22:14:12.216,INFO,Unity,Null
22:14:12.219,INFO,Unity,Null
22:14:12.222,INFO,Unity,Null
22:14:12.225,INFO,Unity,Null
22:14:12.228,INFO,Unity,Null
22:14:12.230,INFO,Unity,Null
22:14:12.233,INFO,Unity,Null
22:14:12.236,INFO,Unity,Null
22:14:12.239,INFO,Unity,Null
22:14:12.242,INFO,Unity,Null
22:14:12.244,INFO,Unity,Null
22:14:12.248,INFO,Unity,Null
22:14:12.250,INFO,Unity,Null
22:14:12.253,INFO,Unity,Null
22:14:12.256,INFO,Unity,Null
22:14:12.258,INFO,Unity,Null
22:14:12.261,INFO,Unity,Null
22:14:12.264,INFO,Unity,Null
22:14:12.267,INFO,Unity,Null
22:14:12.269,INFO,Unity,Null
22:14:12.272,INFO,Unity,Null
22:14:12.275,INFO,Unity,Null
22:14:12.279,INFO,Unity,Null
22:14:12.281,INFO,Unity,Null
22:14:12.283,INFO,Unity,Null
22:14:12.286,INFO,Unity,Null
22:14:12.289,INFO,Unity,Null
22:14:12.292,INFO,Unity,Null
22:14:12.295,INFO,Unity,Null
22:14:12.298,INFO,Unity,Null
22:14:12.301,INFO,Unity,Null
22:14:12.303,INFO,Unity,Null
22:14:12.308,INFO,Unity,Null
22:14:12.310,INFO,Unity,Null
22:14:12.314,INFO,Unity,Null
22:14:12.316,INFO,Unity,Null
22:14:12.319,INFO,Unity,Null
22:14:12.321,INFO,Unity,Null
22:14:12.324,INFO,Unity,Null
22:14:12.328,INFO,Unity,Null
22:14:12.330,INFO,Unity,Null
22:14:12.333,INFO,Unity,Null
22:14:12.335,INFO,Unity,Null
22:14:12.339,INFO,Unity,Null
22:14:12.341,INFO,Unity,Null
22:14:12.344,INFO,Unity,Null
22:14:12.346,INFO,Unity,Null
22:14:12.349,INFO,Unity,Null
22:14:12.352,INFO,Unity,Null
22:14:12.355,INFO,Unity,Null
22:14:12.357,INFO,Unity,Null
22:14:12.361,INFO,Unity,Null
22:14:12.362,INFO,Unity,Null
22:14:12.367,INFO,Unity,Null
22:14:12.369,INFO,Unity,Null
22:14:12.371,INFO,Unity,Null
22:14:12.375,INFO,Unity,Null
22:14:12.377,INFO,Unity,Null
22:14:12.380,INFO,Unity,Null
22:14:12.384,INFO,Unity,Null
22:14:12.386,INFO,Unity,Null
22:14:12.388,INFO,Unity,Null
22:14:12.392,INFO,Unity,Null
22:14:12.395,INFO,Unity,Null
22:14:12.398,INFO,Unity,Null
22:14:12.401,INFO,Unity,Null
22:14:12.404,INFO,Unity,Null
22:14:12.407,INFO,Unity,Null
22:14:12.410,INFO,Unity,Null
22:14:12.412,INFO,Unity,Null
22:14:12.416,INFO,Unity,Null
22:14:12.419,INFO,Unity,Null
22:14:12.422,INFO,Unity,Null
22:14:12.427,INFO,Unity,Null
22:14:12.429,INFO,Unity,Null
22:14:12.432,INFO,Unity,Null
22:14:12.435,INFO,Unity,Null
22:14:12.438,INFO,Unity,Null
22:14:12.440,INFO,Unity,Null
22:14:12.443,INFO,Unity,Null
22:14:12.446,INFO,Unity,Null
22:14:12.449,INFO,Unity,Null
22:14:12.451,INFO,Unity,Null
22:14:12.454,INFO,Unity,Null
22:14:12.457,INFO,Unity,Null
22:14:12.459,INFO,Unity,Null
22:14:12.462,INFO,Unity,Null
22:14:12.465,INFO,Unity,Null
22:14:12.468,INFO,Unity,Null
22:14:12.471,INFO,Unity,Null
22:14:12.473,INFO,Unity,Null
22:14:12.477,INFO,Unity,Null
22:14:12.479,INFO,Unity,Null
22:14:12.482,INFO,Unity,Null
22:14:12.485,INFO,Unity,Null
22:14:12.488,INFO,Unity,Null
22:14:12.490,INFO,Unity,Null
22:14:12.493,INFO,Unity,Null
22:14:12.496,INFO,Unity,Null
22:14:12.499,INFO,Unity,Null
22:14:12.501,INFO,Unity,Null
22:14:12.505,INFO,Unity,Null
22:14:12.508,INFO,Unity,Null
22:14:12.511,INFO,Unity,Null
22:14:12.513,INFO,Unity,Null
22:14:12.517,INFO,Unity,Null
22:14:12.520,INFO,Unity,Null
22:14:12.522,INFO,Unity,Null
22:14:12.524,INFO,Unity,Null
22:14:12.528,INFO,Unity,Null
22:14:12.530,INFO,Unity,Null
22:14:12.532,INFO,Unity,Null
22:14:12.536,INFO,Unity,Null
22:14:12.539,INFO,Unity,Null
22:14:12.541,INFO,Unity,Null
22:14:12.544,INFO,Unity,Null
22:14:12.547,INFO,Unity,Null
22:14:12.550,INFO,Unity,Null
22:14:12.552,INFO,Unity,Null
22:14:12.555,INFO,Unity,Null
22:14:12.558,INFO,Unity,Null
22:14:12.561,INFO,Unity,Null
22:14:12.563,INFO,Unity,Null
22:14:12.567,INFO,Unity,Null
22:14:12.569,INFO,Unity,Null
22:14:12.572,INFO,Unity,Null
22:14:12.575,INFO,Unity,Null
22:14:12.578,INFO,Unity,Null
22:14:12.581,INFO,Unity,Null
22:14:12.584,INFO,Unity,Null
22:14:12.587,INFO,Unity,Null
22:14:12.589,INFO,Unity,Null
22:14:12.592,INFO,Unity,Null
22:14:12.595,INFO,Unity,Null
22:14:12.598,INFO,Unity,Null
22:14:12.601,INFO,Unity,Null
22:14:12.603,INFO,Unity,Null
22:14:12.606,INFO,Unity,Null
22:14:12.609,INFO,Unity,Null
22:14:12.611,INFO,Unity,Null
22:14:12.614,INFO,Unity,Null
22:14:12.617,INFO,Unity,Null
22:14:12.619,INFO,Unity,Null
22:14:12.623,INFO,Unity,Null
22:14:12.625,INFO,Unity,Null
22:14:12.628,INFO,Unity,Null
22:14:12.632,INFO,Unity,Null
22:14:12.634,INFO,Unity,Null
22:14:12.637,INFO,Unity,Null
22:14:12.640,INFO,Unity,Null
22:14:12.642,INFO,Unity,Null
22:14:12.645,INFO,Unity,Null
22:14:12.647,INFO,Unity,Null
22:14:12.650,INFO,Unity,Null
22:14:12.653,INFO,Unity,Null
22:14:12.656,INFO,Unity,Null
22:14:12.661,INFO,Unity,Null
22:14:12.663,INFO,Unity,Null
22:14:12.666,INFO,Unity,Null
22:14:12.668,INFO,Unity,Null
22:14:12.671,INFO,Unity,Null
22:14:12.674,INFO,Unity,Null
22:14:12.676,INFO,Unity,Null
22:14:12.680,INFO,Unity,Null
22:14:12.682,INFO,Unity,Null
22:14:12.685,INFO,Unity,Null
22:14:12.687,INFO,Unity,Null
22:14:12.690,INFO,Unity,Null
22:14:12.693,INFO,Unity,Null
22:14:12.696,INFO,Unity,Null
22:14:12.698,INFO,Unity,Null
22:14:12.701,INFO,Unity,Null
22:14:12.703,INFO,Unity,Null
22:14:12.707,INFO,Unity,Null
22:14:12.709,INFO,Unity,Null
22:14:12.712,INFO,Unity,Null
22:14:12.715,INFO,Unity,Null
22:14:12.717,INFO,Unity,Null
22:14:12.720,INFO,Unity,Null
22:14:12.724,INFO,Unity,Null
22:14:12.726,INFO,Unity,Null
22:14:12.730,INFO,Unity,Null
22:14:12.732,INFO,Unity,Null
22:14:12.735,INFO,Unity,Null
22:14:12.737,INFO,Unity,Null
22:14:12.740,INFO,Unity,Null
22:14:12.742,INFO,Unity,Null
22:14:12.745,INFO,Unity,Null
22:14:12.748,INFO,Unity,Null
22:14:12.751,INFO,Unity,Null
22:14:12.754,INFO,Unity,Null
22:14:12.756,INFO,Unity,Null
22:14:12.759,INFO,Unity,Null
22:14:12.763,INFO,Unity,Null
22:14:12.765,INFO,Unity,Null
22:14:12.768,INFO,Unity,Null
22:14:12.771,INFO,Unity,Null
22:14:12.773,INFO,Unity,Null
22:14:12.776,INFO,Unity,Null
22:14:12.779,INFO,Unity,Null
22:14:12.781,INFO,Unity,Null
22:14:12.784,INFO,Unity,Null
22:14:12.786,INFO,Unity,Null
22:14:12.790,INFO,Unity,Null
22:14:12.792,INFO,Unity,Null
22:14:12.794,INFO,Unity,Null
22:14:12.798,INFO,Unity,Null
22:14:12.801,INFO,Unity,Null
22:14:12.803,INFO,Unity,Null
22:14:12.806,INFO,Unity,Null
22:14:12.808,INFO,Unity,Null
22:14:12.811,INFO,Unity,Null
22:14:12.814,INFO,Unity,Null
22:14:12.817,INFO,Unity,Null
22:14:12.820,INFO,Unity,Null
22:14:12.822,INFO,Unity,Null
22:14:12.825,INFO,Unity,Null
22:14:12.829,INFO,Unity,Null
22:14:12.831,INFO,Unity,Null
22:14:12.834,INFO,Unity,Null
22:14:12.837,INFO,Unity,Null
22:14:12.839,INFO,Unity,Null
22:14:12.842,INFO,Unity,Null
22:14:12.844,INFO,Unity,Null
22:14:12.847,INFO,Unity,Null
22:14:12.850,INFO,Unity,Null
22:14:12.853,INFO,Unity,Null
22:14:12.856,INFO,Unity,Null
22:14:12.859,INFO,Unity,Null
22:14:12.862,INFO,Unity,Null
22:14:12.865,INFO,Unity,Null
22:14:12.867,INFO,Unity,Null
22:14:12.871,INFO,Unity,Null
22:14:12.873,INFO,Unity,Null
22:14:12.876,INFO,Unity,Null
22:14:12.879,INFO,Unity,Null
22:14:12.883,INFO,Unity,Null
22:14:12.886,INFO,Unity,Null
22:14:12.890,INFO,Unity,Null
22:14:12.892,INFO,Unity,Null
22:14:12.895,INFO,Unity,Null
22:14:12.898,INFO,Unity,Null
22:14:12.901,INFO,Unity,Null
22:14:12.903,INFO,Unity,Null
22:14:12.906,INFO,Unity,Null
22:14:12.909,INFO,Unity,Null
22:14:12.913,INFO,Unity,Null
22:14:12.916,INFO,Unity,Null
22:14:12.919,INFO,Unity,Null
22:14:12.922,INFO,Unity,Null
22:14:12.925,INFO,Unity,Null
22:14:12.928,INFO,Unity,Null
22:14:12.931,INFO,Unity,Null
22:14:12.934,INFO,Unity,Null
22:14:12.936,INFO,Unity,Null
22:14:12.939,INFO,Unity,Null
22:14:12.942,INFO,Unity,Null
22:14:12.945,INFO,Unity,Null
22:14:12.948,INFO,Unity,Null
22:14:12.950,INFO,Unity,Null
22:14:12.954,INFO,Unity,Null
22:14:12.956,INFO,Unity,Null
22:14:12.959,INFO,Unity,Null
22:14:12.962,INFO,Unity,Null
22:14:12.965,INFO,Unity,Null
22:14:12.967,INFO,Unity,Null
22:14:12.971,INFO,Unity,Null
22:14:12.974,INFO,Unity,Null
22:14:12.976,INFO,Unity,Null
22:14:12.979,INFO,Unity,Null
22:14:12.982,INFO,Unity,Null
22:14:12.985,INFO,Unity,Null
22:14:12.988,INFO,Unity,Null
22:14:12.990,INFO,Unity,Null
22:14:12.993,INFO,Unity,Null
22:14:12.996,INFO,Unity,Null
22:14:13.000,INFO,Unity,Null
22:14:13.002,INFO,Unity,Null
22:14:13.005,INFO,Unity,Null
22:14:13.007,INFO,Unity,Null
22:14:13.010,INFO,Unity,Null
22:14:13.014,INFO,Unity,Null
22:14:13.016,INFO,Unity,Null
22:14:13.019,INFO,Unity,Null
22:14:13.022,INFO,Unity,Null
22:14:13.024,INFO,Unity,Null
22:14:13.027,INFO,Unity,Null
22:14:13.030,INFO,Unity,Null
22:14:13.034,INFO,Unity,Null
22:14:13.036,INFO,Unity,Null
22:14:13.039,INFO,Unity,Null
22:14:13.042,INFO,Unity,Null
22:14:13.045,INFO,Unity,Null
22:14:13.047,INFO,Unity,Null
22:14:13.050,INFO,Unity,Null
22:14:13.053,INFO,Unity,Null
22:14:13.056,INFO,Unity,Null
22:14:13.058,INFO,Unity,Null
22:14:13.061,INFO,Unity,Null
22:14:13.064,INFO,Unity,Null
22:14:13.067,INFO,Unity,Null
22:14:13.069,INFO,Unity,Null
22:14:13.073,INFO,Unity,Null
22:14:13.076,INFO,Unity,Null
22:14:13.078,INFO,Unity,Null
22:14:13.082,INFO,Unity,Null
22:14:13.085,INFO,Unity,Null
22:14:13.088,INFO,Unity,Null
22:14:13.090,INFO,Unity,Null
22:14:13.092,INFO,Unity,Null
22:14:13.096,INFO,Unity,Null
22:14:13.099,INFO,Unity,Null
22:14:13.102,INFO,Unity,Null
22:14:13.105,INFO,Unity,Null
22:14:13.107,INFO,Unity,Null
22:14:13.111,INFO,Unity,Null
22:14:13.113,INFO,Unity,Null
22:14:13.117,INFO,Unity,Null
22:14:13.119,INFO,Unity,Null
22:14:13.122,INFO,Unity,Null
22:14:13.125,INFO,Unity,Null
22:14:13.129,INFO,Unity,Null
22:14:13.131,INFO,Unity,Null
22:14:13.134,INFO,Unity,Null
22:14:13.137,INFO,Unity,Null
22:14:13.140,INFO,Unity,Null
22:14:13.142,INFO,Unity,Null
22:14:13.146,INFO,Unity,Null
22:14:13.148,INFO,Unity,Null
22:14:13.151,INFO,Unity,Null
22:14:13.154,INFO,Unity,Null
22:14:13.156,INFO,Unity,Null
22:14:13.159,INFO,Unity,Null
22:14:13.162,INFO,Unity,Null
22:14:13.164,INFO,Unity,Null
22:14:13.168,INFO,Unity,Null
22:14:13.170,INFO,Unity,Null
22:14:13.173,INFO,Unity,Null
22:14:13.176,INFO,Unity,Null
22:14:13.178,INFO,Unity,Null
22:14:13.181,INFO,Unity,Null
22:14:13.184,INFO,Unity,Null
22:14:13.187,INFO,Unity,Null
22:14:13.189,INFO,Unity,Null
22:14:13.192,INFO,Unity,Null
22:14:13.196,INFO,Unity,Null
22:14:13.199,INFO,Unity,Null
22:14:13.202,INFO,Unity,Null
22:14:13.204,INFO,Unity,Null
22:14:13.207,INFO,Unity,Null
22:14:13.210,INFO,Unity,Null
22:14:13.213,INFO,Unity,Null
22:14:13.216,INFO,Unity,Null
22:14:13.218,INFO,Unity,Null
22:14:13.221,INFO,Unity,Null
22:14:13.224,INFO,Unity,Null
22:14:13.227,INFO,Unity,Null
22:14:13.230,INFO,Unity,Null
22:14:13.233,INFO,Unity,Null
22:14:13.236,INFO,Unity,Null
22:14:13.239,INFO,Unity,Null
22:14:13.242,INFO,Unity,Null
22:14:13.243,INFO,Unity,Null
22:14:13.247,INFO,Unity,Null
22:14:13.250,INFO,Unity,Null
22:14:13.252,INFO,Unity,Null
22:14:13.256,INFO,Unity,Null
22:14:13.258,INFO,Unity,Null
22:14:13.263,INFO,Unity,Null
22:14:13.265,INFO,Unity,Null
22:14:13.268,INFO,Unity,Null
22:14:13.272,INFO,Unity,Null
22:14:13.274,INFO,Unity,Null
22:14:13.277,INFO,Unity,Null
22:14:13.279,INFO,Unity,Null
22:14:13.282,INFO,Unity,Null
22:14:13.285,INFO,Unity,Null
22:14:13.288,INFO,Unity,Null
22:14:13.290,INFO,Unity,Null
22:14:13.295,INFO,Unity,Null
22:14:13.298,INFO,Unity,Null
22:14:13.301,INFO,Unity,Null
22:14:13.303,INFO,Unity,Null
22:14:13.306,INFO,Unity,Null
22:14:13.308,INFO,Unity,Null
22:14:13.312,INFO,Unity,Null
22:14:13.315,INFO,Unity,Null
22:14:13.318,INFO,Unity,Null
22:14:13.321,INFO,Unity,Null
22:14:13.323,INFO,Unity,Null
22:14:13.325,INFO,Unity,Null
22:14:13.329,INFO,Unity,Null
22:14:13.331,INFO,Unity,Null
22:14:13.335,INFO,Unity,Null
22:14:13.337,INFO,Unity,Null
22:14:13.340,INFO,Unity,Null
22:14:13.343,INFO,Unity,Null
22:14:13.345,INFO,Unity,Null
22:14:13.348,INFO,Unity,Null
22:14:13.350,INFO,Unity,Null
22:14:13.354,INFO,Unity,Null
22:14:13.357,INFO,Unity,Null
22:14:13.359,INFO,Unity,Null
22:14:13.362,INFO,Unity,Null
22:14:13.365,INFO,Unity,Null
22:14:13.367,INFO,Unity,Null
22:14:13.370,INFO,Unity,Null
22:14:13.373,INFO,Unity,Null
22:14:13.376,INFO,Unity,Null
22:14:13.378,INFO,Unity,Null
22:14:13.382,INFO,Unity,Null
22:14:13.384,INFO,Unity,Null
22:14:13.387,INFO,Unity,Null
22:14:13.389,INFO,Unity,Null
22:14:13.392,INFO,Unity,Null
22:14:13.395,INFO,Unity,Null
22:14:13.398,INFO,Unity,Null
22:14:13.402,INFO,Unity,Null
22:14:13.403,INFO,Unity,Null
22:14:13.407,INFO,Unity,Null
22:14:13.409,INFO,Unity,Null
22:14:13.412,INFO,Unity,Null
22:14:13.415,INFO,Unity,Null
22:14:13.418,INFO,Unity,Null
22:14:13.421,INFO,Unity,Null
22:14:13.424,INFO,Unity,Null
22:14:13.426,INFO,Unity,Null
22:14:13.430,INFO,Unity,Null
22:14:13.432,INFO,Unity,Null
22:14:13.435,INFO,Unity,Null
22:14:13.438,INFO,Unity,Null
22:14:13.441,INFO,Unity,Null
22:14:13.443,INFO,Unity,Null
22:14:13.447,INFO,Unity,Null
22:14:13.450,INFO,Unity,Null
22:14:13.451,INFO,Unity,Null
22:14:13.455,INFO,Unity,Null
22:14:13.457,INFO,Unity,Null
22:14:13.461,INFO,Unity,Null
22:14:13.463,INFO,Unity,Null
22:14:13.466,INFO,Unity,Null
22:14:13.469,INFO,Unity,Null
22:14:13.472,INFO,Unity,Null
22:14:13.475,INFO,Unity,Null
22:14:13.477,INFO,Unity,Null
22:14:13.481,INFO,Unity,Null
22:14:13.483,INFO,Unity,Null
22:14:13.486,INFO,Unity,Null
22:14:13.489,INFO,Unity,Null
22:14:13.491,INFO,Unity,Null
22:14:13.494,INFO,Unity,Null
22:14:13.497,INFO,Unity,Null
22:14:13.500,INFO,Unity,Null
22:14:13.502,INFO,Unity,Null
22:14:13.505,INFO,Unity,Null
22:14:13.508,INFO,Unity,Null
22:14:13.511,INFO,Unity,Null
22:14:13.514,INFO,Unity,Null
22:14:13.517,INFO,Unity,Null
22:14:13.519,INFO,Unity,Null
22:14:13.522,INFO,Unity,Null
22:14:13.525,INFO,Unity,Null
22:14:13.528,INFO,Unity,Null
22:14:13.530,INFO,Unity,Null
22:14:13.534,INFO,Unity,Null
22:14:13.537,INFO,Unity,Null
22:14:13.539,INFO,Unity,Null
22:14:13.542,INFO,Unity,Null
22:14:13.544,INFO,Unity,Null
22:14:13.547,INFO,Unity,Null
22:14:13.550,INFO,Unity,Null
22:14:13.552,INFO,Unity,Null
22:14:13.556,INFO,Unity,Null
22:14:13.558,INFO,Unity,Null
22:14:13.561,INFO,Unity,Null
22:14:13.564,INFO,Unity,Null
22:14:13.567,INFO,Unity,Null
22:14:13.569,INFO,Unity,Null
22:14:13.572,INFO,Unity,Null
22:14:13.575,INFO,Unity,Null
22:14:13.577,INFO,Unity,Null
22:14:13.581,INFO,Unity,Null
22:14:13.583,INFO,Unity,Null
22:14:13.586,INFO,Unity,Null
22:14:13.589,INFO,Unity,Null
22:14:13.592,INFO,Unity,Null
22:14:13.593,INFO,Unity,Null
22:14:13.597,INFO,Unity,Null
22:14:13.600,INFO,Unity,Null
22:14:13.603,INFO,Unity,Null
22:14:13.606,INFO,Unity,Null
22:14:13.608,INFO,Unity,Null
22:14:13.611,INFO,Unity,Null
22:14:13.614,INFO,Unity,Null
22:14:13.616,INFO,Unity,Null
22:14:13.620,INFO,Unity,Null
22:14:13.622,INFO,Unity,Null
22:14:13.625,INFO,Unity,Null
22:14:13.627,INFO,Unity,Null
22:14:13.630,INFO,Unity,Null
22:14:13.633,INFO,Unity,Null
22:14:13.636,INFO,Unity,Null
22:14:13.638,INFO,Unity,Null
22:14:13.641,INFO,Unity,Null
22:14:13.644,INFO,Unity,Null
22:14:13.647,INFO,Unity,Null
22:14:13.650,INFO,Unity,Null
22:14:13.652,INFO,Unity,Null
22:14:13.655,INFO,Unity,Null
22:14:13.658,INFO,Unity,Null
22:14:13.661,INFO,Unity,Null
22:14:13.664,INFO,Unity,Null
22:14:13.666,INFO,Unity,Null
22:14:13.669,INFO,Unity,Null
22:14:13.671,INFO,Unity,Null
22:14:13.674,INFO,Unity,Null
22:14:13.677,INFO,Unity,Null
22:14:13.680,INFO,Unity,Null
22:14:13.683,INFO,Unity,Null
22:14:13.686,INFO,Unity,Null
22:14:13.688,INFO,Unity,Null
22:14:13.691,INFO,Unity,Null
22:14:13.694,INFO,Unity,Null
22:14:13.696,INFO,Unity,Null
22:14:13.699,INFO,Unity,Null
22:14:13.702,INFO,Unity,Null
22:14:13.705,INFO,Unity,Null
22:14:13.708,INFO,Unity,Null
22:14:13.711,INFO,Unity,Null
22:14:13.713,INFO,Unity,Null
22:14:13.717,INFO,Unity,Null
22:14:13.719,INFO,Unity,Null
22:14:13.722,INFO,Unity,Null
22:14:13.724,INFO,Unity,Null
22:14:13.728,INFO,Unity,Null
22:14:13.731,INFO,Unity,Null
22:14:13.734,INFO,Unity,Null
22:14:13.737,INFO,Unity,Null
22:14:13.739,INFO,Unity,Null
22:14:13.741,INFO,Unity,Null
22:14:13.744,INFO,Unity,Null
22:14:13.748,INFO,Unity,Null
22:14:13.750,INFO,Unity,Null
22:14:13.753,INFO,Unity,Null
22:14:13.756,INFO,Unity,Null
22:14:13.758,INFO,Unity,Null
22:14:13.762,INFO,Unity,Null
22:14:13.764,INFO,Unity,Null
22:14:13.767,INFO,Unity,Null
22:14:13.770,INFO,Unity,Null
22:14:13.773,INFO,Unity,Null
22:14:13.775,INFO,Unity,Null
22:14:13.778,INFO,Unity,Null
22:14:13.781,INFO,Unity,Null
22:14:13.784,INFO,Unity,Null
22:14:13.786,INFO,Unity,Null
22:14:13.790,INFO,Unity,Null
22:14:13.797,INFO,Unity,Null
22:14:13.800,INFO,Unity,Null
22:14:13.803,INFO,Unity,Null
22:14:13.806,INFO,Unity,Null
22:14:13.809,INFO,Unity,Null
22:14:13.811,INFO,Unity,Null
22:14:13.814,INFO,Unity,Null
22:14:13.817,INFO,Unity,Null
22:14:13.820,INFO,Unity,Null
22:14:13.822,INFO,Unity,Null
22:14:13.825,INFO,Unity,Null
22:14:13.829,INFO,Unity,Null
22:14:13.830,INFO,Unity,Null
22:14:13.834,INFO,Unity,Null
22:14:13.836,INFO,Unity,Null
22:14:13.840,INFO,Unity,Null
22:14:13.842,INFO,Unity,Null
22:14:13.845,INFO,Unity,Null
22:14:13.848,INFO,Unity,Null
22:14:13.850,INFO,Unity,Null
22:14:13.853,INFO,Unity,Null
22:14:13.855,INFO,Unity,Null
22:14:13.858,INFO,Unity,Null
22:14:13.862,INFO,Unity,Null
22:14:13.864,INFO,Unity,Null
22:14:13.867,INFO,Unity,Null
22:14:13.869,INFO,Unity,Null
22:14:13.872,INFO,Unity,Null
22:14:13.874,INFO,Unity,Null
22:14:13.878,INFO,Unity,Null
22:14:13.880,INFO,Unity,Null
22:14:13.883,INFO,Unity,Null
22:14:13.885,INFO,Unity,Null
22:14:13.889,INFO,Unity,Null
22:14:13.891,INFO,Unity,Null
22:14:13.894,INFO,Unity,Null
22:14:13.897,INFO,Unity,Null
22:14:13.900,INFO,Unity,Null
22:14:13.902,INFO,Unity,Null
22:14:13.905,INFO,Unity,Null
22:14:13.908,INFO,Unity,Null
22:14:13.911,INFO,Unity,Null
22:14:13.913,INFO,Unity,Null
22:14:13.917,INFO,Unity,Null
22:14:13.921,INFO,Unity,Null
22:14:13.923,INFO,Unity,Null
22:14:13.926,INFO,Unity,Null
22:14:13.927,INFO,Unity,Null
22:14:13.930,INFO,Unity,Null
22:14:13.934,INFO,Unity,Null
22:14:13.937,INFO,Unity,Null
22:14:13.939,INFO,Unity,Null
22:14:13.942,INFO,Unity,Null
22:14:13.945,INFO,Unity,Null
22:14:13.948,INFO,Unity,Null
22:14:13.951,INFO,Unity,Null
22:14:13.954,INFO,Unity,Null
22:14:13.958,INFO,Unity,Null
22:14:13.961,INFO,Unity,Null
22:14:13.965,INFO,Unity,Null
22:14:13.967,INFO,Unity,Null
22:14:13.970,INFO,Unity,Null
22:14:13.974,INFO,Unity,Null
22:14:13.977,INFO,Unity,Null
22:14:13.981,INFO,Unity,Null
22:14:13.984,INFO,Unity,Null
22:14:13.988,INFO,Unity,Null
22:14:13.990,INFO,Unity,Null
22:14:13.994,INFO,Unity,Null
22:14:13.997,INFO,Unity,Null
22:14:14.001,INFO,Unity,Null
22:14:14.004,INFO,Unity,Null
22:14:14.007,INFO,Unity,Null
22:14:14.009,INFO,Unity,Null
22:14:14.014,INFO,Unity,Null
22:14:14.016,INFO,Unity,Null
22:14:14.021,INFO,Unity,Null
22:14:14.023,INFO,Unity,Null
22:14:14.027,INFO,Unity,Null
22:14:14.030,INFO,Unity,Null
22:14:14.034,INFO,Unity,Null
22:14:14.036,INFO,Unity,Null
22:14:14.039,INFO,Unity,Null
22:14:14.043,INFO,Unity,Null
22:14:14.046,INFO,Unity,Null
22:14:14.050,INFO,Unity,Null
22:14:14.053,INFO,Unity,Null
22:14:14.056,INFO,Unity,Null
22:14:14.062,INFO,Unity,Null
22:14:14.066,INFO,Unity,Null
22:14:14.069,INFO,Unity,Null
22:14:14.072,INFO,Unity,Null
22:14:14.075,INFO,Unity,Null
22:14:14.079,INFO,Unity,Null
22:14:14.082,INFO,Unity,Null
22:14:14.086,INFO,Unity,Null
22:14:14.088,INFO,Unity,Null
22:14:14.092,INFO,Unity,Null
22:14:14.096,INFO,Unity,Null
22:14:14.100,INFO,Unity,Null
22:14:14.103,INFO,Unity,Null
22:14:14.106,INFO,Unity,Null
22:14:14.110,INFO,Unity,Null
22:14:14.113,INFO,Unity,Null
22:14:14.115,INFO,Unity,Null
22:14:14.119,INFO,Unity,Null
22:14:14.123,INFO,Unity,Null
22:14:14.126,INFO,Unity,Null
22:14:14.129,INFO,Unity,Null
22:14:14.133,INFO,Unity,Null
22:14:14.137,INFO,Unity,Null
22:14:14.140,INFO,Unity,Null
22:14:14.143,INFO,Unity,Null
22:14:14.146,INFO,Unity,Null
22:14:14.148,INFO,Unity,Null
22:14:14.152,INFO,Unity,Null
22:14:14.155,INFO,Unity,Null
22:14:14.158,INFO,Unity,Null
22:14:14.162,INFO,Unity,Null
22:14:14.165,INFO,Unity,Null
22:14:14.167,INFO,Unity,Null
22:14:14.171,INFO,Unity,Null
22:14:14.174,INFO,Unity,Null
22:14:14.176,INFO,Unity,Null
22:14:14.180,INFO,Unity,Null
22:14:14.182,INFO,Unity,Null
22:14:14.185,INFO,Unity,Null
22:14:14.187,INFO,Unity,Null
22:14:14.190,INFO,Unity,Null
22:14:14.192,INFO,Unity,Null
22:14:14.196,INFO,Unity,Null
22:14:14.199,INFO,Unity,Null
22:14:14.201,INFO,Unity,Null
22:14:14.203,INFO,Unity,Null
22:14:14.206,INFO,Unity,Null
22:14:14.209,INFO,Unity,Null
22:14:14.211,INFO,Unity,Null
22:14:14.215,INFO,Unity,Null
22:14:14.218,INFO,Unity,Null
22:14:14.221,INFO,Unity,Null
22:14:14.224,INFO,Unity,Null
22:14:14.228,INFO,Unity,Null
22:14:14.231,INFO,Unity,Null
22:14:14.233,INFO,Unity,Null
22:14:14.237,INFO,Unity,Null
22:14:14.241,INFO,Unity,Null
22:14:14.244,INFO,Unity,Null
22:14:14.248,INFO,Unity,Null
22:14:14.251,INFO,Unity,Null
22:14:14.253,INFO,Unity,Null
22:14:14.257,INFO,Unity,Null
22:14:14.259,INFO,Unity,Null
22:14:14.263,INFO,Unity,Null
22:14:14.265,INFO,Unity,Null
22:14:14.268,INFO,Unity,Null
22:14:14.271,INFO,Unity,Null
22:14:14.273,INFO,Unity,Null
22:14:14.277,INFO,Unity,Null
22:14:14.281,INFO,Unity,Null
22:14:14.283,INFO,Unity,Null
22:14:14.287,INFO,Unity,Null
22:14:14.290,INFO,Unity,Null
22:14:14.294,INFO,Unity,Null
22:14:14.297,INFO,Unity,Null
22:14:14.300,INFO,Unity,Null
22:14:14.303,INFO,Unity,Null
22:14:14.306,INFO,Unity,Null
22:14:14.309,INFO,Unity,Null
22:14:14.312,INFO,Unity,Null
22:14:14.316,INFO,Unity,Null
22:14:14.319,INFO,Unity,Null
22:14:14.322,INFO,Unity,Null
22:14:14.325,INFO,Unity,Null
22:14:14.327,INFO,Unity,Null
22:14:14.331,INFO,Unity,Null
22:14:14.333,INFO,Unity,Null
22:14:14.337,INFO,Unity,Null
22:14:14.339,INFO,Unity,Null
22:14:14.342,INFO,Unity,Null
22:14:14.345,INFO,Unity,Null
22:14:14.347,INFO,Unity,Null
22:14:14.350,INFO,Unity,Null
22:14:14.353,INFO,Unity,Null
22:14:14.356,INFO,Unity,Null
22:14:14.358,INFO,Unity,Null
22:14:14.361,INFO,Unity,Null
22:14:14.364,INFO,Unity,Null
22:14:14.367,INFO,Unity,Null
22:14:14.369,INFO,Unity,Null
22:14:14.372,INFO,Unity,Null
22:14:14.375,INFO,Unity,Null
22:14:14.379,INFO,Unity,Null
22:14:14.381,INFO,Unity,Null
22:14:14.384,INFO,Unity,Null
22:14:14.386,INFO,Unity,Null
22:14:14.389,INFO,Unity,Null
22:14:14.392,INFO,Unity,Null
22:14:14.395,INFO,Unity,Null
22:14:14.398,INFO,Unity,Null
22:14:14.400,INFO,Unity,Null
22:14:14.404,INFO,Unity,Null
22:14:14.406,INFO,Unity,Null
22:14:14.409,INFO,Unity,Null
22:14:14.412,INFO,Unity,Null
22:14:14.414,INFO,Unity,Null
22:14:14.416,INFO,Unity,Null
22:14:14.420,INFO,Unity,Null
22:14:14.423,INFO,Unity,Null
22:14:14.426,INFO,Unity,Null
22:14:14.429,INFO,Unity,Null
22:14:14.431,INFO,Unity,Null
22:14:14.434,INFO,Unity,Null
22:14:14.437,INFO,Unity,Null
22:14:14.440,INFO,Unity,Null
22:14:14.444,INFO,Unity,Null
22:14:14.447,INFO,Unity,Null
22:14:14.450,INFO,Unity,Null
22:14:14.453,INFO,Unity,Null
22:14:14.456,INFO,Unity,Null
22:14:14.459,INFO,Unity,Null
22:14:14.462,INFO,Unity,Null
22:14:14.464,INFO,Unity,Null
22:14:14.467,INFO,Unity,Null
22:14:14.470,INFO,Unity,Null
22:14:14.473,INFO,Unity,Null
22:14:14.476,INFO,Unity,Null
22:14:14.478,INFO,Unity,Null
22:14:14.481,INFO,Unity,Null
22:14:14.483,INFO,Unity,Null
22:14:14.487,INFO,Unity,Null
22:14:14.489,INFO,Unity,Null
22:14:14.492,INFO,Unity,Null
22:14:14.496,INFO,Unity,Null
22:14:14.499,INFO,Unity,Null
22:14:14.502,INFO,Unity,Null
22:14:14.505,INFO,Unity,Null
22:14:14.509,INFO,Unity,Null
22:14:14.512,INFO,Unity,Null
22:14:14.515,INFO,Unity,Null
22:14:14.518,INFO,Unity,Null
22:14:14.522,INFO,Unity,Null
22:14:14.526,INFO,Unity,Null
22:14:14.529,INFO,Unity,Null
22:14:14.532,INFO,Unity,Null
22:14:14.536,INFO,Unity,Null
22:14:14.539,INFO,Unity,Null
22:14:14.543,INFO,Unity,Null
22:14:14.547,INFO,Unity,Null
22:14:14.550,INFO,Unity,Null
22:14:14.553,INFO,Unity,Null
22:14:14.557,INFO,Unity,Null
22:14:14.560,INFO,Unity,Null
22:14:14.563,INFO,Unity,Null
22:14:14.566,INFO,Unity,Null
22:14:14.569,INFO,Unity,Null
22:14:14.572,INFO,Unity,Null
22:14:14.576,INFO,Unity,Null
22:14:14.579,INFO,Unity,Null
22:14:14.582,INFO,Unity,Null
22:14:14.585,INFO,Unity,Null
22:14:14.588,INFO,Unity,Null
22:14:14.591,INFO,Unity,Null
22:14:14.595,INFO,Unity,Null
22:14:14.600,INFO,Unity,Null
22:14:14.604,INFO,Unity,Null
22:14:14.607,INFO,Unity,Null
22:14:14.611,INFO,Unity,Null
22:14:14.614,INFO,Unity,Null
22:14:14.620,INFO,Unity,Null
22:14:14.623,INFO,Unity,Null
22:14:14.627,INFO,Unity,Null
22:14:14.630,INFO,Unity,Null
22:14:14.634,INFO,Unity,Null
22:14:14.638,INFO,Unity,Null
22:14:14.640,INFO,Unity,Null
22:14:14.644,INFO,Unity,Null
22:14:14.647,INFO,Unity,Null
22:14:14.651,INFO,Unity,Null
22:14:14.654,INFO,Unity,Null
22:14:14.657,INFO,Unity,Null
22:14:14.659,INFO,Unity,Null
22:14:14.662,INFO,Unity,Null
22:14:14.666,INFO,Unity,Null
22:14:14.668,INFO,Unity,Null
22:14:14.671,INFO,Unity,Null
22:14:14.674,INFO,Unity,Null
22:14:14.677,INFO,Unity,Null
22:14:14.679,INFO,Unity,Null
22:14:14.682,INFO,Unity,Null
22:14:14.685,INFO,Unity,Null
22:14:14.688,INFO,Unity,Null
22:14:14.690,INFO,Unity,Null
22:14:14.694,INFO,Unity,Null
22:14:14.696,INFO,Unity,Null
22:14:14.699,INFO,Unity,Null
22:14:14.702,INFO,Unity,Null
22:14:14.705,INFO,Unity,Null
22:14:14.707,INFO,Unity,Null
22:14:14.711,INFO,Unity,Null
22:14:14.715,INFO,Unity,Null
22:14:14.718,INFO,Unity,Null
22:14:14.722,INFO,Unity,Null
22:14:14.726,INFO,Unity,Null
22:14:14.730,INFO,Unity,Null
22:14:14.734,INFO,Unity,Null
22:14:14.738,INFO,Unity,Null
22:14:14.741,INFO,Unity,Null
22:14:14.745,INFO,Unity,Null
22:14:14.748,INFO,Unity,Null
22:14:14.751,INFO,Unity,Null
22:14:14.755,INFO,Unity,Null
22:14:14.759,INFO,Unity,Null
22:14:14.763,INFO,Unity,Null
22:14:14.767,INFO,Unity,Null
22:14:14.771,INFO,Unity,Null
22:14:14.774,INFO,Unity,Null
22:14:14.776,INFO,Unity,Null
22:14:14.781,INFO,Unity,Null
22:14:14.784,INFO,Unity,Null
22:14:14.788,INFO,Unity,Null
22:14:14.790,INFO,Unity,Null
22:14:14.795,INFO,Unity,Null
22:14:14.799,INFO,Unity,Null
22:14:14.802,INFO,Unity,Null
22:14:14.806,INFO,Unity,Null
22:14:14.808,INFO,Unity,Null
22:14:14.813,INFO,Unity,Null
22:14:14.817,INFO,Unity,Null
22:14:14.819,INFO,Unity,Null
22:14:14.823,INFO,Unity,Null
22:14:14.825,INFO,Unity,Null
22:14:14.830,INFO,Unity,Null
22:14:14.832,INFO,Unity,Null
22:14:14.836,INFO,Unity,Null
22:14:14.838,INFO,Unity,Null
22:14:14.842,INFO,Unity,Null
22:14:14.844,INFO,Unity,Null
22:14:14.848,INFO,Unity,Null
22:14:14.851,INFO,Unity,Null
22:14:14.853,INFO,Unity,Null
22:14:14.857,INFO,Unity,Null
22:14:14.859,INFO,Unity,Null
22:14:14.862,INFO,Unity,Null
22:14:14.864,INFO,Unity,Null
22:14:14.869,INFO,Unity,Null
22:14:14.871,INFO,Unity,Null
22:14:14.873,INFO,Unity,Null
22:14:14.876,INFO,Unity,Null
22:14:14.880,INFO,Unity,Null
22:14:14.882,INFO,Unity,Null
22:14:14.884,INFO,Unity,Null
22:14:14.888,INFO,Unity,Null
22:14:14.890,INFO,Unity,Null
22:14:14.893,INFO,Unity,Null
22:14:14.895,INFO,Unity,Null
22:14:14.899,INFO,Unity,Null
22:14:14.901,INFO,Unity,Null
22:14:14.903,INFO,Unity,Null
22:14:14.907,INFO,Unity,Null
22:14:14.910,INFO,Unity,Null
22:14:14.912,INFO,Unity,Null
22:14:14.915,INFO,Unity,Null
22:14:14.918,INFO,Unity,Null
22:14:14.920,INFO,Unity,Null
22:14:14.923,INFO,Unity,Null
22:14:14.926,INFO,Unity,Null
22:14:14.930,INFO,Unity,Null
22:14:14.932,INFO,Unity,Null
22:14:14.935,INFO,Unity,Null
22:14:14.938,INFO,Unity,Null
22:14:14.940,INFO,Unity,Null
22:14:14.943,INFO,Unity,Null
22:14:14.946,INFO,Unity,Null
22:14:14.949,INFO,Unity,Null
22:14:14.950,INFO,Unity,Null
22:14:14.954,INFO,Unity,Null
22:14:14.957,INFO,Unity,Null
22:14:14.959,INFO,Unity,Null
22:14:14.962,INFO,Unity,Null
22:14:14.964,INFO,Unity,Null
22:14:14.967,INFO,Unity,Null
22:14:14.970,INFO,Unity,Null
22:14:14.972,INFO,Unity,Null
22:14:14.976,INFO,Unity,Null
22:14:14.979,INFO,Unity,Null
22:14:14.981,INFO,Unity,Null
22:14:14.985,INFO,Unity,Null
22:14:14.990,INFO,Unity,Null
22:14:14.993,INFO,Unity,Null
22:14:14.996,INFO,Unity,Null
22:14:14.998,INFO,Unity,Null
22:14:15.001,INFO,Unity,Null
22:14:15.004,INFO,Unity,Null
22:14:15.006,INFO,Unity,Null
22:14:15.009,INFO,Unity,Null
22:14:15.012,INFO,Unity,Null
22:14:15.015,INFO,Unity,Null
22:14:15.018,INFO,Unity,Null
22:14:15.021,INFO,Unity,Null
22:14:15.023,INFO,Unity,Null
22:14:15.027,INFO,Unity,Null
22:14:15.029,INFO,Unity,Null
22:14:15.033,INFO,Unity,Null
22:14:15.036,INFO,Unity,Null
22:14:15.040,INFO,Unity,Null
22:14:15.042,INFO,Unity,Null
22:14:15.046,INFO,Unity,Null
22:14:15.049,INFO,Unity,Null
22:14:15.052,INFO,Unity,Null
22:14:15.056,INFO,Unity,Null
22:14:15.058,INFO,Unity,Null
22:14:15.061,INFO,Unity,Null
22:14:15.065,INFO,Unity,Null
22:14:15.067,INFO,Unity,Null
22:14:15.071,INFO,Unity,Null
22:14:15.074,INFO,Unity,Null
22:14:15.077,INFO,Unity,Null
22:14:15.080,INFO,Unity,Null
22:14:15.084,INFO,Unity,Null
22:14:15.087,INFO,Unity,Null
22:14:15.090,INFO,Unity,Null
22:14:15.092,INFO,Unity,Null
22:14:15.097,INFO,Unity,Null
22:14:15.100,INFO,Unity,Null
22:14:15.103,INFO,Unity,Null
22:14:15.106,INFO,Unity,Null
22:14:15.108,INFO,Unity,Null
22:14:15.113,INFO,Unity,Null
22:14:15.116,INFO,Unity,Null
22:14:15.118,INFO,Unity,Null
22:14:15.122,INFO,Unity,Null
22:14:15.125,INFO,Unity,Null
22:14:15.129,INFO,Unity,Null
22:14:15.132,INFO,Unity,Null
22:14:15.136,INFO,Unity,Null
22:14:15.139,INFO,Unity,Null
22:14:15.142,INFO,Unity,Null
22:14:15.145,INFO,Unity,Null
22:14:15.149,INFO,Unity,Null
22:14:15.152,INFO,Unity,Null
22:14:15.155,INFO,Unity,Null
22:14:15.157,INFO,Unity,Null
22:14:15.161,INFO,Unity,Null
22:14:15.165,INFO,Unity,Null
22:14:15.168,INFO,Unity,Null
22:14:15.170,INFO,Unity,Null
22:14:15.174,INFO,Unity,Null
22:14:15.177,INFO,Unity,Null
22:14:15.180,INFO,Unity,Null
22:14:15.182,INFO,Unity,Null
22:14:15.186,INFO,Unity,Null
22:14:15.189,INFO,Unity,Null
22:14:15.191,INFO,Unity,Null
22:14:15.195,INFO,Unity,Null
22:14:15.197,INFO,Unity,Null
22:14:15.200,INFO,Unity,Null
22:14:15.203,INFO,Unity,Null
22:14:15.205,INFO,Unity,Null
22:14:15.208,INFO,Unity,Null
22:14:15.210,INFO,Unity,Null
22:14:15.213,INFO,Unity,Null
22:14:15.215,INFO,Unity,Null
22:14:15.217,INFO,Unity,Null
22:14:15.220,INFO,Unity,Null
22:14:15.224,INFO,Unity,Null
22:14:15.226,INFO,Unity,Null
22:14:15.230,INFO,Unity,Null
22:14:15.232,INFO,Unity,Null
22:14:15.234,INFO,Unity,Null
22:14:15.237,INFO,Unity,Null
22:14:15.239,INFO,Unity,Null
22:14:15.242,INFO,Unity,Null
22:14:15.245,INFO,Unity,Null
22:14:15.247,INFO,Unity,Null
22:14:15.250,INFO,Unity,Null
22:14:15.253,INFO,Unity,Null
22:14:15.256,INFO,Unity,Null
22:14:15.258,INFO,Unity,Null
22:14:15.261,INFO,Unity,Null
22:14:15.264,INFO,Unity,Null
22:14:15.266,INFO,Unity,Null
22:14:15.269,INFO,Unity,Null
22:14:15.272,INFO,Unity,Null
22:14:15.275,INFO,Unity,Null
22:14:15.277,INFO,Unity,Null
22:14:15.280,INFO,Unity,Null
22:14:15.283,INFO,Unity,Null
22:14:15.285,INFO,Unity,Null
22:14:15.288,INFO,Unity,Null
22:14:15.290,INFO,Unity,Null
22:14:15.294,INFO,Unity,Null
22:14:15.296,INFO,Unity,Null
22:14:15.299,INFO,Unity,Null
22:14:15.301,INFO,Unity,Null
22:14:15.305,INFO,Unity,Null
22:14:15.307,INFO,Unity,Null
22:14:15.310,INFO,Unity,Null
22:14:15.313,INFO,Unity,Null
22:14:15.315,INFO,Unity,Null
22:14:15.318,INFO,Unity,Null
22:14:15.320,INFO,Unity,Null
22:14:15.323,INFO,Unity,Null
22:14:15.325,INFO,Unity,Null
22:14:15.330,INFO,Unity,Null
22:14:15.332,INFO,Unity,Null
22:14:15.334,INFO,Unity,Null
22:14:15.338,INFO,Unity,Null
22:14:15.340,INFO,Unity,Null
22:14:15.342,INFO,Unity,Null
22:14:15.345,INFO,Unity,Null
22:14:15.348,INFO,Unity,Null
22:14:15.350,INFO,Unity,Null
22:14:15.354,INFO,Unity,Null
22:14:15.356,INFO,Unity,Null
22:14:15.369,INFO,Unity,Null
22:14:15.455,INFO,Unity,Null
22:14:15.461,INFO,Unity,Null
22:14:15.467,INFO,Unity,Null
22:14:15.471,INFO,Unity,Null
22:14:15.478,INFO,Unity,Null
22:14:15.483,INFO,Unity,Null
22:14:15.488,INFO,Unity,Null
22:14:15.493,INFO,Unity,Null
22:14:15.499,INFO,Unity,Null
22:14:15.504,INFO,Unity,Null
22:14:15.510,INFO,Unity,Null
22:14:15.515,INFO,Unity,Null
22:14:15.522,INFO,Unity,Null
22:14:15.528,INFO,Unity,Null
22:14:15.534,INFO,Unity,Null
22:14:15.539,INFO,Unity,Null
22:14:15.544,INFO,Unity,Null
22:14:15.551,INFO,Unity,Null
22:14:15.556,INFO,Unity,Null
22:14:15.561,INFO,Unity,Null
22:14:15.567,INFO,Unity,Null
22:14:15.571,INFO,Unity,Null
22:14:15.577,INFO,Unity,Null
22:14:15.582,INFO,Unity,Null
22:14:15.587,INFO,Unity,Null
22:14:15.592,INFO,Unity,Null
22:14:15.599,INFO,Unity,Null
22:14:15.605,INFO,Unity,Null
22:14:15.610,INFO,Unity,Null
22:14:15.616,INFO,Unity,Null
22:14:15.621,INFO,Unity,Null
22:14:15.626,INFO,Unity,Null
22:14:15.631,INFO,Unity,Null
22:14:15.636,INFO,Unity,Null
22:14:15.641,INFO,Unity,Null
22:14:15.646,INFO,Unity,Null
22:14:15.652,INFO,Unity,Null
22:14:15.657,INFO,Unity,Null
22:14:15.662,INFO,Unity,Null
22:14:15.666,INFO,Unity,Null
22:14:15.672,INFO,Unity,Null
22:14:15.677,INFO,Unity,Null
22:14:15.682,INFO,Unity,Null
22:14:15.687,INFO,Unity,Null
22:14:15.692,INFO,Unity,Null
22:14:15.697,INFO,Unity,Null
22:14:15.702,INFO,Unity,Null
22:14:15.706,INFO,Unity,Null
22:14:15.712,INFO,Unity,Null
22:14:15.717,INFO,Unity,Null
22:14:15.722,INFO,Unity,Null
22:14:15.727,INFO,Unity,Null
22:14:15.734,INFO,Unity,Null
22:14:15.740,INFO,Unity,Null
22:14:15.746,INFO,Unity,Null
22:14:15.751,INFO,Unity,Null
22:14:15.755,INFO,Unity,Null
22:14:15.761,INFO,Unity,Null
22:14:15.767,INFO,Unity,Null
22:14:15.772,INFO,Unity,Null
22:14:15.777,INFO,Unity,Null
22:14:15.783,INFO,Unity,Null
22:14:15.789,INFO,Unity,Null
22:14:15.793,INFO,Unity,Null
22:14:15.799,INFO,Unity,Null
22:14:15.803,INFO,Unity,Null
22:14:15.809,INFO,Unity,Null
22:14:15.815,INFO,Unity,Null
22:14:15.819,INFO,Unity,Null
22:14:15.825,INFO,Unity,Null
22:14:15.830,INFO,Unity,Null
22:14:15.835,INFO,Unity,Null
22:14:15.840,INFO,Unity,Null
22:14:15.845,INFO,Unity,Null
22:14:15.850,INFO,Unity,Null
22:14:15.855,INFO,Unity,Null
22:14:15.859,INFO,Unity,Null
22:14:15.865,INFO,Unity,Null
22:14:15.870,INFO,Unity,Null
22:14:15.875,INFO,Unity,Null
22:14:15.880,INFO,Unity,Null
22:14:15.887,INFO,Unity,Null
22:14:15.891,INFO,Unity,Null
22:14:15.897,INFO,Unity,Null
22:14:15.901,INFO,Unity,Null
22:14:15.907,INFO,Unity,Null
22:14:15.912,INFO,Unity,Null
22:14:15.917,INFO,Unity,Null
22:14:15.921,INFO,Unity,Null
22:14:15.926,INFO,Unity,Null
22:14:15.931,INFO,Unity,Null
22:14:15.936,INFO,Unity,Null
22:14:15.941,INFO,Unity,Null
22:14:15.947,INFO,Unity,Null
22:14:15.951,INFO,Unity,Null
22:14:15.957,INFO,Unity,Null
22:14:15.962,INFO,Unity,Null
22:14:15.967,INFO,Unity,Null
22:14:15.973,INFO,Unity,Null
22:14:15.977,INFO,Unity,Null
22:14:15.982,INFO,Unity,Null
22:14:15.987,INFO,Unity,Null
22:14:15.991,INFO,Unity,Null
22:14:15.997,INFO,Unity,Null
22:14:16.002,INFO,Unity,Null
22:14:16.007,INFO,Unity,Null
22:14:16.011,INFO,Unity,Null
22:14:16.017,INFO,Unity,Null
22:14:16.021,INFO,Unity,Null
22:14:16.026,INFO,Unity,Null
22:14:16.031,INFO,Unity,Null
22:14:16.037,INFO,Unity,Null
22:14:16.041,INFO,Unity,Null
22:14:16.046,INFO,Unity,Null
22:14:16.051,INFO,Unity,Null
22:14:16.056,INFO,Unity,Null
22:14:16.061,INFO,Unity,Null
22:14:16.065,INFO,Unity,Null
22:14:16.071,INFO,Unity,Null
22:14:16.075,INFO,Unity,Null
22:14:16.079,INFO,Unity,Null
22:14:16.084,INFO,Unity,Null
22:14:16.089,INFO,Unity,Null
22:14:16.094,INFO,Unity,Null
22:14:16.098,INFO,Unity,Null
22:14:16.103,INFO,Unity,Null
22:14:16.107,INFO,Unity,Null
22:14:16.112,INFO,Unity,Null
22:14:16.117,INFO,Unity,Null
22:14:16.122,INFO,Unity,Null
22:14:16.126,INFO,Unity,Null
22:14:16.132,INFO,Unity,Null
22:14:16.137,INFO,Unity,Null
22:14:16.142,INFO,Unity,Null
22:14:16.147,INFO,Unity,Null
22:14:16.152,INFO,Unity,Null
22:14:16.157,INFO,Unity,Null
22:14:16.161,INFO,Unity,Null
22:14:16.167,INFO,Unity,Null
22:14:16.172,INFO,Unity,Null
22:14:16.177,INFO,Unity,Null
22:14:16.182,INFO,Unity,Null
22:14:16.187,INFO,Unity,Null
22:14:16.192,INFO,Unity,Null
22:14:16.197,INFO,Unity,Null
22:14:16.202,INFO,Unity,Null
22:14:16.207,INFO,Unity,Null
22:14:16.211,INFO,Unity,Null
22:14:16.216,INFO,Unity,Null
22:14:16.221,INFO,Unity,Null
22:14:16.225,INFO,Unity,Null
22:14:16.229,INFO,Unity,Null
22:14:16.234,INFO,Unity,Null
22:14:16.238,INFO,Unity,Null
22:14:16.244,INFO,Unity,Null
22:14:16.248,INFO,Unity,Null
22:14:16.253,INFO,Unity,Null
22:14:16.259,INFO,Unity,Null
22:14:16.264,INFO,Unity,Null
22:14:16.269,INFO,Unity,Null
22:14:16.273,INFO,Unity,Null
22:14:16.278,INFO,Unity,Null
22:14:16.284,INFO,Unity,Null
22:14:16.288,INFO,Unity,Null
22:14:16.292,INFO,Unity,Null
22:14:16.297,INFO,Unity,Null
22:14:16.301,INFO,Unity,Null
22:14:16.305,INFO,Unity,Null
22:14:16.310,INFO,Unity,Null
22:14:16.314,INFO,Unity,Null
22:14:16.318,INFO,Unity,Null
22:14:16.323,INFO,Unity,Null
22:14:16.327,INFO,Unity,Null
22:14:16.331,INFO,Unity,Null
22:14:16.335,INFO,Unity,Null
22:14:16.340,INFO,Unity,Null
22:14:16.344,INFO,Unity,Null
22:14:16.348,INFO,Unity,Null
22:14:16.353,INFO,Unity,Null
22:14:16.358,INFO,Unity,Null
22:14:16.362,INFO,Unity,Null
22:14:16.366,INFO,Unity,Null
22:14:16.371,INFO,Unity,Null
22:14:16.374,INFO,Unity,Null
22:14:16.379,INFO,Unity,Null
22:14:16.384,INFO,Unity,Null
22:14:16.387,INFO,Unity,Null
22:14:16.392,INFO,Unity,Null
22:14:16.396,INFO,Unity,Null
22:14:16.401,INFO,Unity,Null
22:14:16.405,INFO,Unity,Null
22:14:16.409,INFO,Unity,Null
22:14:16.415,INFO,Unity,Null
22:14:16.419,INFO,Unity,Null
22:14:16.423,INFO,Unity,Null
22:14:16.427,INFO,Unity,Null
22:14:16.431,INFO,Unity,Null
22:14:16.436,INFO,Unity,Null
22:14:16.439,INFO,Unity,Null
22:14:16.444,INFO,Unity,Null
22:14:16.449,INFO,Unity,Null
22:14:16.454,INFO,Unity,Null
22:14:16.459,INFO,Unity,Null
22:14:16.464,INFO,Unity,Null
22:14:16.469,INFO,Unity,Null
22:14:16.476,INFO,Unity,Null
22:14:16.483,INFO,Unity,Null
22:14:16.487,INFO,Unity,Null
22:14:16.493,INFO,Unity,Null
22:14:16.498,INFO,Unity,Null
22:14:16.504,INFO,Unity,Null
22:14:16.507,INFO,Unity,Null
22:14:16.512,INFO,Unity,Null
22:14:16.518,INFO,Unity,Null
22:14:16.522,INFO,Unity,Null
22:14:16.526,INFO,Unity,Null
22:14:16.531,INFO,Unity,Null
22:14:16.536,INFO,Unity,Null
22:14:16.541,INFO,Unity,Null
22:14:16.546,INFO,Unity,Null
22:14:16.550,INFO,Unity,Null
22:14:16.555,INFO,Unity,Null
22:14:16.558,INFO,Unity,Null
22:14:16.564,INFO,Unity,Null
22:14:16.568,INFO,Unity,Null
22:14:16.572,INFO,Unity,Null
22:14:16.577,INFO,Unity,Null
22:14:16.581,INFO,Unity,Null
22:14:16.586,INFO,Unity,Null
22:14:16.591,INFO,Unity,Null
22:14:16.595,INFO,Unity,Null
22:14:16.600,INFO,Unity,Null
22:14:16.604,INFO,Unity,Null
22:14:16.608,INFO,Unity,Null
22:14:16.613,INFO,Unity,Null
22:14:16.618,INFO,Unity,Null
22:14:16.622,INFO,Unity,Null
22:14:16.626,INFO,Unity,Null
22:14:16.631,INFO,Unity,Null
22:14:16.636,INFO,Unity,Null
22:14:16.640,INFO,Unity,Null
22:14:16.644,INFO,Unity,Null
22:14:16.649,INFO,Unity,Null
22:14:16.653,INFO,Unity,Null
22:14:16.659,INFO,Unity,Null
22:14:16.663,INFO,Unity,Null
22:14:16.668,INFO,Unity,Null
22:14:16.673,INFO,Unity,Null
22:14:16.677,INFO,Unity,Null
22:14:16.681,INFO,Unity,Null
22:14:16.686,INFO,Unity,Null
22:14:16.691,INFO,Unity,Null
22:14:16.694,INFO,Unity,Null
22:14:16.700,INFO,Unity,Null
22:14:16.704,INFO,Unity,Null
22:14:16.708,INFO,Unity,Null
22:14:16.713,INFO,Unity,Null
22:14:16.717,INFO,Unity,Null
22:14:16.722,INFO,Unity,Null
22:14:16.727,INFO,Unity,Null
22:14:16.732,INFO,Unity,Null
22:14:16.737,INFO,Unity,Null
22:14:16.741,INFO,Unity,Null
22:14:16.746,INFO,Unity,Null
22:14:16.751,INFO,Unity,Null
22:14:16.756,INFO,Unity,Null
22:14:16.761,INFO,Unity,Null
22:14:16.766,INFO,Unity,Null
22:14:16.770,INFO,Unity,Null
22:14:16.775,INFO,Unity,Null
22:14:16.779,INFO,Unity,Null
22:14:16.784,INFO,Unity,Null
22:14:16.788,INFO,Unity,Null
22:14:16.793,INFO,Unity,Null
22:14:16.798,INFO,Unity,Null
22:14:16.803,INFO,Unity,Null
22:14:16.807,INFO,Unity,Null
22:14:16.810,INFO,Unity,Null
22:14:16.815,INFO,Unity,Null
22:14:16.820,INFO,Unity,Null
22:14:16.825,INFO,Unity,Null
22:14:16.829,INFO,Unity,Null
22:14:16.834,INFO,Unity,Null
22:14:16.840,INFO,Unity,Null
22:14:16.844,INFO,Unity,Null
22:14:16.850,INFO,Unity,Null
22:14:16.855,INFO,Unity,Null
22:14:16.859,INFO,Unity,Null
22:14:16.866,INFO,Unity,Null
22:14:16.871,INFO,Unity,Null
22:14:16.876,INFO,Unity,Null
22:14:16.881,INFO,Unity,Null
22:14:16.887,INFO,Unity,Null
22:14:16.892,INFO,Unity,Null
22:14:16.897,INFO,Unity,Null
22:14:16.902,INFO,Unity,Null
22:14:16.908,INFO,Unity,Null
22:14:16.913,INFO,Unity,Null
22:14:16.918,INFO,Unity,Null
22:14:16.923,INFO,Unity,Null
22:14:16.929,INFO,Unity,Null
22:14:16.933,INFO,Unity,Null
22:14:16.939,INFO,Unity,Null
22:14:16.944,INFO,Unity,Null
22:14:16.950,INFO,Unity,Null
22:14:16.955,INFO,Unity,Null
22:14:16.960,INFO,Unity,Null
22:14:16.965,INFO,Unity,Null
22:14:16.969,INFO,Unity,Null
22:14:16.974,INFO,Unity,Null
22:14:16.988,INFO,Unity,Null
22:14:16.998,INFO,Unity,Null
22:14:17.006,INFO,Unity,Null
22:14:17.011,INFO,Unity,Null
22:14:17.017,INFO,Unity,Null
22:14:17.022,INFO,Unity,Null
22:14:17.027,INFO,Unity,Null
22:14:17.032,INFO,Unity,Null
22:14:17.039,INFO,Unity,Null
22:14:17.044,INFO,Unity,Null
22:14:17.049,INFO,Unity,Null
22:14:17.055,INFO,Unity,Null
22:14:17.061,INFO,Unity,Null
22:14:17.066,INFO,Unity,Null
22:14:17.072,INFO,Unity,Null
22:14:17.077,INFO,Unity,Null
22:14:17.082,INFO,Unity,Null
22:14:17.087,INFO,Unity,Null
22:14:17.094,INFO,Unity,Null
22:14:17.101,INFO,Unity,Null
22:14:17.107,INFO,Unity,Null
22:14:17.112,INFO,Unity,Null
22:14:17.119,INFO,Unity,Null
22:14:17.125,INFO,Unity,Null
22:14:17.132,INFO,Unity,Null
22:14:17.140,INFO,Unity,Null
22:14:17.147,INFO,Unity,Null
22:14:17.153,INFO,Unity,Null
22:14:17.159,INFO,Unity,Null
22:14:17.165,INFO,Unity,Null
22:14:17.172,INFO,Unity,Null
22:14:17.179,INFO,Unity,Null
22:14:17.184,INFO,Unity,Null
22:14:17.190,INFO,Unity,Null
22:14:17.196,INFO,Unity,Null
22:14:17.203,INFO,Unity,Null
22:14:17.209,INFO,Unity,Null
22:14:17.215,INFO,Unity,Null
22:14:17.221,INFO,Unity,Null
22:14:17.226,INFO,Unity,Null
22:14:17.232,INFO,Unity,Null
22:14:17.238,INFO,Unity,Null
22:14:17.243,INFO,Unity,Null
22:14:17.250,INFO,Unity,Null
22:14:17.255,INFO,Unity,Null
22:14:17.264,INFO,Unity,Null
22:14:17.271,INFO,Unity,Null
22:14:17.277,INFO,Unity,Null
22:14:17.283,INFO,Unity,Null
22:14:17.290,INFO,Unity,Null
22:14:17.297,INFO,Unity,Null
22:14:17.303,INFO,Unity,Null
22:14:17.309,INFO,Unity,Null
22:14:17.315,INFO,Unity,Null
22:14:17.321,INFO,Unity,Null
22:14:17.328,INFO,Unity,Null
22:14:17.333,INFO,Unity,Null
22:14:17.339,INFO,Unity,Null
22:14:17.345,INFO,Unity,Null
22:14:17.351,INFO,Unity,Null
22:14:17.357,INFO,Unity,Null
22:14:17.364,INFO,Unity,Null
22:14:17.370,INFO,Unity,Null
22:14:17.382,INFO,Unity,Null
22:14:17.391,INFO,Unity,Null
22:14:17.396,INFO,Unity,Null
22:14:17.403,INFO,Unity,Null
22:14:17.410,INFO,Unity,Null
22:14:17.415,INFO,Unity,Null
22:14:17.422,INFO,Unity,Null
22:14:17.428,INFO,Unity,Null
22:14:17.434,INFO,Unity,Null
22:14:17.441,INFO,Unity,Null
22:14:17.446,INFO,Unity,Null
22:14:17.454,INFO,Unity,Null
22:14:17.462,INFO,Unity,Null
22:14:17.469,INFO,Unity,Null
22:14:17.476,INFO,Unity,Null
22:14:17.482,INFO,Unity,Null
22:14:17.490,INFO,Unity,Null
22:14:17.498,INFO,Unity,Null
22:14:17.505,INFO,Unity,Null
22:14:17.513,INFO,Unity,Null
22:14:17.522,INFO,Unity,Null
22:14:17.530,INFO,Unity,Null
22:14:17.538,INFO,Unity,Null
22:14:17.543,INFO,Unity,Null
22:14:17.549,INFO,Unity,Null
22:14:17.557,INFO,Unity,Null
22:14:17.563,INFO,Unity,Null
22:14:17.569,INFO,Unity,Null
22:14:17.574,INFO,Unity,Null
22:14:17.581,INFO,Unity,Null
22:14:17.588,INFO,Unity,Null
22:14:17.593,INFO,Unity,Null
22:14:17.600,INFO,Unity,Null
22:14:17.606,INFO,Unity,Null
22:14:17.612,INFO,Unity,Null
22:14:17.619,INFO,Unity,Null
22:14:17.625,INFO,Unity,Null
22:14:17.631,INFO,Unity,Null
22:14:17.637,INFO,Unity,Null
22:14:17.642,INFO,Unity,Null
22:14:17.647,INFO,Unity,Null
22:14:17.652,INFO,Unity,Null
22:14:17.658,INFO,Unity,Null
22:14:17.664,INFO,Unity,Null
22:14:17.669,INFO,Unity,Null
22:14:17.674,INFO,Unity,Null
22:14:17.680,INFO,Unity,Null
22:14:17.685,INFO,Unity,Null
22:14:17.691,INFO,Unity,Null
22:14:17.696,INFO,Unity,Null
22:14:17.700,INFO,Unity,Null
22:14:17.706,INFO,Unity,Null
22:14:17.712,INFO,Unity,Null
22:14:17.717,INFO,Unity,Null
22:14:17.722,INFO,Unity,Null
22:14:17.728,INFO,Unity,Null
22:14:17.733,INFO,Unity,Null
22:14:17.739,INFO,Unity,Null
22:14:17.743,INFO,Unity,Null
22:14:17.750,INFO,Unity,Null
22:14:17.758,INFO,Unity,Null
22:14:17.766,INFO,Unity,Null
22:14:17.772,INFO,Unity,Null
22:14:17.779,INFO,Unity,Null
22:14:17.789,INFO,Unity,Null
22:14:17.796,INFO,Unity,Null
22:14:17.801,INFO,Unity,Null
22:14:17.807,INFO,Unity,Null
22:14:17.815,INFO,Unity,Null
22:14:17.820,INFO,Unity,Null
22:14:17.826,INFO,Unity,Null
22:14:17.831,INFO,Unity,Null
22:14:17.837,INFO,Unity,Null
22:14:17.844,INFO,Unity,Null
22:14:17.849,INFO,Unity,Null
22:14:17.855,INFO,Unity,Null
22:14:17.861,INFO,Unity,Null
22:14:17.866,INFO,Unity,Null
22:14:17.871,INFO,Unity,Null
22:14:17.877,INFO,Unity,Null
22:14:17.883,INFO,Unity,Null
22:14:17.888,INFO,Unity,Null
22:14:17.893,INFO,Unity,Null
22:14:17.898,INFO,Unity,Null
22:14:17.904,INFO,Unity,Null
22:14:17.909,INFO,Unity,Null
22:14:17.915,INFO,Unity,Null
22:14:17.920,INFO,Unity,Null
22:14:17.925,INFO,Unity,Null
22:14:17.931,INFO,Unity,Null
22:14:17.936,INFO,Unity,Null
22:14:17.941,INFO,Unity,Null
22:14:17.946,INFO,Unity,Null
22:14:17.951,INFO,Unity,Null
22:14:17.956,INFO,Unity,Null
22:14:17.962,INFO,Unity,Null
22:14:17.969,INFO,Unity,Null
22:14:17.974,INFO,Unity,Null
22:14:17.978,INFO,Unity,Null
22:14:17.984,INFO,Unity,Null
22:14:17.990,INFO,Unity,Null
22:14:17.994,INFO,Unity,Null
22:14:18.000,INFO,Unity,Null
22:14:18.006,INFO,Unity,Null
22:14:18.010,INFO,Unity,Null
22:14:18.015,INFO,Unity,Null
22:14:18.022,INFO,Unity,Null
22:14:18.026,INFO,Unity,Null
22:14:18.031,INFO,Unity,Null
22:14:18.037,INFO,Unity,Null
22:14:18.042,INFO,Unity,Null
22:14:18.047,INFO,Unity,Null
22:14:18.053,INFO,Unity,Null
22:14:18.061,INFO,Unity,Null
22:14:18.066,INFO,Unity,Null
22:14:18.072,INFO,Unity,Null
22:14:18.078,INFO,Unity,Null
22:14:18.083,INFO,Unity,Null
22:14:18.088,INFO,Unity,Null
22:14:18.093,INFO,Unity,Null
22:14:18.099,INFO,Unity,Null
22:14:18.109,INFO,Unity,Null
22:14:18.115,INFO,Unity,Null
22:14:18.120,INFO,Unity,Null
22:14:18.125,INFO,Unity,Null
22:14:18.132,INFO,Unity,Null
22:14:18.139,INFO,Unity,Null
22:14:18.143,INFO,Unity,Null
22:14:18.149,INFO,Unity,Null
22:14:18.154,INFO,Unity,Null
22:14:18.160,INFO,Unity,Null
22:14:18.165,INFO,Unity,Null
22:14:18.171,INFO,Unity,Null
22:14:18.177,INFO,Unity,Null
22:14:18.181,INFO,Unity,Null
22:14:18.188,INFO,Unity,Null
22:14:18.192,INFO,Unity,Null
22:14:18.197,INFO,Unity,Null
22:14:18.202,INFO,Unity,Null
22:14:18.208,INFO,Unity,Null
22:14:18.213,INFO,Unity,Null
22:14:18.218,INFO,Unity,Null
22:14:18.224,INFO,Unity,Null
22:14:18.229,INFO,Unity,Null
22:14:18.235,INFO,Unity,Null
22:14:18.240,INFO,Unity,Null
22:14:18.245,INFO,Unity,Null
22:14:18.251,INFO,Unity,Null
22:14:18.255,INFO,Unity,Null
22:14:18.261,INFO,Unity,Null
22:14:18.266,INFO,Unity,Null
22:14:18.271,INFO,Unity,Null
22:14:18.277,INFO,Unity,Null
22:14:18.282,INFO,Unity,Null
22:14:18.288,INFO,Unity,Null
22:14:18.293,INFO,Unity,Null
22:14:18.299,INFO,Unity,Null
22:14:18.303,INFO,Unity,Null
22:14:18.310,INFO,Unity,Null
22:14:18.314,INFO,Unity,Null
22:14:18.319,INFO,Unity,Null
22:14:18.325,INFO,Unity,Null
22:14:18.330,INFO,Unity,Null
22:14:18.336,INFO,Unity,Null
22:14:18.342,INFO,Unity,Null
22:14:18.349,INFO,Unity,Null
22:14:18.355,INFO,Unity,Null
22:14:18.362,INFO,Unity,Null
22:14:18.368,INFO,Unity,Null
22:14:18.374,INFO,Unity,Null
22:14:18.380,INFO,Unity,Null
22:14:18.385,INFO,Unity,Null
22:14:18.390,INFO,Unity,Null
22:14:18.396,INFO,Unity,Null
22:14:18.402,INFO,Unity,Null
22:14:18.408,INFO,Unity,Null
22:14:18.414,INFO,Unity,Null
22:14:18.419,INFO,Unity,Null
22:14:18.425,INFO,Unity,Null
22:14:18.432,INFO,Unity,Null
22:14:18.439,INFO,Unity,Null
22:14:18.444,INFO,Unity,Null
22:14:18.449,INFO,Unity,Null
22:14:18.455,INFO,Unity,Null
22:14:18.460,INFO,Unity,Null
22:14:18.466,INFO,Unity,Null
22:14:18.471,INFO,Unity,Null
22:14:18.476,INFO,Unity,Null
22:14:18.482,INFO,Unity,Null
22:14:18.487,INFO,Unity,Null
22:14:18.492,INFO,Unity,Null
22:14:18.498,INFO,Unity,Null
22:14:18.504,INFO,Unity,Null
22:14:18.510,INFO,Unity,Null
22:14:18.516,INFO,Unity,Null
22:14:18.522,INFO,Unity,Null
22:14:18.528,INFO,Unity,Null
22:14:18.536,INFO,Unity,Null
22:14:18.542,INFO,Unity,Null
22:14:18.547,INFO,Unity,Null
22:14:18.555,INFO,Unity,Null
22:14:18.562,INFO,Unity,Null
22:14:18.570,INFO,Unity,Null
22:14:18.576,INFO,Unity,Null
22:14:18.582,INFO,Unity,Null
22:14:18.589,INFO,Unity,Null
22:14:18.596,INFO,Unity,Null
22:14:18.602,INFO,Unity,Null
22:14:18.607,INFO,Unity,Null
22:14:18.614,INFO,Unity,Null
22:14:18.621,INFO,Unity,Null
22:14:18.627,INFO,Unity,Null
22:14:18.633,INFO,Unity,Null
22:14:18.638,INFO,Unity,Null
22:14:18.646,INFO,Unity,Null
22:14:18.652,INFO,Unity,Null
22:14:18.658,INFO,Unity,Null
22:14:18.664,INFO,Unity,Null
22:14:18.671,INFO,Unity,Null
22:14:18.676,INFO,Unity,Null
22:14:18.683,INFO,Unity,Null
22:14:18.689,INFO,Unity,Null
22:14:18.694,INFO,Unity,Null
22:14:18.700,INFO,Unity,Null
22:14:18.706,INFO,Unity,Null
22:14:18.713,INFO,Unity,Null
22:14:18.719,INFO,Unity,Null
22:14:18.725,INFO,Unity,Null
22:14:18.731,INFO,Unity,Null
22:14:18.737,INFO,Unity,Null
22:14:18.743,INFO,Unity,Null
22:14:18.748,INFO,Unity,Null
22:14:18.754,INFO,Unity,Null
22:14:18.758,INFO,Unity,Null
22:14:18.764,INFO,Unity,Null
22:14:18.769,INFO,Unity,Null
22:14:18.774,INFO,Unity,Null
22:14:18.780,INFO,Unity,Null
22:14:18.786,INFO,Unity,Null
22:14:18.791,INFO,Unity,Null
22:14:18.796,INFO,Unity,Null
22:14:18.801,INFO,Unity,Null
22:14:18.808,INFO,Unity,Null
22:14:18.813,INFO,Unity,Null
22:14:18.819,INFO,Unity,Null
22:14:18.825,INFO,Unity,Null
22:14:18.833,INFO,Unity,Null
22:14:18.839,INFO,Unity,Null
22:14:18.845,INFO,Unity,Null
22:14:18.850,INFO,Unity,Null
22:14:18.857,INFO,Unity,Null
22:14:18.862,INFO,Unity,Null
22:14:18.870,INFO,Unity,Null
22:14:18.876,INFO,Unity,Null
22:14:18.882,INFO,Unity,Null
22:14:18.887,INFO,Unity,Null
22:14:18.894,INFO,Unity,Null
22:14:18.899,INFO,Unity,Null
22:14:18.905,INFO,Unity,Null
22:14:18.911,INFO,Unity,Null
22:14:18.917,INFO,Unity,Null
22:14:18.922,INFO,Unity,Null
22:14:18.928,INFO,Unity,Null
22:14:18.933,INFO,Unity,Null
22:14:18.939,INFO,Unity,Null
22:14:18.946,INFO,Unity,Null
22:14:18.952,INFO,Unity,Null
22:14:18.958,INFO,Unity,Null
22:14:18.964,INFO,Unity,Null
22:14:18.969,INFO,Unity,Null
22:14:18.976,INFO,Unity,Null
22:14:18.981,INFO,Unity,Null
22:14:18.988,INFO,Unity,Null
22:14:18.994,INFO,Unity,Null
22:14:18.999,INFO,Unity,Null
22:14:19.005,INFO,Unity,Null
22:14:19.011,INFO,Unity,Null
22:14:19.019,INFO,Unity,Null
22:14:19.025,INFO,Unity,Null
22:14:19.030,INFO,Unity,Null
22:14:19.037,INFO,Unity,Null
22:14:19.043,INFO,Unity,Null
22:14:19.049,INFO,Unity,Null
22:14:19.055,INFO,Unity,Null
22:14:19.062,INFO,Unity,Null
22:14:19.066,INFO,Unity,Null
22:14:19.074,INFO,Unity,Null
22:14:19.080,INFO,Unity,Null
22:14:19.086,INFO,Unity,Null
22:14:19.092,INFO,Unity,Null
22:14:19.097,INFO,Unity,Null
22:14:19.103,INFO,Unity,Null
22:14:19.108,INFO,Unity,Null
22:14:19.115,INFO,Unity,Null
22:14:19.120,INFO,Unity,Null
22:14:19.125,INFO,Unity,Null
22:14:19.131,INFO,Unity,Null
22:14:19.137,INFO,Unity,Null
22:14:19.142,INFO,Unity,Null
22:14:19.148,INFO,Unity,Null
22:14:19.154,INFO,Unity,Null
22:14:19.160,INFO,Unity,Null
22:14:19.165,INFO,Unity,Null
22:14:19.170,INFO,Unity,Null
22:14:19.175,INFO,Unity,Null
22:14:19.182,INFO,Unity,Null
22:14:19.187,INFO,Unity,Null
22:14:19.192,INFO,Unity,Null
22:14:19.197,INFO,Unity,Null
22:14:19.203,INFO,Unity,Null
22:14:19.209,INFO,Unity,Null
22:14:19.213,INFO,Unity,Null
22:14:19.218,INFO,Unity,Null
22:14:19.224,INFO,Unity,Null
22:14:19.230,INFO,Unity,Null
22:14:19.234,INFO,Unity,Null
22:14:19.240,INFO,Unity,Null
22:14:19.249,INFO,Unity,Null
22:14:19.257,INFO,Unity,Null
22:14:19.262,INFO,Unity,Null
22:14:19.268,INFO,Unity,Null
22:14:19.273,INFO,Unity,Null
22:14:19.279,INFO,Unity,Null
22:14:19.283,INFO,Unity,Null
22:14:19.289,INFO,Unity,Null
22:14:19.294,INFO,Unity,Null
22:14:19.368,INFO,Unity,Null
22:14:19.547,INFO,Unity,Null
22:14:19.610,INFO,Unity,Null
22:14:19.641,INFO,Unity,Null
22:14:19.662,INFO,Unity,Null
22:14:19.710,INFO,Unity,Null
22:14:19.733,INFO,Unity,Null
22:14:19.751,INFO,Unity,Null
22:14:19.765,INFO,Unity,Null
22:14:19.773,INFO,Unity,Null
22:14:19.779,INFO,Unity,Null
22:14:19.787,INFO,Unity,Null
22:14:19.794,INFO,Unity,Null
22:14:19.801,INFO,Unity,Null
22:14:19.808,INFO,Unity,Null
22:14:19.815,INFO,Unity,Null
22:14:19.822,INFO,Unity,Null
22:14:19.828,INFO,Unity,Null
22:14:19.836,INFO,Unity,Null
22:14:19.842,INFO,Unity,Null
22:14:19.849,INFO,Unity,Null
22:14:19.858,INFO,Unity,Null
22:14:19.865,INFO,Unity,Null
22:14:19.872,INFO,Unity,Null
22:14:19.879,INFO,Unity,Null
22:14:19.895,INFO,Unity,Null
22:14:19.931,INFO,Unity,Null
22:14:19.940,INFO,Unity,Null
22:14:19.947,INFO,Unity,Null
22:14:19.954,INFO,Unity,Null
22:14:19.962,INFO,Unity,Null
22:14:19.969,INFO,Unity,Null
22:14:19.976,INFO,Unity,Null
22:14:19.984,INFO,Unity,Null
22:14:19.990,INFO,Unity,Null
22:14:19.997,INFO,Unity,Null
22:14:20.004,INFO,Unity,Null
22:14:20.011,INFO,Unity,Null
22:14:20.019,INFO,Unity,Null
22:14:20.027,INFO,Unity,Null
22:14:20.035,INFO,Unity,Null
22:14:20.043,INFO,Unity,Null
22:14:20.052,INFO,Unity,Null
22:14:20.060,INFO,Unity,Null
22:14:20.067,INFO,Unity,Null
22:14:20.075,INFO,Unity,Null
22:14:20.085,INFO,Unity,Null
22:14:20.109,INFO,Unity,Null
22:14:20.126,INFO,Unity,Null
22:14:20.141,INFO,Unity,Null
22:14:20.155,INFO,Unity,Null
22:14:20.168,INFO,Unity,Null
22:14:20.184,INFO,Unity,Null
22:14:20.197,INFO,Unity,Null
22:14:20.210,INFO,Unity,Null
22:14:20.223,INFO,Unity,Null
22:14:20.236,INFO,Unity,Null
22:14:20.248,INFO,Unity,Null
22:14:20.260,INFO,Unity,Null
22:14:20.273,INFO,Unity,Null
22:14:20.286,INFO,Unity,Null
22:14:20.299,INFO,Unity,Null
22:14:20.312,INFO,Unity,Null
22:14:20.328,INFO,Unity,Null
22:14:20.365,INFO,Unity,Null
22:14:20.375,INFO,Unity,Null
22:14:20.383,INFO,Unity,Null
22:14:20.390,INFO,Unity,Null
22:14:20.400,INFO,Unity,Null
22:14:20.408,INFO,Unity,Null
22:14:20.418,INFO,Unity,Null
22:14:20.425,INFO,Unity,Null
22:14:20.435,INFO,Unity,Null
22:14:20.444,INFO,Unity,Null
22:14:20.451,INFO,Unity,Null
22:14:20.459,INFO,Unity,Null
22:14:20.465,INFO,Unity,Null
22:14:20.472,INFO,Unity,Null
22:14:20.480,INFO,Unity,Null
22:14:20.486,INFO,Unity,Null
22:14:20.494,INFO,Unity,Null
22:14:20.508,INFO,Unity,Null
22:14:20.520,INFO,Unity,Null
22:14:20.532,INFO,Unity,Null
22:14:20.545,INFO,Unity,Null
22:14:20.557,INFO,Unity,Null
22:14:20.569,INFO,Unity,Null
22:14:20.626,INFO,Unity,Null
22:14:20.636,INFO,Unity,Null
22:14:20.643,INFO,Unity,Null
22:14:20.651,INFO,Unity,Null
22:14:20.659,INFO,Unity,Null
22:14:20.666,INFO,Unity,Null
22:14:20.674,INFO,Unity,Null
22:14:20.681,INFO,Unity,Null
22:14:20.688,INFO,Unity,Null
22:14:20.696,INFO,Unity,Null
22:14:20.702,INFO,Unity,Null
22:14:20.710,INFO,Unity,Null
22:14:20.715,INFO,Unity,Null
22:14:20.722,INFO,Unity,Null
22:14:20.729,INFO,Unity,Null
22:14:20.735,INFO,Unity,Null
22:14:20.742,INFO,Unity,Null
22:14:20.748,INFO,Unity,Null
22:14:20.755,INFO,Unity,Null
22:14:20.761,INFO,Unity,Null
22:14:20.768,INFO,Unity,Null
22:14:20.774,INFO,Unity,Null
22:14:20.780,INFO,Unity,Null
22:14:20.787,INFO,Unity,Null
22:14:20.794,INFO,Unity,Null
22:14:20.801,INFO,Unity,Null
22:14:20.807,INFO,Unity,Null
22:14:20.814,INFO,Unity,Null
22:14:20.820,INFO,Unity,Null
22:14:20.826,INFO,Unity,Null
22:14:20.834,INFO,Unity,Null
22:14:20.840,INFO,Unity,Null
22:14:20.846,INFO,Unity,Null
22:14:20.852,INFO,Unity,Null
22:14:20.859,INFO,Unity,Null
22:14:20.865,INFO,Unity,Null
22:14:20.872,INFO,Unity,Null
22:14:20.879,INFO,Unity,Null
22:14:20.885,INFO,Unity,Null
22:14:20.891,INFO,Unity,Null
22:14:20.897,INFO,Unity,Null
22:14:20.904,INFO,Unity,Null
22:14:20.910,INFO,Unity,Null
22:14:20.916,INFO,Unity,Null
22:14:20.922,INFO,Unity,Null
22:14:20.929,INFO,Unity,Null
22:14:20.934,INFO,Unity,Null
22:14:20.941,INFO,Unity,Null
22:14:20.948,INFO,Unity,Null
22:14:20.954,INFO,Unity,Null
22:14:20.959,INFO,Unity,Null
22:14:20.966,INFO,Unity,Null
22:14:20.972,INFO,Unity,Null
22:14:20.979,INFO,Unity,Null
22:14:20.985,INFO,Unity,Null
22:14:20.992,INFO,Unity,Null
22:14:20.997,INFO,Unity,Null
22:14:21.004,INFO,Unity,Null
22:14:21.012,INFO,Unity,Null
22:14:21.018,INFO,Unity,Null
22:14:21.025,INFO,Unity,Null
22:14:21.031,INFO,Unity,Null
22:14:21.038,INFO,Unity,Null
22:14:21.044,INFO,Unity,Null
22:14:21.050,INFO,Unity,Null
22:14:21.057,INFO,Unity,Null
22:14:21.062,INFO,Unity,Null
22:14:21.070,INFO,Unity,Null
22:14:21.075,INFO,Unity,Null
22:14:21.082,INFO,Unity,Null
22:14:21.088,INFO,Unity,Null
22:14:21.102,INFO,Unity,Null
22:14:21.121,INFO,Unity,Null
22:14:21.127,INFO,Unity,Null
22:14:21.134,INFO,Unity,Null
22:14:21.140,INFO,Unity,Null
22:14:21.147,INFO,Unity,Null
22:14:21.154,INFO,Unity,Null
22:14:21.159,INFO,Unity,Null
22:14:21.166,INFO,Unity,Null
22:14:21.172,INFO,Unity,Null
22:14:21.179,INFO,Unity,Null
22:14:21.186,INFO,Unity,Null
22:14:21.193,INFO,Unity,Null
22:14:21.201,INFO,Unity,Null
22:14:21.208,INFO,Unity,Null
22:14:21.215,INFO,Unity,Null
22:14:21.221,INFO,Unity,Null
22:14:21.228,INFO,Unity,Null
22:14:21.236,INFO,Unity,Null
22:14:21.242,INFO,Unity,Null
22:14:21.248,INFO,Unity,Null
22:14:21.255,INFO,Unity,Null
22:14:21.261,INFO,Unity,Null
22:14:21.268,INFO,Unity,Null
22:14:21.275,INFO,Unity,Null
22:14:21.281,INFO,Unity,Null
22:14:21.287,INFO,Unity,Null
22:14:21.293,INFO,Unity,Null
22:14:21.299,INFO,Unity,Null
22:14:21.306,INFO,Unity,Null
22:14:21.313,INFO,Unity,Null
22:14:21.319,INFO,Unity,Null
22:14:21.326,INFO,Unity,Null
22:14:21.332,INFO,Unity,Null
22:14:21.338,INFO,Unity,Null
22:14:21.344,INFO,Unity,Null
22:14:21.351,INFO,Unity,Null
22:14:21.357,INFO,Unity,Null
22:14:21.363,INFO,Unity,Null
22:14:21.370,INFO,Unity,Null
22:14:21.376,INFO,Unity,Null
22:14:21.382,INFO,Unity,Null
22:14:21.389,INFO,Unity,Null
22:14:21.396,INFO,Unity,Null
22:14:21.404,INFO,Unity,Null
22:14:21.429,INFO,Unity,Null
22:14:21.437,INFO,Unity,Null
22:14:21.447,INFO,Unity,Null
22:14:21.453,INFO,Unity,Null
22:14:21.460,INFO,Unity,Null
22:14:21.466,INFO,Unity,Null
22:14:21.474,INFO,Unity,Null
22:14:21.480,INFO,Unity,Null
22:14:21.486,INFO,Unity,Null
22:14:21.492,INFO,Unity,Null
22:14:21.499,INFO,Unity,Null
22:14:21.505,INFO,Unity,Null
22:14:21.512,INFO,Unity,Null
22:14:21.518,INFO,Unity,Null
22:14:21.525,INFO,Unity,Null
22:14:21.531,INFO,Unity,Null
22:14:21.539,INFO,Unity,Null
22:14:21.547,INFO,Unity,Null
22:14:21.555,INFO,Unity,Null
22:14:21.561,INFO,Unity,Null
22:14:21.568,INFO,Unity,Null
22:14:21.575,INFO,Unity,Null
22:14:21.582,INFO,Unity,Null
22:14:21.589,INFO,Unity,Null
22:14:21.597,INFO,Unity,Null
22:14:21.603,INFO,Unity,Null
22:14:21.610,INFO,Unity,Null
22:14:21.618,INFO,Unity,Null
22:14:21.625,INFO,Unity,Null
22:14:21.631,INFO,Unity,Null
22:14:21.638,INFO,Unity,Null
22:14:21.644,INFO,Unity,Null
22:14:21.652,INFO,Unity,Null
22:14:21.659,INFO,Unity,Null
22:14:21.665,INFO,Unity,Null
22:14:21.674,INFO,Unity,Null
22:14:21.680,INFO,Unity,Null
22:14:21.686,INFO,Unity,Null
22:14:21.694,INFO,Unity,Null
22:14:21.700,INFO,Unity,Null
22:14:21.707,INFO,Unity,Null
22:14:21.714,INFO,Unity,Null
22:14:21.722,INFO,Unity,Null
22:14:21.728,INFO,Unity,Null
22:14:21.735,INFO,Unity,Null
22:14:21.742,INFO,Unity,Null
22:14:21.748,INFO,Unity,Null
22:14:21.756,INFO,Unity,Null
22:14:21.762,INFO,Unity,Null
22:14:21.768,INFO,Unity,Null
22:14:21.775,INFO,Unity,Null
22:14:21.783,INFO,Unity,Null
22:14:21.790,INFO,Unity,Null
22:14:21.797,INFO,Unity,Null
22:14:21.804,INFO,Unity,Null
22:14:21.811,INFO,Unity,Null
22:14:21.818,INFO,Unity,Null
22:14:21.825,INFO,Unity,Null
22:14:21.832,INFO,Unity,Null
22:14:21.839,INFO,Unity,Null
22:14:21.845,INFO,Unity,Null
22:14:21.853,INFO,Unity,Null
22:14:21.859,INFO,Unity,Null
22:14:21.865,INFO,Unity,Null
22:14:21.873,INFO,Unity,Null
22:14:21.879,INFO,Unity,Null
22:14:21.888,INFO,Unity,Null
22:14:21.894,INFO,Unity,Null
22:14:21.901,INFO,Unity,Null
22:14:21.908,INFO,Unity,Null
22:14:21.915,INFO,Unity,Null
22:14:21.922,INFO,Unity,Null
22:14:21.929,INFO,Unity,Null
22:14:21.936,INFO,Unity,Null
22:14:21.942,INFO,Unity,Null
22:14:21.949,INFO,Unity,Null
22:14:21.955,INFO,Unity,Null
22:14:21.961,INFO,Unity,Null
22:14:21.967,INFO,Unity,Null
22:14:21.974,INFO,Unity,Null
22:14:21.979,INFO,Unity,Null
22:14:21.986,INFO,Unity,Null
22:14:21.992,INFO,Unity,Null
22:14:21.999,INFO,Unity,Null
22:14:22.006,INFO,Unity,Null
22:14:22.011,INFO,Unity,Null
22:14:22.018,INFO,Unity,Null
22:14:22.024,INFO,Unity,Null
22:14:22.030,INFO,Unity,Null
22:14:22.037,INFO,Unity,Null
22:14:22.043,INFO,Unity,Null
22:14:22.049,INFO,Unity,Null
22:14:22.056,INFO,Unity,Null
22:14:22.061,INFO,Unity,Null
22:14:22.068,INFO,Unity,Null
22:14:22.074,INFO,Unity,Null
22:14:22.080,INFO,Unity,Null
22:14:22.086,INFO,Unity,Null
22:14:22.093,INFO,Unity,Null
22:14:22.098,INFO,Unity,Null
22:14:22.106,INFO,Unity,Null
22:14:22.112,INFO,Unity,Null
22:14:22.118,INFO,Unity,Null
22:14:22.124,INFO,Unity,Null
22:14:22.130,INFO,Unity,Null
22:14:22.135,INFO,Unity,Null
22:14:22.142,INFO,Unity,Null
22:14:22.148,INFO,Unity,Null
22:14:22.156,INFO,Unity,Null
22:14:22.162,INFO,Unity,Null
22:14:22.173,INFO,Unity,Null
22:14:22.184,INFO,Unity,Null
22:14:22.193,INFO,Unity,Null
22:14:22.201,INFO,Unity,Null
22:14:22.213,INFO,Unity,Null
22:14:22.221,INFO,Unity,Null
22:14:22.228,INFO,Unity,Null
22:14:22.235,INFO,Unity,Null
22:14:22.243,INFO,Unity,Null
22:14:22.249,INFO,Unity,Null
22:14:22.258,INFO,Unity,Null
22:14:22.271,INFO,Unity,Null
22:14:22.287,INFO,Unity,Null
22:14:22.300,INFO,Unity,Null
22:14:22.315,INFO,Unity,Null
22:14:22.328,INFO,Unity,Null
22:14:22.342,INFO,Unity,Null
22:14:22.356,INFO,Unity,Null
22:14:22.369,INFO,Unity,Null
22:14:22.384,INFO,Unity,Null
22:14:22.398,INFO,Unity,Null
22:14:22.414,INFO,Unity,Null
22:14:22.430,INFO,Unity,Null
22:14:22.446,INFO,Unity,Null
22:14:22.461,INFO,Unity,Null
22:14:22.475,INFO,Unity,Null
22:14:22.490,INFO,Unity,Null
22:14:22.504,INFO,Unity,Null
22:14:22.518,INFO,Unity,Null
22:14:22.532,INFO,Unity,Null
22:14:22.547,INFO,Unity,Null
22:14:22.561,INFO,Unity,Null
22:14:22.575,INFO,Unity,Null
22:14:22.591,INFO,Unity,Null
22:14:22.606,INFO,Unity,Null
22:14:22.621,INFO,Unity,Null
22:14:22.637,INFO,Unity,Null
22:14:22.650,INFO,Unity,Null
22:14:22.666,INFO,Unity,Null
22:14:22.681,INFO,Unity,Null
22:14:22.695,INFO,Unity,Null
22:14:22.710,INFO,Unity,Null
22:14:22.724,INFO,Unity,Null
22:14:22.738,INFO,Unity,Null
22:14:22.754,INFO,Unity,Null
22:14:22.768,INFO,Unity,Null
22:14:22.783,INFO,Unity,Null
22:14:22.798,INFO,Unity,Null
22:14:22.813,INFO,Unity,Null
22:14:22.829,INFO,Unity,Null
22:14:22.843,INFO,Unity,Null
22:14:22.858,INFO,Unity,Null
22:14:22.872,INFO,Unity,Null
22:14:22.885,INFO,Unity,Null
22:14:22.899,INFO,Unity,Null
22:14:22.913,INFO,Unity,Null
22:14:22.926,INFO,Unity,Null
22:14:22.941,INFO,Unity,Null
22:14:22.953,INFO,Unity,Null
22:14:22.968,INFO,Unity,Null
22:14:22.983,INFO,Unity,Null
22:14:22.997,INFO,Unity,Null
22:14:23.011,INFO,Unity,Null
22:14:23.026,INFO,Unity,Null
22:14:23.040,INFO,Unity,Null
22:14:23.054,INFO,Unity,Null
22:14:23.068,INFO,Unity,Null
22:14:23.083,INFO,Unity,Null
22:14:23.097,INFO,Unity,Null
22:14:23.111,INFO,Unity,Null
22:14:23.124,INFO,Unity,Null
22:14:23.137,INFO,Unity,Null
22:14:23.152,INFO,Unity,Null
22:14:23.165,INFO,Unity,Null
22:14:23.179,INFO,Unity,Null
22:14:23.192,INFO,Unity,Null
22:14:23.207,INFO,Unity,Null
22:14:23.221,INFO,Unity,Null
22:14:23.234,INFO,Unity,Null
22:14:23.249,INFO,Unity,Null
22:14:23.262,INFO,Unity,Null
22:14:23.276,INFO,Unity,Null
22:14:23.289,INFO,Unity,Null
22:14:23.296,INFO,Unity,Null
22:14:23.312,INFO,Unity,Null
22:14:23.324,INFO,Unity,Null
22:14:23.331,INFO,Unity,Null
22:14:23.340,INFO,Unity,Null
22:14:23.347,INFO,Unity,Null
22:14:23.355,INFO,Unity,Null
22:14:23.369,INFO,Unity,Null
22:14:23.383,INFO,Unity,Null
22:14:23.396,INFO,Unity,Null
22:14:23.410,INFO,Unity,Null
22:14:23.423,INFO,Unity,Null
22:14:23.437,INFO,Unity,Null
22:14:23.452,INFO,Unity,Null
22:14:23.466,INFO,Unity,Null
22:14:23.480,INFO,Unity,Null
22:14:23.493,INFO,Unity,Null
22:14:23.508,INFO,Unity,Null
22:14:23.522,INFO,Unity,Null
22:14:23.535,INFO,Unity,Null
22:14:23.548,INFO,Unity,Null
22:14:23.563,INFO,Unity,Null
22:14:23.577,INFO,Unity,Null
22:14:23.592,INFO,Unity,Null
22:14:23.606,INFO,Unity,Null
22:14:23.620,INFO,Unity,Null
22:14:23.634,INFO,Unity,Null
22:14:23.649,INFO,Unity,Null
22:14:23.664,INFO,Unity,Null
22:14:23.678,INFO,Unity,Null
22:14:23.692,INFO,Unity,Null
22:14:23.707,INFO,Unity,Null
22:14:23.721,INFO,Unity,Null
22:14:23.729,INFO,Unity,Null
22:14:23.738,INFO,Unity,Null
22:14:23.745,INFO,Unity,Null
22:14:23.753,INFO,Unity,Null
22:14:23.761,INFO,Unity,Null
22:14:23.770,INFO,Unity,Null
22:14:23.779,INFO,Unity,Null
22:14:23.791,INFO,Unity,Null
22:14:23.799,INFO,Unity,Null
22:14:23.807,INFO,Unity,Null
22:14:23.815,INFO,Unity,Null
22:14:23.823,INFO,Unity,Null
22:14:23.830,INFO,Unity,Null
22:14:23.837,INFO,Unity,Null
22:14:23.845,INFO,Unity,Null
22:14:23.851,INFO,Unity,Null
22:14:23.861,INFO,Unity,Null
22:14:23.867,INFO,Unity,Null
22:14:23.875,INFO,Unity,Null
22:14:23.881,INFO,Unity,Null
22:14:23.888,INFO,Unity,Null
22:14:23.895,INFO,Unity,Null
22:14:23.902,INFO,Unity,Null
22:14:23.909,INFO,Unity,Null
22:14:23.916,INFO,Unity,Null
22:14:23.924,INFO,Unity,Null
22:14:23.931,INFO,Unity,Null
22:14:23.939,INFO,Unity,Null
22:14:23.944,INFO,Unity,Null
22:14:23.952,INFO,Unity,Null
22:14:23.961,INFO,Unity,Null
22:14:23.968,INFO,Unity,Null
22:14:23.975,INFO,Unity,Null
22:14:23.983,INFO,Unity,Null
22:14:23.991,INFO,Unity,Null
22:14:23.998,INFO,Unity,Null
22:14:24.006,INFO,Unity,Null
22:14:24.014,INFO,Unity,Null
22:14:24.022,INFO,Unity,Null
22:14:24.032,INFO,Unity,Null
22:14:24.040,INFO,Unity,Null
22:14:24.048,INFO,Unity,Null
22:14:24.055,INFO,Unity,Null
22:14:24.064,INFO,Unity,Null
22:14:24.072,INFO,Unity,Null
22:14:24.079,INFO,Unity,Null
22:14:24.087,INFO,Unity,Null
22:14:24.095,INFO,Unity,Null
22:14:24.102,INFO,Unity,Null
22:14:24.111,INFO,Unity,Null
22:14:24.119,INFO,Unity,Null
22:14:24.127,INFO,Unity,Null
22:14:24.134,INFO,Unity,Null
22:14:24.143,INFO,Unity,Null
22:14:24.151,INFO,Unity,Null
22:14:24.158,INFO,Unity,Null
22:14:24.166,INFO,Unity,Null
22:14:24.173,INFO,Unity,Null
22:14:24.182,INFO,Unity,Null
22:14:24.190,INFO,Unity,Null
22:14:24.196,INFO,Unity,Null
22:14:24.205,INFO,Unity,Null
22:14:24.212,INFO,Unity,Null
22:14:24.220,INFO,Unity,Null
22:14:24.228,INFO,Unity,Null
22:14:24.236,INFO,Unity,Null
22:14:24.244,INFO,Unity,Null
22:14:24.251,INFO,Unity,Null
22:14:24.259,INFO,Unity,Null
22:14:24.267,INFO,Unity,Null
22:14:24.274,INFO,Unity,Null
22:14:24.282,INFO,Unity,Null
22:14:24.289,INFO,Unity,Null
22:14:24.297,INFO,Unity,Null
22:14:24.303,INFO,Unity,Null
22:14:24.311,INFO,Unity,Null
22:14:24.320,INFO,Unity,Null
22:14:24.328,INFO,Unity,Null
22:14:24.337,INFO,Unity,Null
22:14:24.344,INFO,Unity,Null
22:14:24.353,INFO,Unity,Null
22:14:24.359,INFO,Unity,Null
22:14:24.368,INFO,Unity,Null
22:14:24.376,INFO,Unity,Null
22:14:24.384,INFO,Unity,Null
22:14:24.392,INFO,Unity,Null
22:14:24.400,INFO,Unity,Null
22:14:24.408,INFO,Unity,Null
22:14:24.416,INFO,Unity,Null
22:14:24.424,INFO,Unity,Null
22:14:24.432,INFO,Unity,Null
22:14:24.440,INFO,Unity,Null
22:14:24.447,INFO,Unity,Null
22:14:24.456,INFO,Unity,Null
22:14:24.463,INFO,Unity,Null
22:14:24.471,INFO,Unity,Null
22:14:24.479,INFO,Unity,Null
22:14:24.487,INFO,Unity,Null
22:14:24.495,INFO,Unity,Null
22:14:24.504,INFO,Unity,Null
22:14:24.511,INFO,Unity,Null
22:14:24.519,INFO,Unity,Null
22:14:24.527,INFO,Unity,Null
22:14:24.535,INFO,Unity,Null
22:14:24.542,INFO,Unity,Null
22:14:24.550,INFO,Unity,Null
22:14:24.558,INFO,Unity,Null
22:14:24.565,INFO,Unity,Null
22:14:24.573,INFO,Unity,Null
22:14:24.580,INFO,Unity,Null
22:14:24.589,INFO,Unity,Null
22:14:24.597,INFO,Unity,Null
22:14:24.605,INFO,Unity,Null
22:14:24.613,INFO,Unity,Null
22:14:24.621,INFO,Unity,Null
22:14:24.628,INFO,Unity,Null
22:14:24.637,INFO,Unity,Null
22:14:24.644,INFO,Unity,Null
22:14:24.651,INFO,Unity,Null
22:14:24.658,INFO,Unity,Null
22:14:24.666,INFO,Unity,Null
22:14:24.675,INFO,Unity,Null
22:14:24.682,INFO,Unity,Null
22:14:24.690,INFO,Unity,Null
22:14:24.698,INFO,Unity,Null
22:14:24.706,INFO,Unity,Null
22:14:24.714,INFO,Unity,Null
22:14:24.722,INFO,Unity,Null
22:14:24.729,INFO,Unity,Null
22:14:24.739,INFO,Unity,Null
22:14:24.746,INFO,Unity,Null
22:14:24.754,INFO,Unity,Null
22:14:24.762,INFO,Unity,Null
22:14:24.771,INFO,Unity,Null
22:14:24.779,INFO,Unity,Null
22:14:24.788,INFO,Unity,Null
22:14:24.795,INFO,Unity,Null
22:14:24.802,INFO,Unity,Null
22:14:24.810,INFO,Unity,Null
22:14:24.819,INFO,Unity,Null
22:14:24.827,INFO,Unity,Null
22:14:24.835,INFO,Unity,Null
22:14:24.841,INFO,Unity,Null
22:14:24.849,INFO,Unity,Null
22:14:24.856,INFO,Unity,Null
22:14:24.863,INFO,Unity,Null
22:14:24.870,INFO,Unity,Null
22:14:24.879,INFO,Unity,Null
22:14:24.885,INFO,Unity,Null
22:14:24.893,INFO,Unity,Null
22:14:24.899,INFO,Unity,Null
22:14:24.908,INFO,Unity,Null
22:14:24.917,INFO,Unity,Null
22:14:24.927,INFO,Unity,Null
22:14:24.936,INFO,Unity,Null
22:14:24.945,INFO,Unity,Null
22:14:24.952,INFO,Unity,Null
22:14:24.960,INFO,Unity,Null
22:14:24.969,INFO,Unity,Null
22:14:24.977,INFO,Unity,Null
22:14:24.985,INFO,Unity,Null
22:14:24.993,INFO,Unity,Null
22:14:25.001,INFO,Unity,Null
22:14:25.009,INFO,Unity,Null
22:14:25.017,INFO,Unity,Null
22:14:25.026,INFO,Unity,Null
22:14:25.036,INFO,Unity,Null
22:14:25.044,INFO,Unity,Null
22:14:25.051,INFO,Unity,Null
22:14:25.059,INFO,Unity,Null
22:14:25.066,INFO,Unity,Null
22:14:25.077,INFO,Unity,Null
22:14:25.083,INFO,Unity,Null
22:14:25.088,INFO,Unity,Null
22:14:25.092,INFO,Unity,Null
22:14:25.096,INFO,Unity,Null
22:14:25.100,INFO,Unity,Null
22:14:25.104,INFO,Unity,Null
22:14:25.108,INFO,Unity,Null
22:14:25.112,INFO,Unity,Null
22:14:25.115,INFO,Unity,Null
22:14:25.119,INFO,Unity,Null
22:14:25.124,INFO,Unity,Null
22:14:25.129,INFO,Unity,Null
22:14:25.132,INFO,Unity,Null
22:14:25.136,INFO,Unity,Null
22:14:25.142,INFO,Unity,Null
22:14:25.146,INFO,Unity,Null
22:14:25.151,INFO,Unity,Null
22:14:25.154,INFO,Unity,Null
22:14:25.159,INFO,Unity,Null
22:14:25.162,INFO,Unity,Null
22:14:25.166,INFO,Unity,Null
22:14:25.171,INFO,Unity,Null
22:14:25.175,INFO,Unity,Null
22:14:25.179,INFO,Unity,Null
22:14:25.182,INFO,Unity,Null
22:14:25.187,INFO,Unity,Null
22:14:25.191,INFO,Unity,Null
22:14:25.195,INFO,Unity,Null
22:14:25.199,INFO,Unity,Null
22:14:25.204,INFO,Unity,Null
22:14:25.208,INFO,Unity,Null
22:14:25.211,INFO,Unity,Null
22:14:25.215,INFO,Unity,Null
22:14:25.219,INFO,Unity,Null
22:14:25.224,INFO,Unity,Null
22:14:25.228,INFO,Unity,Null
22:14:25.232,INFO,Unity,Null
22:14:25.236,INFO,Unity,Null
22:14:25.240,INFO,Unity,Null
22:14:25.244,INFO,Unity,Null
22:14:25.248,INFO,Unity,Null
22:14:25.252,INFO,Unity,Null
22:14:25.256,INFO,Unity,Null
22:14:25.260,INFO,Unity,Null
22:14:25.264,INFO,Unity,Null
22:14:25.268,INFO,Unity,Null
22:14:25.272,INFO,Unity,Null
22:14:25.276,INFO,Unity,Null
22:14:25.280,INFO,Unity,Null
22:14:25.285,INFO,Unity,Null
22:14:25.290,INFO,Unity,Null
22:14:25.295,INFO,Unity,Null
22:14:25.299,INFO,Unity,Null
22:14:25.304,INFO,Unity,Null
22:14:25.308,INFO,Unity,Null
22:14:25.313,INFO,Unity,Null
22:14:25.317,INFO,Unity,Null
22:14:25.322,INFO,Unity,Null
22:14:25.326,INFO,Unity,Null
22:14:25.331,INFO,Unity,Null
22:14:25.336,INFO,Unity,Null
22:14:25.340,INFO,Unity,Null
22:14:25.346,INFO,Unity,Null
22:14:25.350,INFO,Unity,Null
22:14:25.355,INFO,Unity,Null
22:14:25.360,INFO,Unity,Null
22:14:25.365,INFO,Unity,Null
22:14:25.369,INFO,Unity,Null
22:14:25.374,INFO,Unity,Null
22:14:25.379,INFO,Unity,Null
22:14:25.383,INFO,Unity,Null
22:14:25.387,INFO,Unity,Null
22:14:25.392,INFO,Unity,Null
22:14:25.396,INFO,Unity,Null
22:14:25.401,INFO,Unity,Null
22:14:25.406,INFO,Unity,Null
22:14:25.410,INFO,Unity,Null
22:14:25.415,INFO,Unity,Null
22:14:25.419,INFO,Unity,Null
22:14:25.424,INFO,Unity,Null
22:14:25.429,INFO,Unity,Null
22:14:25.432,INFO,Unity,Null
22:14:25.437,INFO,Unity,Null
22:14:25.442,INFO,Unity,Null
22:14:25.447,INFO,Unity,Null
22:14:25.451,INFO,Unity,Null
22:14:25.455,INFO,Unity,Null
22:14:25.460,INFO,Unity,Null
22:14:25.464,INFO,Unity,Null
22:14:25.469,INFO,Unity,Null
22:14:25.474,INFO,Unity,Null
22:14:25.478,INFO,Unity,Null
22:14:25.483,INFO,Unity,Null
22:14:25.488,INFO,Unity,Null
22:14:25.493,INFO,Unity,Null
22:14:25.497,INFO,Unity,Null
22:14:25.501,INFO,Unity,Null
22:14:25.506,INFO,Unity,Null
22:14:25.511,INFO,Unity,Null
22:14:25.515,INFO,Unity,Null
22:14:25.520,INFO,Unity,Null
22:14:25.525,INFO,Unity,Null
22:14:25.529,INFO,Unity,Null
22:14:25.535,INFO,Unity,Null
22:14:25.539,INFO,Unity,Null
22:14:25.543,INFO,Unity,Null
22:14:25.547,INFO,Unity,Null
22:14:25.552,INFO,Unity,Null
22:14:25.556,INFO,Unity,Null
22:14:25.561,INFO,Unity,Null
22:14:25.566,INFO,Unity,Null
22:14:25.569,INFO,Unity,Null
22:14:25.573,INFO,Unity,Null
22:14:25.578,INFO,Unity,Null
22:14:25.582,INFO,Unity,Null
22:14:25.587,INFO,Unity,Null
22:14:25.592,INFO,Unity,Null
22:14:25.595,INFO,Unity,Null
22:14:25.600,INFO,Unity,Null
22:14:25.605,INFO,Unity,Null
22:14:25.609,INFO,Unity,Null
22:14:25.612,INFO,Unity,Null
22:14:25.617,INFO,Unity,Null
22:14:25.622,INFO,Unity,Null
22:14:25.626,INFO,Unity,Null
22:14:25.629,INFO,Unity,Null
22:14:25.633,INFO,Unity,Null
22:14:25.637,INFO,Unity,Null
22:14:25.641,INFO,Unity,Null
22:14:25.645,INFO,Unity,Null
22:14:25.648,INFO,Unity,Null
22:14:25.652,INFO,Unity,Null
22:14:25.657,INFO,Unity,Null
22:14:25.661,INFO,Unity,Null
22:14:25.666,INFO,Unity,Null
22:14:25.670,INFO,Unity,Null
22:14:25.674,INFO,Unity,Null
22:14:25.677,INFO,Unity,Null
22:14:25.681,INFO,Unity,Null
22:14:25.686,INFO,Unity,Null
22:14:25.691,INFO,Unity,Null
22:14:25.694,INFO,Unity,Null
22:14:25.699,INFO,Unity,Null
22:14:25.703,INFO,Unity,Null
22:14:25.707,INFO,Unity,Null
22:14:25.710,INFO,Unity,Null
22:14:25.714,INFO,Unity,Null
22:14:25.719,INFO,Unity,Null
22:14:25.722,INFO,Unity,Null
22:14:25.726,INFO,Unity,Null
22:14:25.731,INFO,Unity,Null
22:14:25.735,INFO,Unity,Null
22:14:25.740,INFO,Unity,Null
22:14:25.743,INFO,Unity,Null
22:14:25.747,INFO,Unity,Null
22:14:25.751,INFO,Unity,Null
22:14:25.756,INFO,Unity,Null
22:14:25.759,INFO,Unity,Null
22:14:25.764,INFO,Unity,Null
22:14:25.768,INFO,Unity,Null
22:14:25.772,INFO,Unity,Null
22:14:25.775,INFO,Unity,Null
22:14:25.780,INFO,Unity,Null
22:14:25.783,INFO,Unity,Null
22:14:25.787,INFO,Unity,Null
22:14:25.792,INFO,Unity,Null
22:14:25.796,INFO,Unity,Null
22:14:25.799,INFO,Unity,Null
22:14:25.802,INFO,Unity,Null
22:14:25.807,INFO,Unity,Null
22:14:25.811,INFO,Unity,Null
22:14:25.815,INFO,Unity,Null
22:14:25.818,INFO,Unity,Null
22:14:25.822,INFO,Unity,Null
22:14:25.826,INFO,Unity,Null
22:14:25.830,INFO,Unity,Null
22:14:25.835,INFO,Unity,Null
22:14:25.839,INFO,Unity,Null
22:14:25.842,INFO,Unity,Null
22:14:25.847,INFO,Unity,Null
22:14:25.850,INFO,Unity,Null
22:14:25.854,INFO,Unity,Null
22:14:25.859,INFO,Unity,Null
22:14:25.862,INFO,Unity,Null
22:14:25.867,INFO,Unity,Null
22:14:25.871,INFO,Unity,Null
22:14:25.874,INFO,Unity,Null
22:14:25.879,INFO,Unity,Null
22:14:25.882,INFO,Unity,Null
22:14:25.885,INFO,Unity,Null
22:14:25.892,INFO,Unity,Null
22:14:25.895,INFO,Unity,Null
22:14:25.899,INFO,Unity,Null
22:14:25.903,INFO,Unity,Null
22:14:25.907,INFO,Unity,Null
22:14:25.912,INFO,Unity,Null
22:14:25.915,INFO,Unity,Null
22:14:25.918,INFO,Unity,Null
22:14:25.922,INFO,Unity,Null
22:14:25.927,INFO,Unity,Null
22:14:25.931,INFO,Unity,Null
22:14:25.936,INFO,Unity,Null
22:14:25.941,INFO,Unity,Null
22:14:25.945,INFO,Unity,Null
22:14:25.948,INFO,Unity,Null
22:14:25.953,INFO,Unity,Null
22:14:25.956,INFO,Unity,Null
22:14:25.960,INFO,Unity,Null
22:14:25.963,INFO,Unity,Null
22:14:25.968,INFO,Unity,Null
22:14:25.972,INFO,Unity,Null
22:14:25.976,INFO,Unity,Null
22:14:25.980,INFO,Unity,Null
22:14:25.983,INFO,Unity,Null
22:14:25.988,INFO,Unity,Null
22:14:25.991,INFO,Unity,Null
22:14:25.996,INFO,Unity,Null
22:14:26.000,INFO,Unity,Null
22:14:26.003,INFO,Unity,Null
22:14:26.008,INFO,Unity,Null
22:14:26.011,INFO,Unity,Null
22:14:26.015,INFO,Unity,Null
22:14:26.019,INFO,Unity,Null
22:14:26.023,INFO,Unity,Null
22:14:26.026,INFO,Unity,Null
22:14:26.030,INFO,Unity,Null
22:14:26.035,INFO,Unity,Null
22:14:26.039,INFO,Unity,Null
22:14:26.043,INFO,Unity,Null
22:14:26.047,INFO,Unity,Null
22:14:26.051,INFO,Unity,Null
22:14:26.055,INFO,Unity,Null
22:14:26.058,INFO,Unity,Null
22:14:26.062,INFO,Unity,Null
22:14:26.066,INFO,Unity,Null
22:14:26.070,INFO,Unity,Null
22:14:26.074,INFO,Unity,Null
22:14:26.079,INFO,Unity,Null
22:14:26.082,INFO,Unity,Null
22:14:26.086,INFO,Unity,Null
22:14:26.090,INFO,Unity,Null
22:14:26.095,INFO,Unity,Null
22:14:26.099,INFO,Unity,Null
22:14:26.102,INFO,Unity,Null
22:14:26.107,INFO,Unity,Null
22:14:26.111,INFO,Unity,Null
22:14:26.114,INFO,Unity,Null
22:14:26.118,INFO,Unity,Null
22:14:26.122,INFO,Unity,Null
22:14:26.126,INFO,Unity,Null
22:14:26.130,INFO,Unity,Null
22:14:26.134,INFO,Unity,Null
22:14:26.137,INFO,Unity,Null
22:14:26.142,INFO,Unity,Null
22:14:26.145,INFO,Unity,Null
22:14:26.149,INFO,Unity,Null
22:14:26.154,INFO,Unity,Null
22:14:26.159,INFO,Unity,Null
22:14:26.162,INFO,Unity,Null
22:14:26.166,INFO,Unity,Null
22:14:26.169,INFO,Unity,Null
22:14:26.174,INFO,Unity,Null
22:14:26.178,INFO,Unity,Null
22:14:26.182,INFO,Unity,Null
22:14:26.186,INFO,Unity,Null
22:14:26.190,INFO,Unity,Null
22:14:26.194,INFO,Unity,Null
22:14:26.197,INFO,Unity,Null
22:14:26.201,INFO,Unity,Null
22:14:26.206,INFO,Unity,Null
22:14:26.210,INFO,Unity,Null
22:14:26.213,INFO,Unity,Null
22:14:26.218,INFO,Unity,Null
22:14:26.229,INFO,Unity,Null
22:14:26.240,INFO,Unity,Null
22:14:26.251,INFO,Unity,Null
22:14:26.261,INFO,Unity,Null
22:14:26.271,INFO,Unity,Null
22:14:26.283,INFO,Unity,Null
22:14:26.293,INFO,Unity,Null
22:14:26.305,INFO,Unity,Null
22:14:26.315,INFO,Unity,Null
22:14:26.326,INFO,Unity,Null
22:14:26.337,INFO,Unity,Null
22:14:26.347,INFO,Unity,Null
22:14:26.358,INFO,Unity,Null
22:14:26.368,INFO,Unity,Null
22:14:26.380,INFO,Unity,Null
22:14:26.389,INFO,Unity,Null
22:14:26.401,INFO,Unity,Null
22:14:26.412,INFO,Unity,Null
22:14:26.422,INFO,Unity,Null
22:14:26.432,INFO,Unity,Null
22:14:26.445,INFO,Unity,Null
22:14:26.455,INFO,Unity,Null
22:14:26.465,INFO,Unity,Null
22:14:26.476,INFO,Unity,Null
22:14:26.487,INFO,Unity,Null
22:14:26.496,INFO,Unity,Null
22:14:26.508,INFO,Unity,Null
22:14:26.518,INFO,Unity,Null
22:14:26.529,INFO,Unity,Null
22:14:26.541,INFO,Unity,Null
22:14:26.552,INFO,Unity,Null
22:14:26.562,INFO,Unity,Null
22:14:26.572,INFO,Unity,Null
22:14:26.582,INFO,Unity,Null
22:14:26.594,INFO,Unity,Null
22:14:26.603,INFO,Unity,Null
22:14:26.615,INFO,Unity,Null
22:14:26.626,INFO,Unity,Null
22:14:26.638,INFO,Unity,Null
22:14:26.648,INFO,Unity,Null
22:14:26.660,INFO,Unity,Null
22:14:26.671,INFO,Unity,Null
22:14:26.682,INFO,Unity,Null
22:14:26.693,INFO,Unity,Null
22:14:26.705,INFO,Unity,Null
22:14:26.716,INFO,Unity,Null
22:14:26.727,INFO,Unity,Null
22:14:26.738,INFO,Unity,Null
22:14:26.749,INFO,Unity,Null
22:14:26.760,INFO,Unity,Null
22:14:26.771,INFO,Unity,Null
22:14:26.782,INFO,Unity,Null
22:14:26.792,INFO,Unity,Null
22:14:26.804,INFO,Unity,Null
22:14:26.815,INFO,Unity,Null
22:14:26.826,INFO,Unity,Null
22:14:26.836,INFO,Unity,Null
22:14:26.848,INFO,Unity,Null
22:14:26.858,INFO,Unity,Null
22:14:26.870,INFO,Unity,Null
22:14:26.880,INFO,Unity,Null
22:14:26.891,INFO,Unity,Null
22:14:26.901,INFO,Unity,Null
22:14:26.912,INFO,Unity,Null
22:14:26.923,INFO,Unity,Null
22:14:26.933,INFO,Unity,Null
22:14:26.945,INFO,Unity,Null
22:14:26.956,INFO,Unity,Null
22:14:26.967,INFO,Unity,Null
22:14:26.977,INFO,Unity,Null
22:14:26.988,INFO,Unity,Null
22:14:26.999,INFO,Unity,Null
22:14:27.010,INFO,Unity,Null
22:14:27.021,INFO,Unity,Null
22:14:27.033,INFO,Unity,Null
22:14:27.043,INFO,Unity,Null
22:14:27.054,INFO,Unity,Null
22:14:27.065,INFO,Unity,Null
22:14:27.075,INFO,Unity,Null
22:14:27.086,INFO,Unity,Null
22:14:27.097,INFO,Unity,Null
22:14:27.107,INFO,Unity,Null
22:14:27.117,INFO,Unity,Null
22:14:27.130,INFO,Unity,Null
22:14:27.140,INFO,Unity,Null
22:14:27.150,INFO,Unity,Null
22:14:27.161,INFO,Unity,Null
22:14:27.172,INFO,Unity,Null
22:14:27.183,INFO,Unity,Null
22:14:27.194,INFO,Unity,Null
22:14:27.205,INFO,Unity,Null
22:14:27.215,INFO,Unity,Null
22:14:27.225,INFO,Unity,Null
22:14:27.237,INFO,Unity,Null
22:14:27.247,INFO,Unity,Null
22:14:27.257,INFO,Unity,Null
22:14:27.268,INFO,Unity,Null
22:14:27.279,INFO,Unity,Null
22:14:27.290,INFO,Unity,Null
22:14:27.300,INFO,Unity,Null
22:14:27.310,INFO,Unity,Null
22:14:27.320,INFO,Unity,Null
22:14:27.332,INFO,Unity,Null
22:14:27.342,INFO,Unity,Null
22:14:27.352,INFO,Unity,Null
22:14:27.364,INFO,Unity,Null
22:14:27.374,INFO,Unity,Null
22:14:27.384,INFO,Unity,Null
22:14:27.395,INFO,Unity,Null
22:14:27.405,INFO,Unity,Null
22:14:27.415,INFO,Unity,Null
22:14:27.426,INFO,Unity,Null
22:14:27.437,INFO,Unity,Null
22:14:27.447,INFO,Unity,Null
22:14:27.458,INFO,Unity,Null
22:14:27.469,INFO,Unity,Null
22:14:27.480,INFO,Unity,Null
22:14:27.491,INFO,Unity,Null
22:14:27.501,INFO,Unity,Null
22:14:27.512,INFO,Unity,Null
22:14:27.523,INFO,Unity,Null
22:14:27.534,INFO,Unity,Null
22:14:27.546,INFO,Unity,Null
22:14:27.557,INFO,Unity,Null
22:14:27.567,INFO,Unity,Null
22:14:27.578,INFO,Unity,Null
22:14:27.588,INFO,Unity,Null
22:14:27.600,INFO,Unity,Null
22:14:27.611,INFO,Unity,Null
22:14:27.622,INFO,Unity,Null
22:14:27.632,INFO,Unity,Null
22:14:27.642,INFO,Unity,Null
22:14:27.653,INFO,Unity,Null
22:14:27.664,INFO,Unity,Null
22:14:27.675,INFO,Unity,Null
22:14:27.686,INFO,Unity,Null
22:14:27.697,INFO,Unity,Null
22:14:27.708,INFO,Unity,Null
22:14:27.719,INFO,Unity,Null
22:14:27.730,INFO,Unity,Null
22:14:27.743,INFO,Unity,Null
22:14:27.753,INFO,Unity,Null
22:14:27.765,INFO,Unity,Null
22:14:27.777,INFO,Unity,Null
22:14:27.788,INFO,Unity,Null
22:14:27.799,INFO,Unity,Null
22:14:27.812,INFO,Unity,Null
22:14:27.824,INFO,Unity,Null
22:14:27.837,INFO,Unity,Null
22:14:27.848,INFO,Unity,Null
22:14:27.860,INFO,Unity,Null
22:14:27.871,INFO,Unity,Null
22:14:27.876,INFO,Unity,Null
22:14:27.881,INFO,Unity,Null
22:14:27.886,INFO,Unity,Null
22:14:27.891,INFO,Unity,Null
22:14:27.895,INFO,Unity,Null
22:14:27.901,INFO,Unity,Null
22:14:27.906,INFO,Unity,Null
22:14:27.909,INFO,Unity,Null
22:14:27.914,INFO,Unity,Null
22:14:27.919,INFO,Unity,Null
22:14:27.923,INFO,Unity,Null
22:14:27.929,INFO,Unity,Null
22:14:27.941,INFO,Unity,Null
22:14:27.946,INFO,Unity,Null
22:14:27.951,INFO,Unity,Null
22:14:27.956,INFO,Unity,Null
22:14:27.961,INFO,Unity,Null
22:14:27.965,INFO,Unity,Null
22:14:27.969,INFO,Unity,Null
22:14:27.975,INFO,Unity,Null
22:14:27.979,INFO,Unity,Null
22:14:27.984,INFO,Unity,Null
22:14:27.988,INFO,Unity,Null
22:14:27.994,INFO,Unity,Null
22:14:27.998,INFO,Unity,Null
22:14:28.003,INFO,Unity,Null
22:14:28.008,INFO,Unity,Null
22:14:28.012,INFO,Unity,Null
22:14:28.016,INFO,Unity,Null
22:14:28.022,INFO,Unity,Null
22:14:28.027,INFO,Unity,Null
22:14:28.032,INFO,Unity,Null
22:14:28.037,INFO,Unity,Null
22:14:28.041,INFO,Unity,Null
22:14:28.046,INFO,Unity,Null
22:14:28.051,INFO,Unity,Null
22:14:28.056,INFO,Unity,Null
22:14:28.060,INFO,Unity,Null
22:14:28.065,INFO,Unity,Null
22:14:28.070,INFO,Unity,Null
22:14:28.075,INFO,Unity,Null
22:14:28.081,INFO,Unity,Null
22:14:28.092,INFO,Unity,Null
22:14:28.097,INFO,Unity,Null
22:14:28.103,INFO,Unity,Null
22:14:28.108,INFO,Unity,Null
22:14:28.112,INFO,Unity,Null
22:14:28.118,INFO,Unity,Null
22:14:28.122,INFO,Unity,Null
22:14:28.127,INFO,Unity,Null
22:14:28.132,INFO,Unity,Null
22:14:28.137,INFO,Unity,Null
22:14:28.142,INFO,Unity,Null
22:14:28.148,INFO,Unity,Null
22:14:28.153,INFO,Unity,Null
22:14:28.158,INFO,Unity,Null
22:14:28.164,INFO,Unity,Null
22:14:28.168,INFO,Unity,Null
22:14:28.173,INFO,Unity,Null
22:14:28.177,INFO,Unity,Null
22:14:28.182,INFO,Unity,Null
22:14:28.187,INFO,Unity,Null
22:14:28.192,INFO,Unity,Null
22:14:28.197,INFO,Unity,Null
22:14:28.202,INFO,Unity,Null
22:14:28.206,INFO,Unity,Null
22:14:28.211,INFO,Unity,Null
22:14:28.216,INFO,Unity,Null
22:14:28.222,INFO,Unity,Rag (ObjectHighlight)
22:14:28.226,INFO,Unity,Rag (ObjectHighlight)
22:14:28.231,INFO,Unity,Rag (ObjectHighlight)
22:14:28.244,INFO,Unity,Rag (ObjectHighlight)
22:14:28.248,INFO,Unity,Rag (ObjectHighlight)
22:14:28.254,DEBUG,PlayerInteractCarryable,집기 조작 Rag (UnityEngine.BoxCollider2D)
22:14:28.257,INFO,Unity,Null
22:14:28.262,INFO,Unity,Null
22:14:28.267,INFO,Unity,Null
22:14:28.280,INFO,Unity,Null
22:14:28.293,INFO,Unity,Null
22:14:28.305,INFO,Unity,Null
22:14:28.318,INFO,Unity,Null
22:14:28.331,INFO,Unity,Null
22:14:28.343,INFO,Unity,Null
22:14:28.358,INFO,Unity,Null
22:14:28.371,INFO,Unity,Null
22:14:28.383,INFO,Unity,Null
22:14:28.396,INFO,Unity,Null
22:14:28.409,INFO,Unity,Null
22:14:28.422,INFO,Unity,Null
22:14:28.434,INFO,Unity,Null
22:14:28.447,INFO,Unity,Null
22:14:28.460,INFO,Unity,Null
22:14:28.474,INFO,Unity,Null
22:14:28.486,INFO,Unity,Null
22:14:28.498,INFO,Unity,Null
22:14:28.511,INFO,Unity,Null
22:14:28.524,INFO,Unity,Null
22:14:28.537,INFO,Unity,Null
22:14:28.550,INFO,Unity,Null
22:14:28.565,INFO,Unity,Null
22:14:28.577,INFO,Unity,Null
22:14:28.590,INFO,Unity,Null
22:14:28.602,INFO,Unity,Null
22:14:28.616,INFO,Unity,Null
22:14:28.629,INFO,Unity,Null
22:14:28.643,INFO,Unity,Null
22:14:28.655,INFO,Unity,Null
22:14:28.667,INFO,Unity,Null
22:14:28.682,INFO,Unity,Null
22:14:28.695,INFO,Unity,Null
22:14:28.706,INFO,Unity,Null
22:14:28.718,INFO,Unity,Null
22:14:28.729,INFO,Unity,Null
22:14:28.740,INFO,Unity,Null
22:14:28.751,INFO,Unity,Null
22:14:28.764,INFO,Unity,Null
22:14:28.774,INFO,Unity,Null
22:14:28.785,INFO,Unity,Null
22:14:28.796,INFO,Unity,Null
22:14:28.808,INFO,Unity,Null
22:14:28.820,INFO,Unity,Null
22:14:28.831,INFO,Unity,Null
22:14:28.842,INFO,Unity,Null
22:14:28.854,INFO,Unity,Null
22:14:28.867,INFO,Unity,Null
22:14:28.878,INFO,Unity,Null
22:14:28.889,INFO,Unity,Null
22:14:28.900,INFO,Unity,Null
22:14:28.910,INFO,Unity,Null
22:14:28.920,INFO,Unity,Null
22:14:28.932,INFO,Unity,Null
22:14:28.942,INFO,Unity,Null
22:14:28.952,INFO,Unity,Null
22:14:28.963,INFO,Unity,Null
22:14:28.975,INFO,Unity,Null
22:14:28.986,INFO,Unity,Null
22:14:28.996,INFO,Unity,Null
22:14:29.007,INFO,Unity,Null
22:14:29.017,INFO,Unity,Null
22:14:29.027,INFO,Unity,Null
22:14:29.037,INFO,Unity,Null
22:14:29.049,INFO,Unity,Null
22:14:29.060,INFO,Unity,Null
22:14:29.072,INFO,Unity,Null
22:14:29.083,INFO,Unity,Null
22:14:29.095,INFO,Unity,Null
22:14:29.105,INFO,Unity,Null
22:14:29.115,INFO,Unity,Null
22:14:29.127,INFO,Unity,Null
22:14:29.137,INFO,Unity,Null
22:14:29.147,INFO,Unity,Null
22:14:29.159,INFO,Unity,Null
22:14:29.171,INFO,Unity,Null
22:14:29.184,INFO,Unity,Null
22:14:29.195,INFO,Unity,Null
22:14:29.206,INFO,Unity,Null
22:14:29.217,INFO,Unity,Null
22:14:29.228,INFO,Unity,Null
22:14:29.239,INFO,Unity,Null
22:14:29.251,INFO,Unity,Null
22:14:29.262,INFO,Unity,Null
22:14:29.272,INFO,Unity,Null
22:14:29.283,INFO,Unity,Null
22:14:29.294,INFO,Unity,Null
22:14:29.306,INFO,Unity,Null
22:14:29.317,INFO,Unity,Null
22:14:29.330,INFO,Unity,Null
22:14:29.343,INFO,Unity,Null
22:14:29.354,INFO,Unity,Null
22:14:29.364,INFO,Unity,Null
22:14:29.375,INFO,Unity,Null
22:14:29.387,INFO,Unity,Null
22:14:29.398,INFO,Unity,Null
22:14:29.409,INFO,Unity,Null
22:14:29.418,INFO,Unity,Null
22:14:29.431,INFO,Unity,Null
22:14:29.442,INFO,Unity,Null
22:14:29.452,INFO,Unity,Null
22:14:29.463,INFO,Unity,Null
22:14:29.474,INFO,Unity,Null
22:14:29.485,INFO,Unity,Null
22:14:29.496,INFO,Unity,Null
22:14:29.507,INFO,Unity,Null
22:14:29.518,INFO,Unity,Null
22:14:29.529,INFO,Unity,Null
22:14:29.540,INFO,Unity,Null
22:14:29.550,INFO,Unity,Null
22:14:29.561,INFO,Unity,Null
22:14:29.572,INFO,Unity,Null
22:14:29.584,INFO,Unity,Null
22:14:29.594,INFO,Unity,Null
22:14:29.604,INFO,Unity,Null
22:14:29.614,INFO,Unity,Null
22:14:29.626,INFO,Unity,Null
22:14:29.637,INFO,Unity,Null
22:14:29.648,INFO,Unity,Null
22:14:29.659,INFO,Unity,Null
22:14:29.669,INFO,Unity,Null
22:14:29.680,INFO,Unity,Null
22:14:29.691,INFO,Unity,Null
22:14:29.701,INFO,Unity,Null
22:14:29.713,INFO,Unity,Null
22:14:29.724,INFO,Unity,Null
22:14:29.736,INFO,Unity,Null
22:14:29.746,INFO,Unity,Null
22:14:29.757,INFO,Unity,Null
22:14:29.769,INFO,Unity,Null
22:14:29.780,INFO,Unity,Null
22:14:29.791,INFO,Unity,Null
22:14:29.803,INFO,Unity,Null
22:14:29.813,INFO,Unity,Null
22:14:29.824,INFO,Unity,Null
22:14:29.834,INFO,Unity,Null
22:14:29.845,INFO,Unity,Null
22:14:29.856,INFO,Unity,Null
22:14:29.868,INFO,Unity,Null
22:14:29.878,INFO,Unity,Null
22:14:29.889,INFO,Unity,Null
22:14:29.900,INFO,Unity,Null
22:14:29.911,INFO,Unity,Null
22:14:29.922,INFO,Unity,Null
22:14:29.935,INFO,Unity,Null
22:14:29.950,INFO,Unity,Null
22:14:29.965,INFO,Unity,Null
22:14:29.978,INFO,Unity,Null
22:14:29.991,INFO,Unity,Null
22:14:30.004,INFO,Unity,Null
22:14:30.016,INFO,Unity,Rag (ObjectHighlight)
22:14:30.028,INFO,Unity,Rag (ObjectHighlight)
22:14:30.040,INFO,Unity,Rag (ObjectHighlight)
22:14:30.051,INFO,Unity,Rag (ObjectHighlight)
22:14:30.063,INFO,Unity,Rag (ObjectHighlight)
22:14:30.074,INFO,Unity,Rag (ObjectHighlight)
22:14:30.085,INFO,Unity,Rag (ObjectHighlight)
22:14:30.095,INFO,Unity,Rag (ObjectHighlight)
22:14:30.106,INFO,Unity,Rag (ObjectHighlight)
22:14:30.117,INFO,Unity,Null
22:14:30.128,INFO,Unity,Null
22:14:30.139,INFO,Unity,Null
22:14:30.150,INFO,Unity,Null
22:14:30.160,INFO,Unity,Null
22:14:30.172,INFO,Unity,Null
22:14:30.183,INFO,Unity,Null
22:14:30.193,INFO,Unity,Null
22:14:30.206,INFO,Unity,Null
22:14:30.216,INFO,Unity,Null
22:14:30.227,INFO,Unity,Null
22:14:30.238,INFO,Unity,Null
22:14:30.249,INFO,Unity,Null
22:14:30.259,INFO,Unity,Null
22:14:30.269,INFO,Unity,Null
22:14:30.280,INFO,Unity,Null
22:14:30.291,INFO,Unity,Null
22:14:30.301,INFO,Unity,Null
22:14:30.311,INFO,Unity,Null
22:14:30.322,INFO,Unity,Null
22:14:30.334,INFO,Unity,Null
22:14:30.344,INFO,Unity,Null
22:14:30.354,INFO,Unity,Null
22:14:30.366,INFO,Unity,Null
22:14:30.377,INFO,Unity,Null
22:14:30.388,INFO,Unity,Null
22:14:30.401,INFO,Unity,Null
22:14:30.414,INFO,Unity,Null
22:14:30.426,INFO,Unity,Null
22:14:30.436,INFO,Unity,Null
22:14:30.448,INFO,Unity,Null
22:14:30.458,INFO,Unity,Null
22:14:30.469,INFO,Unity,Null
22:14:30.480,INFO,Unity,Null
22:14:30.491,INFO,Unity,Null
22:14:30.502,INFO,Unity,Null
22:14:30.512,INFO,Unity,Null
22:14:30.523,INFO,Unity,Null
22:14:30.533,INFO,Unity,Null
22:14:30.543,INFO,Unity,Null
22:14:30.554,INFO,Unity,Null
22:14:30.564,INFO,Unity,Null
22:14:30.576,INFO,Unity,Null
22:14:30.586,INFO,Unity,Null
22:14:30.596,INFO,Unity,Null
22:14:30.607,INFO,Unity,Null
22:14:30.617,INFO,Unity,Null
22:14:30.628,INFO,Unity,Null
22:14:30.638,INFO,Unity,Null
22:14:30.648,INFO,Unity,Null
22:14:30.658,INFO,Unity,Null
22:14:30.669,INFO,Unity,Null
22:14:30.680,INFO,Unity,Null
22:14:30.691,INFO,Unity,Null
22:14:30.702,INFO,Unity,Null
22:14:30.712,INFO,Unity,Null
22:14:30.724,INFO,Unity,Null
22:14:30.735,INFO,Unity,Null
22:14:30.745,INFO,Unity,Null
22:14:30.757,INFO,Unity,Null
22:14:30.767,INFO,Unity,Null
22:14:30.777,INFO,Unity,Null
22:14:30.787,INFO,Unity,Null
22:14:30.798,INFO,Unity,Null
22:14:30.808,INFO,Unity,Null
22:14:30.819,INFO,Unity,Null
22:14:30.830,INFO,Unity,Null
22:14:30.840,INFO,Unity,Null
22:14:30.850,INFO,Unity,Null
22:14:30.861,INFO,Unity,Null
22:14:30.871,INFO,Unity,Null
22:14:30.882,INFO,Unity,Null
22:14:30.892,INFO,Unity,Null
22:14:30.902,INFO,Unity,Null
22:14:30.913,INFO,Unity,Null
22:14:30.923,INFO,Unity,Null
22:14:30.935,INFO,Unity,Null
22:14:30.946,INFO,Unity,Null
22:14:30.956,INFO,Unity,Null
22:14:30.967,INFO,Unity,Null
22:14:30.977,INFO,Unity,Null
22:14:30.988,INFO,Unity,Null
22:14:30.998,INFO,Unity,Null
22:14:31.009,INFO,Unity,Null
22:14:31.019,INFO,Unity,Null
22:14:31.031,INFO,Unity,Null
22:14:31.041,INFO,Unity,Null
22:14:31.052,INFO,Unity,Null
22:14:31.062,INFO,Unity,Null
22:14:31.073,INFO,Unity,Null
22:14:31.082,INFO,Unity,Null
22:14:31.093,INFO,Unity,Null
22:14:31.102,INFO,Unity,Null
22:14:31.114,INFO,Unity,Null
22:14:31.124,INFO,Unity,Null
22:14:31.135,INFO,Unity,Null
22:14:31.146,INFO,Unity,Null
22:14:31.156,INFO,Unity,Null
22:14:31.167,INFO,Unity,Null
22:14:31.178,INFO,Unity,Null
22:14:31.187,INFO,Unity,Null
22:14:31.198,INFO,Unity,Null
22:14:31.208,INFO,Unity,Null
22:14:31.219,INFO,Unity,Null
22:14:31.230,INFO,Unity,Null
22:14:31.240,INFO,Unity,Null
22:14:31.251,INFO,Unity,Null
22:14:31.261,INFO,Unity,Null
22:14:31.272,INFO,Unity,Null
22:14:31.282,INFO,Unity,Null
22:14:31.293,INFO,Unity,Null
22:14:31.303,INFO,Unity,Null
22:14:31.313,INFO,Unity,Null
22:14:31.322,INFO,Unity,Null
22:14:31.334,INFO,Unity,Null
22:14:31.345,INFO,Unity,Null
22:14:31.355,INFO,Unity,Null
22:14:31.366,INFO,Unity,Null
22:14:31.377,INFO,Unity,Null
22:14:31.387,INFO,Unity,Null
22:14:31.398,INFO,Unity,Null
22:14:31.408,INFO,Unity,Null
22:14:31.419,INFO,Unity,Null
22:14:31.430,INFO,Unity,Null
22:14:31.442,INFO,Unity,Null
22:14:31.453,INFO,Unity,Null
22:14:31.463,INFO,Unity,Null
22:14:31.474,INFO,Unity,Null
22:14:31.486,INFO,Unity,Null
22:14:31.497,INFO,Unity,Null
22:14:31.509,INFO,Unity,Null
22:14:31.521,INFO,Unity,Null
22:14:31.532,INFO,Unity,Null
22:14:31.543,INFO,Unity,Null
22:14:31.553,INFO,Unity,Null
22:14:31.564,INFO,Unity,Null
22:14:31.576,INFO,Unity,Null
22:14:31.586,INFO,Unity,Null
22:14:31.597,INFO,Unity,Null
22:14:31.608,INFO,Unity,Null
22:14:31.618,INFO,Unity,Null
22:14:31.629,INFO,Unity,Null
22:14:31.640,INFO,Unity,Null
22:14:31.650,INFO,Unity,Null
22:14:31.661,INFO,Unity,Null
22:14:31.671,INFO,Unity,Null
22:14:31.682,INFO,Unity,Null
22:14:31.692,INFO,Unity,Null
22:14:31.702,INFO,Unity,Null
22:14:31.713,INFO,Unity,Null
22:14:31.724,INFO,Unity,Null
22:14:31.735,INFO,Unity,Null
22:14:31.746,INFO,Unity,Null
22:14:31.756,INFO,Unity,Null
22:14:31.767,INFO,Unity,Null
22:14:31.778,INFO,Unity,Null
22:14:31.788,INFO,Unity,Null
22:14:31.798,INFO,Unity,Null
22:14:31.808,INFO,Unity,Null
22:14:31.820,INFO,Unity,Null
22:14:31.829,INFO,Unity,Null
22:14:31.841,INFO,Unity,Null
22:14:31.851,INFO,Unity,Null
22:14:31.861,INFO,Unity,Null
22:14:31.872,INFO,Unity,Null
22:14:31.882,INFO,Unity,Null
22:14:31.893,INFO,Unity,Null
22:14:31.904,INFO,Unity,Null
22:14:31.915,INFO,Unity,Null
22:14:31.925,INFO,Unity,Null
22:14:31.935,INFO,Unity,Null
22:14:31.947,INFO,Unity,Null
22:14:31.958,INFO,Unity,Null
22:14:31.969,INFO,Unity,Null
22:14:31.980,INFO,Unity,Null
22:14:31.991,INFO,Unity,Null
22:14:32.002,INFO,Unity,Null
22:14:32.012,INFO,Unity,Null
22:14:32.023,INFO,Unity,Null
22:14:32.033,INFO,Unity,Null
22:14:32.045,INFO,Unity,Null
22:14:32.055,INFO,Unity,Null
22:14:32.066,INFO,Unity,Null
22:14:32.077,INFO,Unity,Null
22:14:32.087,INFO,Unity,Null
22:14:32.098,INFO,Unity,Null
22:14:32.109,INFO,Unity,Null
22:14:32.120,INFO,Unity,Null
22:14:32.130,INFO,Unity,Null
22:14:32.140,INFO,Unity,Null
22:14:32.152,INFO,Unity,Null
22:14:32.162,INFO,Unity,Null
22:14:32.173,INFO,Unity,Null
22:14:32.184,INFO,Unity,Null
22:14:32.195,INFO,Unity,Null
22:14:32.206,INFO,Unity,Null
22:14:32.216,INFO,Unity,Null
22:14:32.226,INFO,Unity,Null
22:14:32.237,INFO,Unity,Null
22:14:32.249,INFO,Unity,Null
22:14:32.260,INFO,Unity,Null
22:14:32.270,INFO,Unity,Null
22:14:32.280,INFO,Unity,Null
22:14:32.291,INFO,Unity,Null
22:14:32.301,INFO,Unity,Null
22:14:32.311,INFO,Unity,Null
22:14:32.322,INFO,Unity,Null
22:14:32.333,INFO,Unity,Null
22:14:32.343,INFO,Unity,Null
22:14:32.354,INFO,Unity,Null
22:14:32.364,INFO,Unity,Null
22:14:32.375,INFO,Unity,Null
22:14:32.385,INFO,Unity,Null
22:14:32.396,INFO,Unity,Null
22:14:32.407,INFO,Unity,Null
22:14:32.418,INFO,Unity,Null
22:14:32.428,INFO,Unity,Null
22:14:32.439,INFO,Unity,Null
22:14:32.451,INFO,Unity,Null
22:14:32.463,INFO,Unity,Null
22:14:32.474,INFO,Unity,Null
22:14:32.484,INFO,Unity,Null
22:14:32.495,INFO,Unity,Null
22:14:32.505,INFO,Unity,Null
22:14:32.516,INFO,Unity,Null
22:14:32.527,INFO,Unity,Null
22:14:32.538,INFO,Unity,Null
22:14:32.548,INFO,Unity,Null
22:14:32.558,INFO,Unity,Null
22:14:32.569,INFO,Unity,Null
22:14:32.580,INFO,Unity,Null
22:14:32.590,INFO,Unity,Null
22:14:32.600,INFO,Unity,Null
22:14:32.611,INFO,Unity,Null
22:14:32.622,INFO,Unity,Rag (ObjectHighlight)
22:14:32.632,INFO,Unity,Rag (ObjectHighlight)
22:14:32.642,INFO,Unity,Rag (ObjectHighlight)
22:14:32.654,INFO,Unity,Rag (ObjectHighlight)
22:14:32.665,INFO,Unity,Rag (ObjectHighlight)
22:14:32.676,INFO,Unity,Rag (ObjectHighlight)
22:14:32.687,INFO,Unity,Rag (ObjectHighlight)
22:14:32.698,INFO,Unity,Rag (ObjectHighlight)
22:14:32.710,INFO,Unity,Rag (ObjectHighlight)
22:14:32.720,INFO,Unity,Rag (ObjectHighlight)
22:14:32.731,INFO,Unity,Rag (ObjectHighlight)
22:14:32.741,INFO,Unity,Rag (ObjectHighlight)
22:14:32.753,INFO,Unity,Rag (ObjectHighlight)
22:14:32.765,INFO,Unity,Rag (ObjectHighlight)
22:14:32.775,INFO,Unity,Rag (ObjectHighlight)
22:14:32.786,INFO,Unity,Rag (ObjectHighlight)
22:14:32.798,INFO,Unity,Rag (ObjectHighlight)
22:14:32.808,INFO,Unity,Rag (ObjectHighlight)
22:14:32.820,INFO,Unity,Rag (ObjectHighlight)
22:14:32.831,INFO,Unity,Rag (ObjectHighlight)
22:14:32.841,INFO,Unity,Rag (ObjectHighlight)
22:14:32.851,INFO,Unity,Rag (ObjectHighlight)
22:14:32.864,INFO,Unity,Rag (ObjectHighlight)
22:14:32.874,INFO,Unity,Rag (ObjectHighlight)
22:14:32.886,INFO,Unity,Rag (ObjectHighlight)
22:14:32.896,INFO,Unity,Rag (ObjectHighlight)
22:14:32.907,INFO,Unity,Rag (ObjectHighlight)
22:14:32.917,INFO,Unity,Rag (ObjectHighlight)
22:14:32.929,INFO,Unity,Rag (ObjectHighlight)
22:14:32.939,INFO,Unity,Rag (ObjectHighlight)
22:14:32.950,INFO,Unity,Rag (ObjectHighlight)
22:14:32.960,INFO,Unity,Rag (ObjectHighlight)
22:14:32.970,INFO,Unity,Rag (ObjectHighlight)
22:14:32.982,INFO,Unity,Rag (ObjectHighlight)
22:14:32.992,INFO,Unity,Rag (ObjectHighlight)
22:14:33.003,INFO,Unity,Rag (ObjectHighlight)
22:14:33.014,INFO,Unity,Rag (ObjectHighlight)
22:14:33.031,INFO,Unity,Rag (ObjectHighlight)
22:14:33.045,INFO,Unity,Rag (ObjectHighlight)
22:14:33.060,INFO,Unity,Rag (ObjectHighlight)
22:14:33.076,INFO,Unity,Rag (ObjectHighlight)
22:14:33.091,INFO,Unity,Rag (ObjectHighlight)
22:14:33.107,INFO,Unity,Rag (ObjectHighlight)
22:14:33.122,INFO,Unity,Rag (ObjectHighlight)
22:14:33.138,INFO,Unity,Rag (ObjectHighlight)
22:14:33.153,INFO,Unity,Rag (ObjectHighlight)
22:14:33.169,INFO,Unity,Rag (ObjectHighlight)
22:14:33.184,INFO,Unity,Rag (ObjectHighlight)
22:14:33.200,INFO,Unity,Rag (ObjectHighlight)
22:14:33.216,INFO,Unity,Rag (ObjectHighlight)
22:14:33.230,INFO,Unity,Rag (ObjectHighlight)
22:14:33.245,INFO,Unity,Rag (ObjectHighlight)
22:14:33.261,INFO,Unity,Rag (ObjectHighlight)
22:14:33.277,INFO,Unity,Rag (ObjectHighlight)
22:14:33.292,INFO,Unity,Rag (ObjectHighlight)
22:14:33.336,INFO,Unity,Rag (ObjectHighlight)
22:14:33.350,INFO,Unity,Rag (ObjectHighlight)
22:14:33.363,INFO,Unity,Rag (ObjectHighlight)
22:14:33.377,INFO,Unity,Rag (ObjectHighlight)
22:14:33.390,INFO,Unity,Null
22:14:33.403,INFO,Unity,Null
22:14:33.417,INFO,Unity,Null
22:14:33.429,INFO,Unity,Null
22:14:33.440,INFO,Unity,Null
22:14:33.451,INFO,Unity,Null
22:14:33.462,INFO,Unity,Null
22:14:33.474,INFO,Unity,Null
22:14:33.483,INFO,Unity,Null
22:14:33.494,INFO,Unity,Null
22:14:33.504,INFO,Unity,Null
22:14:33.516,INFO,Unity,Null
22:14:33.526,INFO,Unity,Null
22:14:33.536,INFO,Unity,Null
22:14:33.547,INFO,Unity,Null
22:14:33.557,INFO,Unity,Null
22:14:33.568,INFO,Unity,Null
22:14:33.580,INFO,Unity,Null
22:14:33.589,INFO,Unity,Null
22:14:33.600,INFO,Unity,Null
22:14:33.611,INFO,Unity,Null
22:14:33.621,INFO,Unity,Null
22:14:33.633,INFO,Unity,Null
22:14:33.644,INFO,Unity,Null
22:14:33.655,INFO,Unity,Null
22:14:33.665,INFO,Unity,Rag (ObjectHighlight)
22:14:33.677,INFO,Unity,Rag (ObjectHighlight)
22:14:33.687,INFO,Unity,Rag (ObjectHighlight)
22:14:33.699,INFO,Unity,Rag (ObjectHighlight)
22:14:33.709,INFO,Unity,Rag (ObjectHighlight)
22:14:33.720,INFO,Unity,Rag (ObjectHighlight)
22:14:33.730,INFO,Unity,Rag (ObjectHighlight)
22:14:33.741,INFO,Unity,Rag (ObjectHighlight)
22:14:33.752,INFO,Unity,Rag (ObjectHighlight)
22:14:33.762,INFO,Unity,Rag (ObjectHighlight)
22:14:33.774,INFO,Unity,Rag (ObjectHighlight)
22:14:33.784,INFO,Unity,Rag (ObjectHighlight)
22:14:33.795,INFO,Unity,Rag (ObjectHighlight)
22:14:33.806,INFO,Unity,Rag (ObjectHighlight)
22:14:33.817,INFO,Unity,Rag (ObjectHighlight)
22:14:33.827,INFO,Unity,Rag (ObjectHighlight)
22:14:33.837,INFO,Unity,Rag (ObjectHighlight)
22:14:33.849,INFO,Unity,Rag (ObjectHighlight)
22:14:33.859,INFO,Unity,Rag (ObjectHighlight)
22:14:33.870,INFO,Unity,Rag (ObjectHighlight)
22:14:33.881,INFO,Unity,Rag (ObjectHighlight)
22:14:33.891,INFO,Unity,Rag (ObjectHighlight)
22:14:33.903,INFO,Unity,Rag (ObjectHighlight)
22:14:33.912,INFO,Unity,Rag (ObjectHighlight)
22:14:33.924,INFO,Unity,Rag (ObjectHighlight)
22:14:33.935,INFO,Unity,Rag (ObjectHighlight)
22:14:33.945,INFO,Unity,Rag (ObjectHighlight)
22:14:33.955,INFO,Unity,Rag (ObjectHighlight)
22:14:33.966,INFO,Unity,Rag (ObjectHighlight)
22:14:33.976,INFO,Unity,Rag (ObjectHighlight)
22:14:33.988,INFO,Unity,Rag (ObjectHighlight)
22:14:33.998,INFO,Unity,Rag (ObjectHighlight)
22:14:34.009,INFO,Unity,Rag (ObjectHighlight)
22:14:34.018,INFO,Unity,Rag (ObjectHighlight)
22:14:34.029,INFO,Unity,Rag (ObjectHighlight)
22:14:34.041,INFO,Unity,Rag (ObjectHighlight)
22:14:34.051,INFO,Unity,Rag (ObjectHighlight)
22:14:34.062,INFO,Unity,Rag (ObjectHighlight)
22:14:34.072,INFO,Unity,Rag (ObjectHighlight)
22:14:34.085,INFO,Unity,Rag (ObjectHighlight)
22:14:34.095,INFO,Unity,Rag (ObjectHighlight)
22:14:34.105,INFO,Unity,Null
22:14:34.116,INFO,Unity,Null
22:14:34.128,INFO,Unity,Null
22:14:34.138,INFO,Unity,Null
22:14:34.148,INFO,Unity,Null
22:14:34.159,INFO,Unity,Null
22:14:34.170,INFO,Unity,Null
22:14:34.181,INFO,Unity,Null
22:14:34.192,INFO,Unity,Null
22:14:34.202,INFO,Unity,Null
22:14:34.214,INFO,Unity,Null
22:14:34.224,INFO,Unity,Null
22:14:34.235,INFO,Unity,Null
22:14:34.246,INFO,Unity,Null
22:14:34.256,INFO,Unity,Null
22:14:34.267,INFO,Unity,Null
22:14:34.278,INFO,Unity,Null
22:14:34.290,INFO,Unity,Null
22:14:34.300,INFO,Unity,Null
22:14:34.310,INFO,Unity,Null
22:14:34.321,INFO,Unity,Null
22:14:34.331,INFO,Unity,Null
22:14:34.341,INFO,Unity,Null
22:14:34.352,INFO,Unity,Null
22:14:34.364,INFO,Unity,Null
22:14:34.375,INFO,Unity,Null
22:14:34.387,INFO,Unity,Null
22:14:34.397,INFO,Unity,Rag (ObjectHighlight)
22:14:34.408,INFO,Unity,Rag (ObjectHighlight)
22:14:34.419,INFO,Unity,Rag (ObjectHighlight)
22:14:34.429,INFO,Unity,Rag (ObjectHighlight)
22:14:34.440,INFO,Unity,Rag (ObjectHighlight)
22:14:34.451,INFO,Unity,Rag (ObjectHighlight)
22:14:34.462,INFO,Unity,Rag (ObjectHighlight)
22:14:34.472,INFO,Unity,Rag (ObjectHighlight)
22:14:34.483,INFO,Unity,Rag (ObjectHighlight)
22:14:34.494,INFO,Unity,Rag (ObjectHighlight)
22:14:34.505,INFO,Unity,Rag (ObjectHighlight)
22:14:34.516,INFO,Unity,Rag (ObjectHighlight)
22:14:34.526,INFO,Unity,Rag (ObjectHighlight)
22:14:34.536,INFO,Unity,Rag (ObjectHighlight)
22:14:34.547,INFO,Unity,Rag (ObjectHighlight)
22:14:34.558,INFO,Unity,Rag (ObjectHighlight)
22:14:34.569,INFO,Unity,Rag (ObjectHighlight)
22:14:34.579,INFO,Unity,Rag (ObjectHighlight)
22:14:34.590,INFO,Unity,Rag (ObjectHighlight)
22:14:34.600,INFO,Unity,Rag (ObjectHighlight)
22:14:34.611,INFO,Unity,Rag (ObjectHighlight)
22:14:34.622,INFO,Unity,Rag (ObjectHighlight)
22:14:34.632,INFO,Unity,Rag (ObjectHighlight)
22:14:34.643,INFO,Unity,Rag (ObjectHighlight)
22:14:34.653,INFO,Unity,Rag (ObjectHighlight)
22:14:34.664,INFO,Unity,Rag (ObjectHighlight)
22:14:34.674,INFO,Unity,Rag (ObjectHighlight)
22:14:34.685,INFO,Unity,Rag (ObjectHighlight)
22:14:34.697,INFO,Unity,Rag (ObjectHighlight)
22:14:34.707,INFO,Unity,Rag (ObjectHighlight)
22:14:34.717,INFO,Unity,Rag (ObjectHighlight)
22:14:34.728,INFO,Unity,Rag (ObjectHighlight)
22:14:34.738,INFO,Unity,Rag (ObjectHighlight)
22:14:34.750,INFO,Unity,Rag (ObjectHighlight)
22:14:34.761,INFO,Unity,Rag (ObjectHighlight)
22:14:34.771,INFO,Unity,Rag (ObjectHighlight)
22:14:34.783,INFO,Unity,Null
22:14:34.794,INFO,Unity,Null
22:14:34.806,INFO,Unity,Null
22:14:34.816,INFO,Unity,Null
22:14:34.827,INFO,Unity,Null
22:14:34.838,INFO,Unity,Null
22:14:34.848,INFO,Unity,Null
22:14:34.859,INFO,Unity,Null
22:14:34.870,INFO,Unity,Null
22:14:34.881,INFO,Unity,Null
22:14:34.895,INFO,Unity,Null
22:14:34.907,INFO,Unity,Null
22:14:34.923,INFO,Unity,Null
22:14:34.935,INFO,Unity,Null
22:14:34.947,INFO,Unity,Null
22:14:34.959,INFO,Unity,Null
22:14:34.970,INFO,Unity,Null
22:14:34.981,INFO,Unity,Null
22:14:34.992,INFO,Unity,Null
22:14:35.004,INFO,Unity,Null
22:14:35.016,INFO,Unity,Null
22:14:35.029,INFO,Unity,Null
22:14:35.040,INFO,Unity,Null
22:14:35.052,INFO,Unity,Rag (ObjectHighlight)
22:14:35.062,INFO,Unity,Rag (ObjectHighlight)
22:14:35.074,INFO,Unity,Rag (ObjectHighlight)
22:14:35.084,INFO,Unity,Rag (ObjectHighlight)
22:14:35.095,INFO,Unity,Rag (ObjectHighlight)
22:14:35.105,INFO,Unity,Rag (ObjectHighlight)
22:14:35.117,INFO,Unity,Rag (ObjectHighlight)
22:14:35.128,INFO,Unity,Rag (ObjectHighlight)
22:14:35.139,INFO,Unity,Rag (ObjectHighlight)
22:14:35.150,INFO,Unity,Rag (ObjectHighlight)
22:14:35.160,INFO,Unity,Rag (ObjectHighlight)
22:14:35.171,INFO,Unity,Rag (ObjectHighlight)
22:14:35.181,INFO,Unity,Rag (ObjectHighlight)
22:14:35.192,INFO,Unity,Rag (ObjectHighlight)
22:14:35.205,INFO,Unity,Rag (ObjectHighlight)
22:14:35.215,INFO,Unity,Rag (ObjectHighlight)
22:14:35.228,INFO,Unity,Rag (ObjectHighlight)
22:14:35.241,INFO,Unity,Rag (ObjectHighlight)
22:14:35.252,INFO,Unity,Rag (ObjectHighlight)
22:14:35.263,INFO,Unity,Rag (ObjectHighlight)
22:14:35.273,INFO,Unity,Rag (ObjectHighlight)
22:14:35.284,INFO,Unity,Null
22:14:35.295,INFO,Unity,Null
22:14:35.305,INFO,Unity,Null
22:14:35.317,INFO,Unity,Null
22:14:35.327,INFO,Unity,Null
22:14:35.338,INFO,Unity,Null
22:14:35.349,INFO,Unity,Null
22:14:35.359,INFO,Unity,Null
22:14:35.370,INFO,Unity,Null
22:14:35.381,INFO,Unity,Null
22:14:35.391,INFO,Unity,Null
22:14:35.402,INFO,Unity,Null
22:14:35.414,INFO,Unity,Null
22:14:35.426,INFO,Unity,Null
22:14:35.436,INFO,Unity,Null
22:14:35.447,INFO,Unity,Null
22:14:35.458,INFO,Unity,Null
22:14:35.469,INFO,Unity,Null
22:14:35.479,INFO,Unity,Null
22:14:35.490,INFO,Unity,Rag (ObjectHighlight)
22:14:35.502,INFO,Unity,Rag (ObjectHighlight)
22:14:35.512,INFO,Unity,Rag (ObjectHighlight)
22:14:35.524,INFO,Unity,Rag (ObjectHighlight)
22:14:35.535,INFO,Unity,Rag (ObjectHighlight)
22:14:35.547,INFO,Unity,Rag (ObjectHighlight)
22:14:35.558,INFO,Unity,Rag (ObjectHighlight)
22:14:35.567,INFO,Unity,Rag (ObjectHighlight)
22:14:35.578,INFO,Unity,Rag (ObjectHighlight)
22:14:35.590,INFO,Unity,Rag (ObjectHighlight)
22:14:35.600,INFO,Unity,Null
22:14:35.611,INFO,Unity,Null
22:14:35.622,INFO,Unity,Null
22:14:35.632,INFO,Unity,Null
22:14:35.644,INFO,Unity,Null
22:14:35.656,INFO,Unity,Null
22:14:35.667,INFO,Unity,Null
22:14:35.677,INFO,Unity,Null
22:14:35.689,INFO,Unity,Null
22:14:35.699,INFO,Unity,Rag (ObjectHighlight)
22:14:35.710,INFO,Unity,Rag (ObjectHighlight)
22:14:35.722,INFO,Unity,Rag (ObjectHighlight)
22:14:35.733,INFO,Unity,Rag (ObjectHighlight)
22:14:35.745,INFO,Unity,Rag (ObjectHighlight)
22:14:35.755,INFO,Unity,Rag (ObjectHighlight)
22:14:35.766,INFO,Unity,Rag (ObjectHighlight)
22:14:35.776,INFO,Unity,Null
22:14:35.786,INFO,Unity,Null
22:14:35.797,INFO,Unity,Null
22:14:35.809,INFO,Unity,Null
22:14:35.820,INFO,Unity,Null
22:14:35.831,INFO,Unity,Null
22:14:35.842,INFO,Unity,Null
22:14:35.853,INFO,Unity,Null
22:14:35.864,INFO,Unity,Null
22:14:35.875,INFO,Unity,Null
22:14:35.886,INFO,Unity,Null
22:14:35.896,INFO,Unity,Null
22:14:35.907,INFO,Unity,Null
22:14:35.919,INFO,Unity,Null
22:14:35.931,INFO,Unity,Null
22:14:35.942,INFO,Unity,Null
22:14:35.952,INFO,Unity,Null
22:14:35.963,INFO,Unity,Null
22:14:35.974,INFO,Unity,Null
22:14:35.984,INFO,Unity,Null
22:14:35.994,INFO,Unity,Null
22:14:36.006,INFO,Unity,Null
22:14:36.016,INFO,Unity,Null
22:14:36.026,INFO,Unity,Null
22:14:36.038,INFO,Unity,Null
22:14:36.050,INFO,Unity,Null
22:14:36.061,INFO,Unity,Null
22:14:36.071,INFO,Unity,Null
22:14:36.082,INFO,Unity,Null
22:14:36.092,INFO,Unity,Null
22:14:36.103,INFO,Unity,Null
22:14:36.115,INFO,Unity,Rag (ObjectHighlight)
22:14:36.125,INFO,Unity,Rag (ObjectHighlight)
22:14:36.136,INFO,Unity,Rag (ObjectHighlight)
22:14:36.148,INFO,Unity,Rag (ObjectHighlight)
22:14:36.158,INFO,Unity,Rag (ObjectHighlight)
22:14:36.169,INFO,Unity,Rag (ObjectHighlight)
22:14:36.181,INFO,Unity,Rag (ObjectHighlight)
22:14:36.191,INFO,Unity,Rag (ObjectHighlight)
22:14:36.202,INFO,Unity,Null
22:14:36.212,INFO,Unity,Null
22:14:36.224,INFO,Unity,Null
22:14:36.235,INFO,Unity,Null
22:14:36.244,INFO,Unity,Null
22:14:36.255,INFO,Unity,Null
22:14:36.267,INFO,Unity,Null
22:14:36.277,INFO,Unity,Null
22:14:36.287,INFO,Unity,Rag (ObjectHighlight)
22:14:36.298,INFO,Unity,Rag (ObjectHighlight)
22:14:36.309,INFO,Unity,Rag (ObjectHighlight)
22:14:36.320,INFO,Unity,Rag (ObjectHighlight)
22:14:36.331,INFO,Unity,Rag (ObjectHighlight)
22:14:36.342,INFO,Unity,Rag (ObjectHighlight)
22:14:36.354,INFO,Unity,Rag (ObjectHighlight)
22:14:36.365,INFO,Unity,Rag (ObjectHighlight)
22:14:36.375,INFO,Unity,Rag (ObjectHighlight)
22:14:36.386,INFO,Unity,Rag (ObjectHighlight)
22:14:36.396,INFO,Unity,Rag (ObjectHighlight)
22:14:36.406,INFO,Unity,Null
22:14:36.418,INFO,Unity,Null
22:14:36.428,INFO,Unity,Null
22:14:36.439,INFO,Unity,Null
22:14:36.453,INFO,Unity,Null
22:14:36.465,INFO,Unity,Null
22:14:36.476,INFO,Unity,Null
22:14:36.487,INFO,Unity,Null
22:14:36.497,INFO,Unity,Null
22:14:36.508,INFO,Unity,Null
22:14:36.519,INFO,Unity,Null
22:14:36.529,INFO,Unity,Null
22:14:36.540,INFO,Unity,Null
22:14:36.551,INFO,Unity,Null
22:14:36.562,INFO,Unity,Null
22:14:36.573,INFO,Unity,Null
22:14:36.583,INFO,Unity,Null
22:14:36.594,INFO,Unity,Null
22:14:36.604,INFO,Unity,Null
22:14:36.615,INFO,Unity,Null
22:14:36.625,INFO,Unity,Null
22:14:36.636,INFO,Unity,Null
22:14:36.646,INFO,Unity,Null
22:14:36.658,INFO,Unity,Null
22:14:36.668,INFO,Unity,Null
22:14:36.679,INFO,Unity,Null
22:14:36.689,INFO,Unity,Null
22:14:36.700,INFO,Unity,Null
22:14:36.710,INFO,Unity,Null
22:14:36.721,INFO,Unity,Null
22:14:36.732,INFO,Unity,Null
22:14:36.742,INFO,Unity,Null
22:14:36.752,INFO,Unity,Null
22:14:36.764,INFO,Unity,Null
22:14:36.775,INFO,Unity,Null
22:14:36.785,INFO,Unity,Null
22:14:36.796,INFO,Unity,Null
22:14:36.807,INFO,Unity,Null
22:14:36.818,INFO,Unity,Null
22:14:36.829,INFO,Unity,Null
22:14:36.840,INFO,Unity,Null
22:14:36.852,INFO,Unity,Null
22:14:36.862,INFO,Unity,Null
22:14:36.872,INFO,Unity,Null
22:14:36.884,INFO,Unity,Null
22:14:36.895,INFO,Unity,Null
22:14:36.907,INFO,Unity,Null
22:14:36.918,INFO,Unity,Null
22:14:36.930,INFO,Unity,Null
22:14:36.941,INFO,Unity,Null
22:14:36.951,INFO,Unity,Null
22:14:36.963,INFO,Unity,Null
22:14:36.974,INFO,Unity,Null
22:14:36.986,INFO,Unity,Null
22:14:36.997,INFO,Unity,Null
22:14:37.008,INFO,Unity,Null
22:14:37.020,INFO,Unity,Null
22:14:37.031,INFO,Unity,Null
22:14:37.042,INFO,Unity,Null
22:14:37.053,INFO,Unity,Null
22:14:37.064,INFO,Unity,Null
22:14:37.076,INFO,Unity,Null
22:14:37.086,INFO,Unity,Null
22:14:37.098,INFO,Unity,Null
22:14:37.109,INFO,Unity,Null
22:14:37.119,INFO,Unity,Null
22:14:37.130,INFO,Unity,Null
22:14:37.141,INFO,Unity,Null
22:14:37.153,INFO,Unity,Null
22:14:37.164,INFO,Unity,Null
22:14:37.176,INFO,Unity,Null
22:14:37.187,INFO,Unity,Null
22:14:37.198,INFO,Unity,Null
22:14:37.208,INFO,Unity,Null
22:14:37.219,INFO,Unity,Null
22:14:37.230,INFO,Unity,Null
22:14:37.241,INFO,Unity,Null
22:14:37.252,INFO,Unity,Null
22:14:37.263,INFO,Unity,Null
22:14:37.274,INFO,Unity,Null
22:14:37.285,INFO,Unity,Null
22:14:37.295,INFO,Unity,Null
22:14:37.307,INFO,Unity,Null
22:14:37.316,INFO,Unity,Null
22:14:37.326,INFO,Unity,Null
22:14:37.337,INFO,Unity,Null
22:14:37.348,INFO,Unity,Null
22:14:37.359,INFO,Unity,Null
22:14:37.371,INFO,Unity,Null
22:14:37.381,INFO,Unity,Null
22:14:37.392,INFO,Unity,Null
22:14:37.404,INFO,Unity,Null
22:14:37.414,INFO,Unity,Null
22:14:37.426,INFO,Unity,Null
22:14:37.437,INFO,Unity,Null
22:14:37.448,INFO,Unity,Null
22:14:37.459,INFO,Unity,Null
22:14:37.471,INFO,Unity,Null
22:14:37.482,INFO,Unity,Null
22:14:37.492,INFO,Unity,Null
22:14:37.503,INFO,Unity,Null
22:14:37.516,INFO,Unity,Null
22:14:37.527,INFO,Unity,Null
22:14:37.538,INFO,Unity,Null
22:14:37.547,INFO,Unity,Null
22:14:37.557,INFO,Unity,Null
22:14:37.568,INFO,Unity,Null
22:14:37.578,INFO,Unity,Null
22:14:37.590,INFO,Unity,Null
22:14:37.600,INFO,Unity,Null
22:14:37.612,INFO,Unity,Null
22:14:37.622,INFO,Unity,Null
22:14:37.634,INFO,Unity,Null
22:14:37.645,INFO,Unity,Null
22:14:37.656,INFO,Unity,Null
22:14:37.667,INFO,Unity,Null
22:14:37.679,INFO,Unity,Null
22:14:37.690,INFO,Unity,Null
22:14:37.701,INFO,Unity,Null
22:14:37.711,INFO,Unity,Null
22:14:37.722,INFO,Unity,Null
22:14:37.733,INFO,Unity,Null
22:14:37.743,INFO,Unity,Null
22:14:37.753,INFO,Unity,Null
22:14:37.763,INFO,Unity,Null
22:14:37.773,INFO,Unity,Null
22:14:37.785,INFO,Unity,Null
22:14:37.799,INFO,Unity,Null
22:14:37.810,INFO,Unity,Null
22:14:37.821,INFO,Unity,Null
22:14:37.831,INFO,Unity,Null
22:14:37.845,INFO,Unity,Null
