Timestamp, Level, Source, Message
15:05:50.765,INFO,GameLogger,=== Game Session Started ===
15:05:51.208,ERROR,Stove,"firewoodSprites 배열이 비어있거나, 크기가 requiredFirewood(4)와 일치하지 않습니다. 인스펙터에서 0개부터 3개까지의 스프라이트를 할당해주세요."
15:05:51.215,WARNING,Unity,Minimap: no renderers found for bounds. Check includeLayers.
15:05:51.230,INFO,Unity,야외닿음
15:05:51.232,INFO,Unity,야외닿음
15:05:51.232,INFO,Unity,야외닿음
15:05:51.232,INFO,Unity,Trigger Entered with: 야외
15:05:51.233,INFO,Unity,Trigger Entered with: Wall3 (1)
15:05:51.233,INFO,Unity,야외닿음
15:05:51.234,INFO,Unity,야외닿음
15:05:51.234,INFO,Unity,야외닿음
15:05:51.234,INFO,Unity,야외닿음
15:05:51.234,INFO,Unity,Trigger Entered with: 야외
15:05:51.236,INFO,Unity,Trigger Entered with: Wall3 (1)
15:05:51.236,INFO,Unity,야외닿음
15:05:51.236,INFO,Unity,Trigger Entered with: 야외
15:05:51.236,INFO,Unity,Trigger Entered with: Wall3 (1)
15:05:51.237,INFO,Unity,Trigger Entered with: 야외
15:05:51.238,INFO,Unity,Trigger Entered with: Wall3 (1)
15:05:51.238,INFO,Unity,야외닿음
15:05:51.239,INFO,Unity,야외닿음
15:05:51.239,INFO,Unity,Trigger Entered with: 야외
15:05:51.240,INFO,Unity,Trigger Entered with: Wall3 (1)
15:05:51.241,INFO,Unity,야외닿음
15:05:51.241,INFO,Unity,야외닿음
15:05:51.241,INFO,Unity,야외닿음
15:05:51.241,INFO,Unity,야외닿음
15:05:51.241,INFO,Unity,야외닿음
15:05:51.243,INFO,Unity,야외닿음
15:05:51.243,INFO,Unity,야외닿음
15:05:51.263,ERROR,Unity,"NullReferenceException: Object reference not set to an instance of an object
CarryableRotation.Update () (at Assets/Scripts/Interaction/CarryableRotation.cs:20)
"
15:05:52.481,ERROR,Unity,"NullReferenceException: Object reference not set to an instance of an object
CarryableRotation.Update () (at Assets/Scripts/Interaction/CarryableRotation.cs:20)
"
15:05:52.557,ERROR,Unity,"NullReferenceException: Object reference not set to an instance of an object
CarryableRotation.Update () (at Assets/Scripts/Interaction/CarryableRotation.cs:20)
"
15:05:52.605,ERROR,Unity,"NullReferenceException: Object reference not set to an instance of an object
CarryableRotation.Update () (at Assets/Scripts/Interaction/CarryableRotation.cs:20)
"
15:05:52.636,ERROR,Unity,"NullReferenceException: Object reference not set to an instance of an object
CarryableRotation.Update () (at Assets/Scripts/Interaction/CarryableRotation.cs:20)
"
15:05:52.669,ERROR,Unity,"NullReferenceException: Object reference not set to an instance of an object
CarryableRotation.Update () (at Assets/Scripts/Interaction/CarryableRotation.cs:20)
"
15:05:52.704,ERROR,Unity,"NullReferenceException: Object reference not set to an instance of an object
CarryableRotation.Update () (at Assets/Scripts/Interaction/CarryableRotation.cs:20)
"
15:05:52.733,ERROR,Unity,"NullReferenceException: Object reference not set to an instance of an object
CarryableRotation.Update () (at Assets/Scripts/Interaction/CarryableRotation.cs:20)
"
15:05:52.749,ERROR,Unity,"NullReferenceException: Object reference not set to an instance of an object
CarryableRotation.Update () (at Assets/Scripts/Interaction/CarryableRotation.cs:20)
"
15:05:52.780,ERROR,Unity,"NullReferenceException: Object reference not set to an instance of an object
CarryableRotation.Update () (at Assets/Scripts/Interaction/CarryableRotation.cs:20)
"
15:05:52.811,ERROR,Unity,"NullReferenceException: Object reference not set to an instance of an object
CarryableRotation.Update () (at Assets/Scripts/Interaction/CarryableRotation.cs:20)
"
15:05:52.840,ERROR,Unity,"NullReferenceException: Object reference not set to an instance of an object
CarryableRotation.Update () (at Assets/Scripts/Interaction/CarryableRotation.cs:20)
"
15:05:52.858,ERROR,Unity,"NullReferenceException: Object reference not set to an instance of an object
CarryableRotation.Update () (at Assets/Scripts/Interaction/CarryableRotation.cs:20)
"
15:05:52.918,ERROR,Unity,"NullReferenceException: Object reference not set to an instance of an object
CarryableRotation.Update () (at Assets/Scripts/Interaction/CarryableRotation.cs:20)
"
15:05:52.956,ERROR,Unity,"NullReferenceException: Object reference not set to an instance of an object
CarryableRotation.Update () (at Assets/Scripts/Interaction/CarryableRotation.cs:20)
"
15:05:52.990,ERROR,Unity,"NullReferenceException: Object reference not set to an instance of an object
CarryableRotation.Update () (at Assets/Scripts/Interaction/CarryableRotation.cs:20)
"
15:05:53.023,ERROR,Unity,"NullReferenceException: Object reference not set to an instance of an object
CarryableRotation.Update () (at Assets/Scripts/Interaction/CarryableRotation.cs:20)
"
15:05:53.043,ERROR,Unity,"NullReferenceException: Object reference not set to an instance of an object
CarryableRotation.Update () (at Assets/Scripts/Interaction/CarryableRotation.cs:20)
"
15:05:53.080,ERROR,Unity,"NullReferenceException: Object reference not set to an instance of an object
CarryableRotation.Update () (at Assets/Scripts/Interaction/CarryableRotation.cs:20)
"
15:05:53.114,ERROR,Unity,"NullReferenceException: Object reference not set to an instance of an object
CarryableRotation.Update () (at Assets/Scripts/Interaction/CarryableRotation.cs:20)
"
15:05:53.147,ERROR,Unity,"NullReferenceException: Object reference not set to an instance of an object
CarryableRotation.Update () (at Assets/Scripts/Interaction/CarryableRotation.cs:20)
"
15:05:53.163,ERROR,Unity,"NullReferenceException: Object reference not set to an instance of an object
CarryableRotation.Update () (at Assets/Scripts/Interaction/CarryableRotation.cs:20)
"
15:05:53.197,ERROR,Unity,"NullReferenceException: Object reference not set to an instance of an object
CarryableRotation.Update () (at Assets/Scripts/Interaction/CarryableRotation.cs:20)
"
15:05:53.232,ERROR,Unity,"NullReferenceException: Object reference not set to an instance of an object
CarryableRotation.Update () (at Assets/Scripts/Interaction/CarryableRotation.cs:20)
"
15:05:53.265,ERROR,Unity,"NullReferenceException: Object reference not set to an instance of an object
CarryableRotation.Update () (at Assets/Scripts/Interaction/CarryableRotation.cs:20)
"
15:05:53.301,ERROR,Unity,"NullReferenceException: Object reference not set to an instance of an object
CarryableRotation.Update () (at Assets/Scripts/Interaction/CarryableRotation.cs:20)
"
15:05:53.334,ERROR,Unity,"NullReferenceException: Object reference not set to an instance of an object
CarryableRotation.Update () (at Assets/Scripts/Interaction/CarryableRotation.cs:20)
"
15:05:53.367,ERROR,Unity,"NullReferenceException: Object reference not set to an instance of an object
CarryableRotation.Update () (at Assets/Scripts/Interaction/CarryableRotation.cs:20)
"
15:05:53.401,ERROR,Unity,"NullReferenceException: Object reference not set to an instance of an object
CarryableRotation.Update () (at Assets/Scripts/Interaction/CarryableRotation.cs:20)
"
15:05:53.437,ERROR,Unity,"NullReferenceException: Object reference not set to an instance of an object
CarryableRotation.Update () (at Assets/Scripts/Interaction/CarryableRotation.cs:20)
"
15:05:53.470,ERROR,Unity,"NullReferenceException: Object reference not set to an instance of an object
CarryableRotation.Update () (at Assets/Scripts/Interaction/CarryableRotation.cs:20)
"
15:05:53.490,ERROR,Unity,"NullReferenceException: Object reference not set to an instance of an object
CarryableRotation.Update () (at Assets/Scripts/Interaction/CarryableRotation.cs:20)
"
15:05:53.521,ERROR,Unity,"NullReferenceException: Object reference not set to an instance of an object
CarryableRotation.Update () (at Assets/Scripts/Interaction/CarryableRotation.cs:20)
"
15:05:53.537,ERROR,Unity,"NullReferenceException: Object reference not set to an instance of an object
CarryableRotation.Update () (at Assets/Scripts/Interaction/CarryableRotation.cs:20)
"
15:05:53.570,ERROR,Unity,"NullReferenceException: Object reference not set to an instance of an object
CarryableRotation.Update () (at Assets/Scripts/Interaction/CarryableRotation.cs:20)
"
15:05:53.585,ERROR,Unity,"NullReferenceException: Object reference not set to an instance of an object
CarryableRotation.Update () (at Assets/Scripts/Interaction/CarryableRotation.cs:20)
"
15:05:53.618,ERROR,Unity,"NullReferenceException: Object reference not set to an instance of an object
CarryableRotation.Update () (at Assets/Scripts/Interaction/CarryableRotation.cs:20)
"
15:05:53.650,ERROR,Unity,"NullReferenceException: Object reference not set to an instance of an object
CarryableRotation.Update () (at Assets/Scripts/Interaction/CarryableRotation.cs:20)
"
15:05:53.683,ERROR,Unity,"NullReferenceException: Object reference not set to an instance of an object
CarryableRotation.Update () (at Assets/Scripts/Interaction/CarryableRotation.cs:20)
"
15:05:53.700,ERROR,Unity,"NullReferenceException: Object reference not set to an instance of an object
CarryableRotation.Update () (at Assets/Scripts/Interaction/CarryableRotation.cs:20)
"
15:05:53.733,ERROR,Unity,"NullReferenceException: Object reference not set to an instance of an object
CarryableRotation.Update () (at Assets/Scripts/Interaction/CarryableRotation.cs:20)
"
15:05:53.748,ERROR,Unity,"NullReferenceException: Object reference not set to an instance of an object
CarryableRotation.Update () (at Assets/Scripts/Interaction/CarryableRotation.cs:20)
"
15:05:53.779,ERROR,Unity,"NullReferenceException: Object reference not set to an instance of an object
CarryableRotation.Update () (at Assets/Scripts/Interaction/CarryableRotation.cs:20)
"
15:05:53.811,ERROR,Unity,"NullReferenceException: Object reference not set to an instance of an object
CarryableRotation.Update () (at Assets/Scripts/Interaction/CarryableRotation.cs:20)
"
15:05:53.841,ERROR,Unity,"NullReferenceException: Object reference not set to an instance of an object
CarryableRotation.Update () (at Assets/Scripts/Interaction/CarryableRotation.cs:20)
"
15:05:53.856,ERROR,Unity,"NullReferenceException: Object reference not set to an instance of an object
CarryableRotation.Update () (at Assets/Scripts/Interaction/CarryableRotation.cs:20)
"
15:05:53.887,ERROR,Unity,"NullReferenceException: Object reference not set to an instance of an object
CarryableRotation.Update () (at Assets/Scripts/Interaction/CarryableRotation.cs:20)
"
15:05:53.904,ERROR,Unity,"NullReferenceException: Object reference not set to an instance of an object
CarryableRotation.Update () (at Assets/Scripts/Interaction/CarryableRotation.cs:20)
"
15:05:53.935,ERROR,Unity,"NullReferenceException: Object reference not set to an instance of an object
CarryableRotation.Update () (at Assets/Scripts/Interaction/CarryableRotation.cs:20)
"
15:05:53.950,ERROR,Unity,"NullReferenceException: Object reference not set to an instance of an object
CarryableRotation.Update () (at Assets/Scripts/Interaction/CarryableRotation.cs:20)
"
15:05:53.980,ERROR,Unity,"NullReferenceException: Object reference not set to an instance of an object
CarryableRotation.Update () (at Assets/Scripts/Interaction/CarryableRotation.cs:20)
"
15:05:53.995,ERROR,Unity,"NullReferenceException: Object reference not set to an instance of an object
CarryableRotation.Update () (at Assets/Scripts/Interaction/CarryableRotation.cs:20)
"
15:05:54.026,ERROR,Unity,"NullReferenceException: Object reference not set to an instance of an object
CarryableRotation.Update () (at Assets/Scripts/Interaction/CarryableRotation.cs:20)
"
15:05:54.042,ERROR,Unity,"NullReferenceException: Object reference not set to an instance of an object
CarryableRotation.Update () (at Assets/Scripts/Interaction/CarryableRotation.cs:20)
"
15:05:54.072,ERROR,Unity,"NullReferenceException: Object reference not set to an instance of an object
CarryableRotation.Update () (at Assets/Scripts/Interaction/CarryableRotation.cs:20)
"
15:05:54.088,ERROR,Unity,"NullReferenceException: Object reference not set to an instance of an object
CarryableRotation.Update () (at Assets/Scripts/Interaction/CarryableRotation.cs:20)
"
15:05:54.125,ERROR,Unity,"NullReferenceException: Object reference not set to an instance of an object
CarryableRotation.Update () (at Assets/Scripts/Interaction/CarryableRotation.cs:20)
"
15:05:54.158,ERROR,Unity,"NullReferenceException: Object reference not set to an instance of an object
CarryableRotation.Update () (at Assets/Scripts/Interaction/CarryableRotation.cs:20)
"
15:05:54.190,ERROR,Unity,"NullReferenceException: Object reference not set to an instance of an object
CarryableRotation.Update () (at Assets/Scripts/Interaction/CarryableRotation.cs:20)
"
15:05:54.206,ERROR,Unity,"NullReferenceException: Object reference not set to an instance of an object
CarryableRotation.Update () (at Assets/Scripts/Interaction/CarryableRotation.cs:20)
"
15:05:54.238,ERROR,Unity,"NullReferenceException: Object reference not set to an instance of an object
CarryableRotation.Update () (at Assets/Scripts/Interaction/CarryableRotation.cs:20)
"
15:05:54.253,ERROR,Unity,"NullReferenceException: Object reference not set to an instance of an object
CarryableRotation.Update () (at Assets/Scripts/Interaction/CarryableRotation.cs:20)
"
15:05:54.295,ERROR,Unity,"NullReferenceException: Object reference not set to an instance of an object
CarryableRotation.Update () (at Assets/Scripts/Interaction/CarryableRotation.cs:20)
"
15:05:54.328,ERROR,Unity,"NullReferenceException: Object reference not set to an instance of an object
CarryableRotation.Update () (at Assets/Scripts/Interaction/CarryableRotation.cs:20)
"
15:05:54.359,ERROR,Unity,"NullReferenceException: Object reference not set to an instance of an object
CarryableRotation.Update () (at Assets/Scripts/Interaction/CarryableRotation.cs:20)
"
15:05:54.375,ERROR,Unity,"NullReferenceException: Object reference not set to an instance of an object
CarryableRotation.Update () (at Assets/Scripts/Interaction/CarryableRotation.cs:20)
"
15:05:54.411,ERROR,Unity,"NullReferenceException: Object reference not set to an instance of an object
CarryableRotation.Update () (at Assets/Scripts/Interaction/CarryableRotation.cs:20)
"
15:05:54.441,ERROR,Unity,"NullReferenceException: Object reference not set to an instance of an object
CarryableRotation.Update () (at Assets/Scripts/Interaction/CarryableRotation.cs:20)
"
15:05:54.457,ERROR,Unity,"NullReferenceException: Object reference not set to an instance of an object
CarryableRotation.Update () (at Assets/Scripts/Interaction/CarryableRotation.cs:20)
"
15:05:54.488,ERROR,Unity,"NullReferenceException: Object reference not set to an instance of an object
CarryableRotation.Update () (at Assets/Scripts/Interaction/CarryableRotation.cs:20)
"
15:05:54.503,ERROR,Unity,"NullReferenceException: Object reference not set to an instance of an object
CarryableRotation.Update () (at Assets/Scripts/Interaction/CarryableRotation.cs:20)
"
15:05:54.536,ERROR,Unity,"NullReferenceException: Object reference not set to an instance of an object
CarryableRotation.Update () (at Assets/Scripts/Interaction/CarryableRotation.cs:20)
"
15:05:54.556,ERROR,Unity,"NullReferenceException: Object reference not set to an instance of an object
CarryableRotation.Update () (at Assets/Scripts/Interaction/CarryableRotation.cs:20)
"
15:05:54.588,ERROR,Unity,"NullReferenceException: Object reference not set to an instance of an object
CarryableRotation.Update () (at Assets/Scripts/Interaction/CarryableRotation.cs:20)
"
15:05:54.619,ERROR,Unity,"NullReferenceException: Object reference not set to an instance of an object
CarryableRotation.Update () (at Assets/Scripts/Interaction/CarryableRotation.cs:20)
"
15:05:54.634,ERROR,Unity,"NullReferenceException: Object reference not set to an instance of an object
CarryableRotation.Update () (at Assets/Scripts/Interaction/CarryableRotation.cs:20)
"
15:05:54.665,ERROR,Unity,"NullReferenceException: Object reference not set to an instance of an object
CarryableRotation.Update () (at Assets/Scripts/Interaction/CarryableRotation.cs:20)
"
15:05:54.679,ERROR,Unity,"NullReferenceException: Object reference not set to an instance of an object
CarryableRotation.Update () (at Assets/Scripts/Interaction/CarryableRotation.cs:20)
"
15:05:54.710,ERROR,Unity,"NullReferenceException: Object reference not set to an instance of an object
CarryableRotation.Update () (at Assets/Scripts/Interaction/CarryableRotation.cs:20)
"
15:05:54.727,ERROR,Unity,"NullReferenceException: Object reference not set to an instance of an object
CarryableRotation.Update () (at Assets/Scripts/Interaction/CarryableRotation.cs:20)
"
15:05:54.758,ERROR,Unity,"NullReferenceException: Object reference not set to an instance of an object
CarryableRotation.Update () (at Assets/Scripts/Interaction/CarryableRotation.cs:20)
"
15:05:54.773,ERROR,Unity,"NullReferenceException: Object reference not set to an instance of an object
CarryableRotation.Update () (at Assets/Scripts/Interaction/CarryableRotation.cs:20)
"
15:05:54.803,ERROR,Unity,"NullReferenceException: Object reference not set to an instance of an object
CarryableRotation.Update () (at Assets/Scripts/Interaction/CarryableRotation.cs:20)
"
15:05:54.818,ERROR,Unity,"NullReferenceException: Object reference not set to an instance of an object
CarryableRotation.Update () (at Assets/Scripts/Interaction/CarryableRotation.cs:20)
"
15:05:54.848,ERROR,Unity,"NullReferenceException: Object reference not set to an instance of an object
CarryableRotation.Update () (at Assets/Scripts/Interaction/CarryableRotation.cs:20)
"
15:05:54.863,ERROR,Unity,"NullReferenceException: Object reference not set to an instance of an object
CarryableRotation.Update () (at Assets/Scripts/Interaction/CarryableRotation.cs:20)
"
15:05:54.893,ERROR,Unity,"NullReferenceException: Object reference not set to an instance of an object
CarryableRotation.Update () (at Assets/Scripts/Interaction/CarryableRotation.cs:20)
"
15:05:54.907,ERROR,Unity,"NullReferenceException: Object reference not set to an instance of an object
CarryableRotation.Update () (at Assets/Scripts/Interaction/CarryableRotation.cs:20)
"
15:05:54.938,ERROR,Unity,"NullReferenceException: Object reference not set to an instance of an object
CarryableRotation.Update () (at Assets/Scripts/Interaction/CarryableRotation.cs:20)
"
15:05:54.955,ERROR,Unity,"NullReferenceException: Object reference not set to an instance of an object
CarryableRotation.Update () (at Assets/Scripts/Interaction/CarryableRotation.cs:20)
"
15:05:54.986,ERROR,Unity,"NullReferenceException: Object reference not set to an instance of an object
CarryableRotation.Update () (at Assets/Scripts/Interaction/CarryableRotation.cs:20)
"
15:05:55.001,ERROR,Unity,"NullReferenceException: Object reference not set to an instance of an object
CarryableRotation.Update () (at Assets/Scripts/Interaction/CarryableRotation.cs:20)
"
15:05:55.031,ERROR,Unity,"NullReferenceException: Object reference not set to an instance of an object
CarryableRotation.Update () (at Assets/Scripts/Interaction/CarryableRotation.cs:20)
"
15:05:55.046,ERROR,Unity,"NullReferenceException: Object reference not set to an instance of an object
CarryableRotation.Update () (at Assets/Scripts/Interaction/CarryableRotation.cs:20)
"
15:05:55.077,ERROR,Unity,"NullReferenceException: Object reference not set to an instance of an object
CarryableRotation.Update () (at Assets/Scripts/Interaction/CarryableRotation.cs:20)
"
15:05:55.093,ERROR,Unity,"NullReferenceException: Object reference not set to an instance of an object
CarryableRotation.Update () (at Assets/Scripts/Interaction/CarryableRotation.cs:20)
"
15:05:55.124,ERROR,Unity,"NullReferenceException: Object reference not set to an instance of an object
CarryableRotation.Update () (at Assets/Scripts/Interaction/CarryableRotation.cs:20)
"
15:05:55.139,ERROR,Unity,"NullReferenceException: Object reference not set to an instance of an object
CarryableRotation.Update () (at Assets/Scripts/Interaction/CarryableRotation.cs:20)
"
15:05:55.173,ERROR,Unity,"NullReferenceException: Object reference not set to an instance of an object
CarryableRotation.Update () (at Assets/Scripts/Interaction/CarryableRotation.cs:20)
"
15:05:55.205,ERROR,Unity,"NullReferenceException: Object reference not set to an instance of an object
CarryableRotation.Update () (at Assets/Scripts/Interaction/CarryableRotation.cs:20)
"
15:05:55.220,ERROR,Unity,"NullReferenceException: Object reference not set to an instance of an object
CarryableRotation.Update () (at Assets/Scripts/Interaction/CarryableRotation.cs:20)
"
15:05:55.252,ERROR,Unity,"NullReferenceException: Object reference not set to an instance of an object
CarryableRotation.Update () (at Assets/Scripts/Interaction/CarryableRotation.cs:20)
"
15:05:55.267,ERROR,Unity,"NullReferenceException: Object reference not set to an instance of an object
CarryableRotation.Update () (at Assets/Scripts/Interaction/CarryableRotation.cs:20)
"
15:05:55.297,ERROR,Unity,"NullReferenceException: Object reference not set to an instance of an object
CarryableRotation.Update () (at Assets/Scripts/Interaction/CarryableRotation.cs:20)
"
15:05:55.313,ERROR,Unity,"NullReferenceException: Object reference not set to an instance of an object
CarryableRotation.Update () (at Assets/Scripts/Interaction/CarryableRotation.cs:20)
"
15:05:55.344,ERROR,Unity,"NullReferenceException: Object reference not set to an instance of an object
CarryableRotation.Update () (at Assets/Scripts/Interaction/CarryableRotation.cs:20)
"
15:05:55.362,ERROR,Unity,"NullReferenceException: Object reference not set to an instance of an object
CarryableRotation.Update () (at Assets/Scripts/Interaction/CarryableRotation.cs:20)
"
15:05:55.393,ERROR,Unity,"NullReferenceException: Object reference not set to an instance of an object
CarryableRotation.Update () (at Assets/Scripts/Interaction/CarryableRotation.cs:20)
"
15:05:55.408,ERROR,Unity,"NullReferenceException: Object reference not set to an instance of an object
CarryableRotation.Update () (at Assets/Scripts/Interaction/CarryableRotation.cs:20)
"
15:05:55.440,ERROR,Unity,"NullReferenceException: Object reference not set to an instance of an object
CarryableRotation.Update () (at Assets/Scripts/Interaction/CarryableRotation.cs:20)
"
15:05:55.455,ERROR,Unity,"NullReferenceException: Object reference not set to an instance of an object
CarryableRotation.Update () (at Assets/Scripts/Interaction/CarryableRotation.cs:20)
"
15:05:55.486,ERROR,Unity,"NullReferenceException: Object reference not set to an instance of an object
CarryableRotation.Update () (at Assets/Scripts/Interaction/CarryableRotation.cs:20)
"
15:05:55.501,ERROR,Unity,"NullReferenceException: Object reference not set to an instance of an object
CarryableRotation.Update () (at Assets/Scripts/Interaction/CarryableRotation.cs:20)
"
15:05:55.534,ERROR,Unity,"NullReferenceException: Object reference not set to an instance of an object
CarryableRotation.Update () (at Assets/Scripts/Interaction/CarryableRotation.cs:20)
"
15:05:55.566,ERROR,Unity,"NullReferenceException: Object reference not set to an instance of an object
CarryableRotation.Update () (at Assets/Scripts/Interaction/CarryableRotation.cs:20)
"
15:05:55.584,ERROR,Unity,"NullReferenceException: Object reference not set to an instance of an object
CarryableRotation.Update () (at Assets/Scripts/Interaction/CarryableRotation.cs:20)
"
15:05:55.616,ERROR,Unity,"NullReferenceException: Object reference not set to an instance of an object
CarryableRotation.Update () (at Assets/Scripts/Interaction/CarryableRotation.cs:20)
"
15:05:55.632,ERROR,Unity,"NullReferenceException: Object reference not set to an instance of an object
CarryableRotation.Update () (at Assets/Scripts/Interaction/CarryableRotation.cs:20)
"
15:05:55.663,ERROR,Unity,"NullReferenceException: Object reference not set to an instance of an object
CarryableRotation.Update () (at Assets/Scripts/Interaction/CarryableRotation.cs:20)
"
15:05:55.679,ERROR,Unity,"NullReferenceException: Object reference not set to an instance of an object
CarryableRotation.Update () (at Assets/Scripts/Interaction/CarryableRotation.cs:20)
"
15:05:55.712,ERROR,Unity,"NullReferenceException: Object reference not set to an instance of an object
CarryableRotation.Update () (at Assets/Scripts/Interaction/CarryableRotation.cs:20)
"
15:05:55.725,ERROR,Unity,"NullReferenceException: Object reference not set to an instance of an object
CarryableRotation.Update () (at Assets/Scripts/Interaction/CarryableRotation.cs:20)
"
15:05:55.756,ERROR,Unity,"NullReferenceException: Object reference not set to an instance of an object
CarryableRotation.Update () (at Assets/Scripts/Interaction/CarryableRotation.cs:20)
"
15:05:55.772,ERROR,Unity,"NullReferenceException: Object reference not set to an instance of an object
CarryableRotation.Update () (at Assets/Scripts/Interaction/CarryableRotation.cs:20)
"
15:05:55.805,ERROR,Unity,"NullReferenceException: Object reference not set to an instance of an object
CarryableRotation.Update () (at Assets/Scripts/Interaction/CarryableRotation.cs:20)
"
15:05:55.837,ERROR,Unity,"NullReferenceException: Object reference not set to an instance of an object
CarryableRotation.Update () (at Assets/Scripts/Interaction/CarryableRotation.cs:20)
"
15:05:55.852,ERROR,Unity,"NullReferenceException: Object reference not set to an instance of an object
CarryableRotation.Update () (at Assets/Scripts/Interaction/CarryableRotation.cs:20)
"
15:05:55.882,ERROR,Unity,"NullReferenceException: Object reference not set to an instance of an object
CarryableRotation.Update () (at Assets/Scripts/Interaction/CarryableRotation.cs:20)
"
15:05:55.897,ERROR,Unity,"NullReferenceException: Object reference not set to an instance of an object
CarryableRotation.Update () (at Assets/Scripts/Interaction/CarryableRotation.cs:20)
"
15:05:55.928,ERROR,Unity,"NullReferenceException: Object reference not set to an instance of an object
CarryableRotation.Update () (at Assets/Scripts/Interaction/CarryableRotation.cs:20)
"
15:05:55.943,ERROR,Unity,"NullReferenceException: Object reference not set to an instance of an object
CarryableRotation.Update () (at Assets/Scripts/Interaction/CarryableRotation.cs:20)
"
15:05:55.974,ERROR,Unity,"NullReferenceException: Object reference not set to an instance of an object
CarryableRotation.Update () (at Assets/Scripts/Interaction/CarryableRotation.cs:20)
"
15:05:55.992,ERROR,Unity,"NullReferenceException: Object reference not set to an instance of an object
CarryableRotation.Update () (at Assets/Scripts/Interaction/CarryableRotation.cs:20)
"
15:05:56.023,ERROR,Unity,"NullReferenceException: Object reference not set to an instance of an object
CarryableRotation.Update () (at Assets/Scripts/Interaction/CarryableRotation.cs:20)
"
15:05:56.038,ERROR,Unity,"NullReferenceException: Object reference not set to an instance of an object
CarryableRotation.Update () (at Assets/Scripts/Interaction/CarryableRotation.cs:20)
"
15:05:56.069,ERROR,Unity,"NullReferenceException: Object reference not set to an instance of an object
CarryableRotation.Update () (at Assets/Scripts/Interaction/CarryableRotation.cs:20)
"
15:05:56.085,ERROR,Unity,"NullReferenceException: Object reference not set to an instance of an object
CarryableRotation.Update () (at Assets/Scripts/Interaction/CarryableRotation.cs:20)
"
15:05:56.117,ERROR,Unity,"NullReferenceException: Object reference not set to an instance of an object
CarryableRotation.Update () (at Assets/Scripts/Interaction/CarryableRotation.cs:20)
"
15:05:56.134,ERROR,Unity,"NullReferenceException: Object reference not set to an instance of an object
CarryableRotation.Update () (at Assets/Scripts/Interaction/CarryableRotation.cs:20)
"
15:05:56.166,ERROR,Unity,"NullReferenceException: Object reference not set to an instance of an object
CarryableRotation.Update () (at Assets/Scripts/Interaction/CarryableRotation.cs:20)
"
15:05:56.183,ERROR,Unity,"NullReferenceException: Object reference not set to an instance of an object
CarryableRotation.Update () (at Assets/Scripts/Interaction/CarryableRotation.cs:20)
"
15:05:56.221,ERROR,Unity,"NullReferenceException: Object reference not set to an instance of an object
CarryableRotation.Update () (at Assets/Scripts/Interaction/CarryableRotation.cs:20)
"
15:05:56.252,ERROR,Unity,"NullReferenceException: Object reference not set to an instance of an object
CarryableRotation.Update () (at Assets/Scripts/Interaction/CarryableRotation.cs:20)
"
15:05:56.267,ERROR,Unity,"NullReferenceException: Object reference not set to an instance of an object
CarryableRotation.Update () (at Assets/Scripts/Interaction/CarryableRotation.cs:20)
"
15:05:56.298,ERROR,Unity,"NullReferenceException: Object reference not set to an instance of an object
CarryableRotation.Update () (at Assets/Scripts/Interaction/CarryableRotation.cs:20)
"
15:05:56.315,ERROR,Unity,"NullReferenceException: Object reference not set to an instance of an object
CarryableRotation.Update () (at Assets/Scripts/Interaction/CarryableRotation.cs:20)
"
15:05:56.345,ERROR,Unity,"NullReferenceException: Object reference not set to an instance of an object
CarryableRotation.Update () (at Assets/Scripts/Interaction/CarryableRotation.cs:20)
"
15:05:56.360,ERROR,Unity,"NullReferenceException: Object reference not set to an instance of an object
CarryableRotation.Update () (at Assets/Scripts/Interaction/CarryableRotation.cs:20)
"
15:05:56.392,ERROR,Unity,"NullReferenceException: Object reference not set to an instance of an object
CarryableRotation.Update () (at Assets/Scripts/Interaction/CarryableRotation.cs:20)
"
15:05:56.411,ERROR,Unity,"NullReferenceException: Object reference not set to an instance of an object
CarryableRotation.Update () (at Assets/Scripts/Interaction/CarryableRotation.cs:20)
"
15:05:56.442,ERROR,Unity,"NullReferenceException: Object reference not set to an instance of an object
CarryableRotation.Update () (at Assets/Scripts/Interaction/CarryableRotation.cs:20)
"
15:05:56.455,ERROR,Unity,"NullReferenceException: Object reference not set to an instance of an object
CarryableRotation.Update () (at Assets/Scripts/Interaction/CarryableRotation.cs:20)
"
15:05:56.487,ERROR,Unity,"NullReferenceException: Object reference not set to an instance of an object
CarryableRotation.Update () (at Assets/Scripts/Interaction/CarryableRotation.cs:20)
"
15:05:56.501,ERROR,Unity,"NullReferenceException: Object reference not set to an instance of an object
CarryableRotation.Update () (at Assets/Scripts/Interaction/CarryableRotation.cs:20)
"
15:05:56.533,ERROR,Unity,"NullReferenceException: Object reference not set to an instance of an object
CarryableRotation.Update () (at Assets/Scripts/Interaction/CarryableRotation.cs:20)
"
15:05:56.548,ERROR,Unity,"NullReferenceException: Object reference not set to an instance of an object
CarryableRotation.Update () (at Assets/Scripts/Interaction/CarryableRotation.cs:20)
"
15:05:56.580,ERROR,Unity,"NullReferenceException: Object reference not set to an instance of an object
CarryableRotation.Update () (at Assets/Scripts/Interaction/CarryableRotation.cs:20)
"
15:05:56.596,ERROR,Unity,"NullReferenceException: Object reference not set to an instance of an object
CarryableRotation.Update () (at Assets/Scripts/Interaction/CarryableRotation.cs:20)
"
15:05:56.631,ERROR,Unity,"NullReferenceException: Object reference not set to an instance of an object
CarryableRotation.Update () (at Assets/Scripts/Interaction/CarryableRotation.cs:20)
"
15:05:56.661,ERROR,Unity,"NullReferenceException: Object reference not set to an instance of an object
CarryableRotation.Update () (at Assets/Scripts/Interaction/CarryableRotation.cs:20)
"
15:05:56.677,ERROR,Unity,"NullReferenceException: Object reference not set to an instance of an object
CarryableRotation.Update () (at Assets/Scripts/Interaction/CarryableRotation.cs:20)
"
15:05:56.708,ERROR,Unity,"NullReferenceException: Object reference not set to an instance of an object
CarryableRotation.Update () (at Assets/Scripts/Interaction/CarryableRotation.cs:20)
"
15:05:56.723,ERROR,Unity,"NullReferenceException: Object reference not set to an instance of an object
CarryableRotation.Update () (at Assets/Scripts/Interaction/CarryableRotation.cs:20)
"
15:05:56.754,ERROR,Unity,"NullReferenceException: Object reference not set to an instance of an object
CarryableRotation.Update () (at Assets/Scripts/Interaction/CarryableRotation.cs:20)
"
15:05:56.769,ERROR,Unity,"NullReferenceException: Object reference not set to an instance of an object
CarryableRotation.Update () (at Assets/Scripts/Interaction/CarryableRotation.cs:20)
"
15:05:56.801,ERROR,Unity,"NullReferenceException: Object reference not set to an instance of an object
CarryableRotation.Update () (at Assets/Scripts/Interaction/CarryableRotation.cs:20)
"
15:05:56.818,ERROR,Unity,"NullReferenceException: Object reference not set to an instance of an object
CarryableRotation.Update () (at Assets/Scripts/Interaction/CarryableRotation.cs:20)
"
15:05:56.849,ERROR,Unity,"NullReferenceException: Object reference not set to an instance of an object
CarryableRotation.Update () (at Assets/Scripts/Interaction/CarryableRotation.cs:20)
"
15:05:56.865,ERROR,Unity,"NullReferenceException: Object reference not set to an instance of an object
CarryableRotation.Update () (at Assets/Scripts/Interaction/CarryableRotation.cs:20)
"
15:05:56.897,ERROR,Unity,"NullReferenceException: Object reference not set to an instance of an object
CarryableRotation.Update () (at Assets/Scripts/Interaction/CarryableRotation.cs:20)
"
15:05:56.911,ERROR,Unity,"NullReferenceException: Object reference not set to an instance of an object
CarryableRotation.Update () (at Assets/Scripts/Interaction/CarryableRotation.cs:20)
"
15:05:56.943,ERROR,Unity,"NullReferenceException: Object reference not set to an instance of an object
CarryableRotation.Update () (at Assets/Scripts/Interaction/CarryableRotation.cs:20)
"
15:05:56.958,ERROR,Unity,"NullReferenceException: Object reference not set to an instance of an object
CarryableRotation.Update () (at Assets/Scripts/Interaction/CarryableRotation.cs:20)
"
15:05:56.988,ERROR,Unity,"NullReferenceException: Object reference not set to an instance of an object
CarryableRotation.Update () (at Assets/Scripts/Interaction/CarryableRotation.cs:20)
"
15:05:57.003,ERROR,Unity,"NullReferenceException: Object reference not set to an instance of an object
CarryableRotation.Update () (at Assets/Scripts/Interaction/CarryableRotation.cs:20)
"
15:05:57.037,ERROR,Unity,"NullReferenceException: Object reference not set to an instance of an object
CarryableRotation.Update () (at Assets/Scripts/Interaction/CarryableRotation.cs:20)
"
15:05:57.068,ERROR,Unity,"NullReferenceException: Object reference not set to an instance of an object
CarryableRotation.Update () (at Assets/Scripts/Interaction/CarryableRotation.cs:20)
"
15:05:57.082,ERROR,Unity,"NullReferenceException: Object reference not set to an instance of an object
CarryableRotation.Update () (at Assets/Scripts/Interaction/CarryableRotation.cs:20)
"
15:05:57.115,ERROR,Unity,"NullReferenceException: Object reference not set to an instance of an object
CarryableRotation.Update () (at Assets/Scripts/Interaction/CarryableRotation.cs:20)
"
15:05:57.131,ERROR,Unity,"NullReferenceException: Object reference not set to an instance of an object
CarryableRotation.Update () (at Assets/Scripts/Interaction/CarryableRotation.cs:20)
"
15:05:57.161,INFO,Unity,maxJumpVelocity20
15:05:57.163,ERROR,Unity,"NullReferenceException: Object reference not set to an instance of an object
CarryableRotation.Update () (at Assets/Scripts/Interaction/CarryableRotation.cs:20)
"
15:05:57.178,ERROR,Unity,"NullReferenceException: Object reference not set to an instance of an object
CarryableRotation.Update () (at Assets/Scripts/Interaction/CarryableRotation.cs:20)
"
15:05:57.208,ERROR,Unity,"NullReferenceException: Object reference not set to an instance of an object
CarryableRotation.Update () (at Assets/Scripts/Interaction/CarryableRotation.cs:20)
"
15:05:57.232,ERROR,Unity,"NullReferenceException: Object reference not set to an instance of an object
CarryableRotation.Update () (at Assets/Scripts/Interaction/CarryableRotation.cs:20)
"
15:05:57.265,ERROR,Unity,"NullReferenceException: Object reference not set to an instance of an object
CarryableRotation.Update () (at Assets/Scripts/Interaction/CarryableRotation.cs:20)
"
15:05:57.281,ERROR,Unity,"NullReferenceException: Object reference not set to an instance of an object
CarryableRotation.Update () (at Assets/Scripts/Interaction/CarryableRotation.cs:20)
"
15:05:57.311,ERROR,Unity,"NullReferenceException: Object reference not set to an instance of an object
CarryableRotation.Update () (at Assets/Scripts/Interaction/CarryableRotation.cs:20)
"
15:05:57.326,ERROR,Unity,"NullReferenceException: Object reference not set to an instance of an object
CarryableRotation.Update () (at Assets/Scripts/Interaction/CarryableRotation.cs:20)
"
15:05:57.357,ERROR,Unity,"NullReferenceException: Object reference not set to an instance of an object
CarryableRotation.Update () (at Assets/Scripts/Interaction/CarryableRotation.cs:20)
"
15:05:57.370,ERROR,Unity,"NullReferenceException: Object reference not set to an instance of an object
CarryableRotation.Update () (at Assets/Scripts/Interaction/CarryableRotation.cs:20)
"
15:05:57.400,ERROR,Unity,"NullReferenceException: Object reference not set to an instance of an object
CarryableRotation.Update () (at Assets/Scripts/Interaction/CarryableRotation.cs:20)
"
15:05:57.415,ERROR,Unity,"NullReferenceException: Object reference not set to an instance of an object
CarryableRotation.Update () (at Assets/Scripts/Interaction/CarryableRotation.cs:20)
"
15:05:57.447,ERROR,Unity,"NullReferenceException: Object reference not set to an instance of an object
CarryableRotation.Update () (at Assets/Scripts/Interaction/CarryableRotation.cs:20)
"
15:05:57.461,ERROR,Unity,"NullReferenceException: Object reference not set to an instance of an object
CarryableRotation.Update () (at Assets/Scripts/Interaction/CarryableRotation.cs:20)
"
15:05:57.490,ERROR,Unity,"NullReferenceException: Object reference not set to an instance of an object
CarryableRotation.Update () (at Assets/Scripts/Interaction/CarryableRotation.cs:20)
"
15:05:57.505,ERROR,Unity,"NullReferenceException: Object reference not set to an instance of an object
CarryableRotation.Update () (at Assets/Scripts/Interaction/CarryableRotation.cs:20)
"
15:05:57.536,ERROR,Unity,"NullReferenceException: Object reference not set to an instance of an object
CarryableRotation.Update () (at Assets/Scripts/Interaction/CarryableRotation.cs:20)
"
15:05:57.551,ERROR,Unity,"NullReferenceException: Object reference not set to an instance of an object
CarryableRotation.Update () (at Assets/Scripts/Interaction/CarryableRotation.cs:20)
"
15:05:57.580,ERROR,Unity,"NullReferenceException: Object reference not set to an instance of an object
CarryableRotation.Update () (at Assets/Scripts/Interaction/CarryableRotation.cs:20)
"
15:05:57.594,ERROR,Unity,"NullReferenceException: Object reference not set to an instance of an object
CarryableRotation.Update () (at Assets/Scripts/Interaction/CarryableRotation.cs:20)
"
15:05:57.624,ERROR,Unity,"NullReferenceException: Object reference not set to an instance of an object
CarryableRotation.Update () (at Assets/Scripts/Interaction/CarryableRotation.cs:20)
"
15:05:57.640,ERROR,Unity,"NullReferenceException: Object reference not set to an instance of an object
CarryableRotation.Update () (at Assets/Scripts/Interaction/CarryableRotation.cs:20)
"
15:05:57.671,ERROR,Unity,"NullReferenceException: Object reference not set to an instance of an object
CarryableRotation.Update () (at Assets/Scripts/Interaction/CarryableRotation.cs:20)
"
15:05:57.685,ERROR,Unity,"NullReferenceException: Object reference not set to an instance of an object
CarryableRotation.Update () (at Assets/Scripts/Interaction/CarryableRotation.cs:20)
"
15:05:57.716,ERROR,Unity,"NullReferenceException: Object reference not set to an instance of an object
CarryableRotation.Update () (at Assets/Scripts/Interaction/CarryableRotation.cs:20)
"
15:05:57.729,ERROR,Unity,"NullReferenceException: Object reference not set to an instance of an object
CarryableRotation.Update () (at Assets/Scripts/Interaction/CarryableRotation.cs:20)
"
15:05:57.760,ERROR,Unity,"NullReferenceException: Object reference not set to an instance of an object
CarryableRotation.Update () (at Assets/Scripts/Interaction/CarryableRotation.cs:20)
"
15:05:57.775,ERROR,Unity,"NullReferenceException: Object reference not set to an instance of an object
CarryableRotation.Update () (at Assets/Scripts/Interaction/CarryableRotation.cs:20)
"
15:05:57.804,ERROR,Unity,"NullReferenceException: Object reference not set to an instance of an object
CarryableRotation.Update () (at Assets/Scripts/Interaction/CarryableRotation.cs:20)
"
15:05:57.818,ERROR,Unity,"NullReferenceException: Object reference not set to an instance of an object
CarryableRotation.Update () (at Assets/Scripts/Interaction/CarryableRotation.cs:20)
"
15:05:57.852,ERROR,Unity,"NullReferenceException: Object reference not set to an instance of an object
CarryableRotation.Update () (at Assets/Scripts/Interaction/CarryableRotation.cs:20)
"
15:05:57.869,ERROR,Unity,"NullReferenceException: Object reference not set to an instance of an object
CarryableRotation.Update () (at Assets/Scripts/Interaction/CarryableRotation.cs:20)
"
15:05:57.900,ERROR,Unity,"NullReferenceException: Object reference not set to an instance of an object
CarryableRotation.Update () (at Assets/Scripts/Interaction/CarryableRotation.cs:20)
"
15:05:57.914,ERROR,Unity,"NullReferenceException: Object reference not set to an instance of an object
CarryableRotation.Update () (at Assets/Scripts/Interaction/CarryableRotation.cs:20)
"
15:05:57.945,ERROR,Unity,"NullReferenceException: Object reference not set to an instance of an object
CarryableRotation.Update () (at Assets/Scripts/Interaction/CarryableRotation.cs:20)
"
15:05:57.960,ERROR,Unity,"NullReferenceException: Object reference not set to an instance of an object
CarryableRotation.Update () (at Assets/Scripts/Interaction/CarryableRotation.cs:20)
"
15:05:57.990,ERROR,Unity,"NullReferenceException: Object reference not set to an instance of an object
CarryableRotation.Update () (at Assets/Scripts/Interaction/CarryableRotation.cs:20)
"
15:05:58.004,ERROR,Unity,"NullReferenceException: Object reference not set to an instance of an object
CarryableRotation.Update () (at Assets/Scripts/Interaction/CarryableRotation.cs:20)
"
15:05:58.033,ERROR,Unity,"NullReferenceException: Object reference not set to an instance of an object
CarryableRotation.Update () (at Assets/Scripts/Interaction/CarryableRotation.cs:20)
"
15:05:58.048,ERROR,Unity,"NullReferenceException: Object reference not set to an instance of an object
CarryableRotation.Update () (at Assets/Scripts/Interaction/CarryableRotation.cs:20)
"
15:05:58.079,ERROR,Unity,"NullReferenceException: Object reference not set to an instance of an object
CarryableRotation.Update () (at Assets/Scripts/Interaction/CarryableRotation.cs:20)
"
15:05:58.096,ERROR,Unity,"NullReferenceException: Object reference not set to an instance of an object
CarryableRotation.Update () (at Assets/Scripts/Interaction/CarryableRotation.cs:20)
"
15:05:58.126,ERROR,Unity,"NullReferenceException: Object reference not set to an instance of an object
CarryableRotation.Update () (at Assets/Scripts/Interaction/CarryableRotation.cs:20)
"
15:05:58.140,ERROR,Unity,"NullReferenceException: Object reference not set to an instance of an object
CarryableRotation.Update () (at Assets/Scripts/Interaction/CarryableRotation.cs:20)
"
15:05:58.170,ERROR,Unity,"NullReferenceException: Object reference not set to an instance of an object
CarryableRotation.Update () (at Assets/Scripts/Interaction/CarryableRotation.cs:20)
"
15:05:58.185,ERROR,Unity,"NullReferenceException: Object reference not set to an instance of an object
CarryableRotation.Update () (at Assets/Scripts/Interaction/CarryableRotation.cs:20)
"
15:05:58.215,ERROR,Unity,"NullReferenceException: Object reference not set to an instance of an object
CarryableRotation.Update () (at Assets/Scripts/Interaction/CarryableRotation.cs:20)
"
15:05:58.228,ERROR,Unity,"NullReferenceException: Object reference not set to an instance of an object
CarryableRotation.Update () (at Assets/Scripts/Interaction/CarryableRotation.cs:20)
"
15:05:58.258,ERROR,Unity,"NullReferenceException: Object reference not set to an instance of an object
CarryableRotation.Update () (at Assets/Scripts/Interaction/CarryableRotation.cs:20)
"
15:05:58.274,ERROR,Unity,"NullReferenceException: Object reference not set to an instance of an object
CarryableRotation.Update () (at Assets/Scripts/Interaction/CarryableRotation.cs:20)
"
15:05:58.304,ERROR,Unity,"NullReferenceException: Object reference not set to an instance of an object
CarryableRotation.Update () (at Assets/Scripts/Interaction/CarryableRotation.cs:20)
"
15:05:58.320,ERROR,Unity,"NullReferenceException: Object reference not set to an instance of an object
CarryableRotation.Update () (at Assets/Scripts/Interaction/CarryableRotation.cs:20)
"
15:05:58.349,ERROR,Unity,"NullReferenceException: Object reference not set to an instance of an object
CarryableRotation.Update () (at Assets/Scripts/Interaction/CarryableRotation.cs:20)
"
15:05:58.364,ERROR,Unity,"NullReferenceException: Object reference not set to an instance of an object
CarryableRotation.Update () (at Assets/Scripts/Interaction/CarryableRotation.cs:20)
"
15:05:58.392,ERROR,Unity,"NullReferenceException: Object reference not set to an instance of an object
CarryableRotation.Update () (at Assets/Scripts/Interaction/CarryableRotation.cs:20)
"
15:05:58.406,ERROR,Unity,"NullReferenceException: Object reference not set to an instance of an object
CarryableRotation.Update () (at Assets/Scripts/Interaction/CarryableRotation.cs:20)
"
15:05:58.435,ERROR,Unity,"NullReferenceException: Object reference not set to an instance of an object
CarryableRotation.Update () (at Assets/Scripts/Interaction/CarryableRotation.cs:20)
"
15:05:58.451,ERROR,Unity,"NullReferenceException: Object reference not set to an instance of an object
CarryableRotation.Update () (at Assets/Scripts/Interaction/CarryableRotation.cs:20)
"
15:05:58.480,ERROR,Unity,"NullReferenceException: Object reference not set to an instance of an object
CarryableRotation.Update () (at Assets/Scripts/Interaction/CarryableRotation.cs:20)
"
15:05:58.494,ERROR,Unity,"NullReferenceException: Object reference not set to an instance of an object
CarryableRotation.Update () (at Assets/Scripts/Interaction/CarryableRotation.cs:20)
"
15:05:58.523,ERROR,Unity,"NullReferenceException: Object reference not set to an instance of an object
CarryableRotation.Update () (at Assets/Scripts/Interaction/CarryableRotation.cs:20)
"
15:05:58.540,ERROR,Unity,"NullReferenceException: Object reference not set to an instance of an object
CarryableRotation.Update () (at Assets/Scripts/Interaction/CarryableRotation.cs:20)
"
15:05:58.569,ERROR,Unity,"NullReferenceException: Object reference not set to an instance of an object
CarryableRotation.Update () (at Assets/Scripts/Interaction/CarryableRotation.cs:20)
"
15:05:58.584,ERROR,Unity,"NullReferenceException: Object reference not set to an instance of an object
CarryableRotation.Update () (at Assets/Scripts/Interaction/CarryableRotation.cs:20)
"
15:05:58.613,ERROR,Unity,"NullReferenceException: Object reference not set to an instance of an object
CarryableRotation.Update () (at Assets/Scripts/Interaction/CarryableRotation.cs:20)
"
15:05:58.627,ERROR,Unity,"NullReferenceException: Object reference not set to an instance of an object
CarryableRotation.Update () (at Assets/Scripts/Interaction/CarryableRotation.cs:20)
"
15:05:58.656,ERROR,Unity,"NullReferenceException: Object reference not set to an instance of an object
CarryableRotation.Update () (at Assets/Scripts/Interaction/CarryableRotation.cs:20)
"
15:05:58.670,ERROR,Unity,"NullReferenceException: Object reference not set to an instance of an object
CarryableRotation.Update () (at Assets/Scripts/Interaction/CarryableRotation.cs:20)
"
15:05:58.700,ERROR,Unity,"NullReferenceException: Object reference not set to an instance of an object
CarryableRotation.Update () (at Assets/Scripts/Interaction/CarryableRotation.cs:20)
"
15:05:58.714,ERROR,Unity,"NullReferenceException: Object reference not set to an instance of an object
CarryableRotation.Update () (at Assets/Scripts/Interaction/CarryableRotation.cs:20)
"
15:05:58.744,ERROR,Unity,"NullReferenceException: Object reference not set to an instance of an object
CarryableRotation.Update () (at Assets/Scripts/Interaction/CarryableRotation.cs:20)
"
15:05:58.759,ERROR,Unity,"NullReferenceException: Object reference not set to an instance of an object
CarryableRotation.Update () (at Assets/Scripts/Interaction/CarryableRotation.cs:20)
"
15:05:58.789,ERROR,Unity,"NullReferenceException: Object reference not set to an instance of an object
CarryableRotation.Update () (at Assets/Scripts/Interaction/CarryableRotation.cs:20)
"
15:05:58.803,ERROR,Unity,"NullReferenceException: Object reference not set to an instance of an object
CarryableRotation.Update () (at Assets/Scripts/Interaction/CarryableRotation.cs:20)
"
15:05:58.832,ERROR,Unity,"NullReferenceException: Object reference not set to an instance of an object
CarryableRotation.Update () (at Assets/Scripts/Interaction/CarryableRotation.cs:20)
"
15:05:58.847,ERROR,Unity,"NullReferenceException: Object reference not set to an instance of an object
CarryableRotation.Update () (at Assets/Scripts/Interaction/CarryableRotation.cs:20)
"
15:05:58.876,ERROR,Unity,"NullReferenceException: Object reference not set to an instance of an object
CarryableRotation.Update () (at Assets/Scripts/Interaction/CarryableRotation.cs:20)
"
15:05:58.890,ERROR,Unity,"NullReferenceException: Object reference not set to an instance of an object
CarryableRotation.Update () (at Assets/Scripts/Interaction/CarryableRotation.cs:20)
"
15:05:58.919,ERROR,Unity,"NullReferenceException: Object reference not set to an instance of an object
CarryableRotation.Update () (at Assets/Scripts/Interaction/CarryableRotation.cs:20)
"
15:05:58.933,ERROR,Unity,"NullReferenceException: Object reference not set to an instance of an object
CarryableRotation.Update () (at Assets/Scripts/Interaction/CarryableRotation.cs:20)
"
15:05:58.963,ERROR,Unity,"NullReferenceException: Object reference not set to an instance of an object
CarryableRotation.Update () (at Assets/Scripts/Interaction/CarryableRotation.cs:20)
"
15:05:58.979,ERROR,Unity,"NullReferenceException: Object reference not set to an instance of an object
CarryableRotation.Update () (at Assets/Scripts/Interaction/CarryableRotation.cs:20)
"
15:05:59.008,ERROR,Unity,"NullReferenceException: Object reference not set to an instance of an object
CarryableRotation.Update () (at Assets/Scripts/Interaction/CarryableRotation.cs:20)
"
15:05:59.022,ERROR,Unity,"NullReferenceException: Object reference not set to an instance of an object
CarryableRotation.Update () (at Assets/Scripts/Interaction/CarryableRotation.cs:20)
"
15:05:59.051,ERROR,Unity,"NullReferenceException: Object reference not set to an instance of an object
CarryableRotation.Update () (at Assets/Scripts/Interaction/CarryableRotation.cs:20)
"
15:05:59.066,ERROR,Unity,"NullReferenceException: Object reference not set to an instance of an object
CarryableRotation.Update () (at Assets/Scripts/Interaction/CarryableRotation.cs:20)
"
15:05:59.096,ERROR,Unity,"NullReferenceException: Object reference not set to an instance of an object
CarryableRotation.Update () (at Assets/Scripts/Interaction/CarryableRotation.cs:20)
"
15:05:59.109,ERROR,Unity,"NullReferenceException: Object reference not set to an instance of an object
CarryableRotation.Update () (at Assets/Scripts/Interaction/CarryableRotation.cs:20)
"
15:05:59.139,ERROR,Unity,"NullReferenceException: Object reference not set to an instance of an object
CarryableRotation.Update () (at Assets/Scripts/Interaction/CarryableRotation.cs:20)
"
15:05:59.153,ERROR,Unity,"NullReferenceException: Object reference not set to an instance of an object
CarryableRotation.Update () (at Assets/Scripts/Interaction/CarryableRotation.cs:20)
"
15:05:59.183,ERROR,Unity,"NullReferenceException: Object reference not set to an instance of an object
CarryableRotation.Update () (at Assets/Scripts/Interaction/CarryableRotation.cs:20)
"
15:05:59.199,ERROR,Unity,"NullReferenceException: Object reference not set to an instance of an object
CarryableRotation.Update () (at Assets/Scripts/Interaction/CarryableRotation.cs:20)
"
15:05:59.231,ERROR,Unity,"NullReferenceException: Object reference not set to an instance of an object
CarryableRotation.Update () (at Assets/Scripts/Interaction/CarryableRotation.cs:20)
"
15:05:59.247,ERROR,Unity,"NullReferenceException: Object reference not set to an instance of an object
CarryableRotation.Update () (at Assets/Scripts/Interaction/CarryableRotation.cs:20)
"
15:05:59.275,ERROR,Unity,"NullReferenceException: Object reference not set to an instance of an object
CarryableRotation.Update () (at Assets/Scripts/Interaction/CarryableRotation.cs:20)
"
15:05:59.289,ERROR,Unity,"NullReferenceException: Object reference not set to an instance of an object
CarryableRotation.Update () (at Assets/Scripts/Interaction/CarryableRotation.cs:20)
"
15:05:59.319,ERROR,Unity,"NullReferenceException: Object reference not set to an instance of an object
CarryableRotation.Update () (at Assets/Scripts/Interaction/CarryableRotation.cs:20)
"
15:05:59.332,ERROR,Unity,"NullReferenceException: Object reference not set to an instance of an object
CarryableRotation.Update () (at Assets/Scripts/Interaction/CarryableRotation.cs:20)
"
15:05:59.363,ERROR,Unity,"NullReferenceException: Object reference not set to an instance of an object
CarryableRotation.Update () (at Assets/Scripts/Interaction/CarryableRotation.cs:20)
"
15:05:59.377,ERROR,Unity,"NullReferenceException: Object reference not set to an instance of an object
CarryableRotation.Update () (at Assets/Scripts/Interaction/CarryableRotation.cs:20)
"
15:05:59.405,ERROR,Unity,"NullReferenceException: Object reference not set to an instance of an object
CarryableRotation.Update () (at Assets/Scripts/Interaction/CarryableRotation.cs:20)
"
15:05:59.423,ERROR,Unity,"NullReferenceException: Object reference not set to an instance of an object
CarryableRotation.Update () (at Assets/Scripts/Interaction/CarryableRotation.cs:20)
"
15:05:59.454,ERROR,Unity,"NullReferenceException: Object reference not set to an instance of an object
CarryableRotation.Update () (at Assets/Scripts/Interaction/CarryableRotation.cs:20)
"
15:05:59.468,ERROR,Unity,"NullReferenceException: Object reference not set to an instance of an object
CarryableRotation.Update () (at Assets/Scripts/Interaction/CarryableRotation.cs:20)
"
15:05:59.498,ERROR,Unity,"NullReferenceException: Object reference not set to an instance of an object
CarryableRotation.Update () (at Assets/Scripts/Interaction/CarryableRotation.cs:20)
"
15:05:59.513,ERROR,Unity,"NullReferenceException: Object reference not set to an instance of an object
CarryableRotation.Update () (at Assets/Scripts/Interaction/CarryableRotation.cs:20)
"
15:05:59.543,ERROR,Unity,"NullReferenceException: Object reference not set to an instance of an object
CarryableRotation.Update () (at Assets/Scripts/Interaction/CarryableRotation.cs:20)
"
15:05:59.558,ERROR,Unity,"NullReferenceException: Object reference not set to an instance of an object
CarryableRotation.Update () (at Assets/Scripts/Interaction/CarryableRotation.cs:20)
"
15:05:59.588,ERROR,Unity,"NullReferenceException: Object reference not set to an instance of an object
CarryableRotation.Update () (at Assets/Scripts/Interaction/CarryableRotation.cs:20)
"
15:05:59.602,ERROR,Unity,"NullReferenceException: Object reference not set to an instance of an object
CarryableRotation.Update () (at Assets/Scripts/Interaction/CarryableRotation.cs:20)
"
15:05:59.631,ERROR,Unity,"NullReferenceException: Object reference not set to an instance of an object
CarryableRotation.Update () (at Assets/Scripts/Interaction/CarryableRotation.cs:20)
"
15:05:59.648,ERROR,Unity,"NullReferenceException: Object reference not set to an instance of an object
CarryableRotation.Update () (at Assets/Scripts/Interaction/CarryableRotation.cs:20)
"
15:05:59.678,ERROR,Unity,"NullReferenceException: Object reference not set to an instance of an object
CarryableRotation.Update () (at Assets/Scripts/Interaction/CarryableRotation.cs:20)
"
15:05:59.691,ERROR,Unity,"NullReferenceException: Object reference not set to an instance of an object
CarryableRotation.Update () (at Assets/Scripts/Interaction/CarryableRotation.cs:20)
"
15:05:59.720,ERROR,Unity,"NullReferenceException: Object reference not set to an instance of an object
CarryableRotation.Update () (at Assets/Scripts/Interaction/CarryableRotation.cs:20)
"
15:05:59.735,ERROR,Unity,"NullReferenceException: Object reference not set to an instance of an object
CarryableRotation.Update () (at Assets/Scripts/Interaction/CarryableRotation.cs:20)
"
15:05:59.765,ERROR,Unity,"NullReferenceException: Object reference not set to an instance of an object
CarryableRotation.Update () (at Assets/Scripts/Interaction/CarryableRotation.cs:20)
"
15:05:59.780,ERROR,Unity,"NullReferenceException: Object reference not set to an instance of an object
CarryableRotation.Update () (at Assets/Scripts/Interaction/CarryableRotation.cs:20)
"
15:05:59.810,ERROR,Unity,"NullReferenceException: Object reference not set to an instance of an object
CarryableRotation.Update () (at Assets/Scripts/Interaction/CarryableRotation.cs:20)
"
15:05:59.824,ERROR,Unity,"NullReferenceException: Object reference not set to an instance of an object
CarryableRotation.Update () (at Assets/Scripts/Interaction/CarryableRotation.cs:20)
"
15:05:59.854,ERROR,Unity,"NullReferenceException: Object reference not set to an instance of an object
CarryableRotation.Update () (at Assets/Scripts/Interaction/CarryableRotation.cs:20)
"
15:05:59.870,ERROR,Unity,"NullReferenceException: Object reference not set to an instance of an object
CarryableRotation.Update () (at Assets/Scripts/Interaction/CarryableRotation.cs:20)
"
15:05:59.900,ERROR,Unity,"NullReferenceException: Object reference not set to an instance of an object
CarryableRotation.Update () (at Assets/Scripts/Interaction/CarryableRotation.cs:20)
"
15:05:59.914,ERROR,Unity,"NullReferenceException: Object reference not set to an instance of an object
CarryableRotation.Update () (at Assets/Scripts/Interaction/CarryableRotation.cs:20)
"
15:05:59.944,ERROR,Unity,"NullReferenceException: Object reference not set to an instance of an object
CarryableRotation.Update () (at Assets/Scripts/Interaction/CarryableRotation.cs:20)
"
15:05:59.957,ERROR,Unity,"NullReferenceException: Object reference not set to an instance of an object
CarryableRotation.Update () (at Assets/Scripts/Interaction/CarryableRotation.cs:20)
"
15:05:59.988,ERROR,Unity,"NullReferenceException: Object reference not set to an instance of an object
CarryableRotation.Update () (at Assets/Scripts/Interaction/CarryableRotation.cs:20)
"
15:06:00.005,ERROR,Unity,"NullReferenceException: Object reference not set to an instance of an object
CarryableRotation.Update () (at Assets/Scripts/Interaction/CarryableRotation.cs:20)
"
15:06:00.037,ERROR,Unity,"NullReferenceException: Object reference not set to an instance of an object
CarryableRotation.Update () (at Assets/Scripts/Interaction/CarryableRotation.cs:20)
"
15:06:00.051,ERROR,Unity,"NullReferenceException: Object reference not set to an instance of an object
CarryableRotation.Update () (at Assets/Scripts/Interaction/CarryableRotation.cs:20)
"
15:06:00.085,ERROR,Unity,"NullReferenceException: Object reference not set to an instance of an object
CarryableRotation.Update () (at Assets/Scripts/Interaction/CarryableRotation.cs:20)
"
15:06:00.120,ERROR,Unity,"NullReferenceException: Object reference not set to an instance of an object
CarryableRotation.Update () (at Assets/Scripts/Interaction/CarryableRotation.cs:20)
"
15:06:00.150,ERROR,Unity,"NullReferenceException: Object reference not set to an instance of an object
CarryableRotation.Update () (at Assets/Scripts/Interaction/CarryableRotation.cs:20)
"
15:06:00.166,ERROR,Unity,"NullReferenceException: Object reference not set to an instance of an object
CarryableRotation.Update () (at Assets/Scripts/Interaction/CarryableRotation.cs:20)
"
15:06:00.197,ERROR,Unity,"NullReferenceException: Object reference not set to an instance of an object
CarryableRotation.Update () (at Assets/Scripts/Interaction/CarryableRotation.cs:20)
"
15:06:00.211,ERROR,Unity,"NullReferenceException: Object reference not set to an instance of an object
CarryableRotation.Update () (at Assets/Scripts/Interaction/CarryableRotation.cs:20)
"
15:06:00.243,ERROR,Unity,"NullReferenceException: Object reference not set to an instance of an object
CarryableRotation.Update () (at Assets/Scripts/Interaction/CarryableRotation.cs:20)
"
15:06:00.257,ERROR,Unity,"NullReferenceException: Object reference not set to an instance of an object
CarryableRotation.Update () (at Assets/Scripts/Interaction/CarryableRotation.cs:20)
"
15:06:00.286,ERROR,Unity,"NullReferenceException: Object reference not set to an instance of an object
CarryableRotation.Update () (at Assets/Scripts/Interaction/CarryableRotation.cs:20)
"
15:06:00.303,ERROR,Unity,"NullReferenceException: Object reference not set to an instance of an object
CarryableRotation.Update () (at Assets/Scripts/Interaction/CarryableRotation.cs:20)
"
15:06:00.334,ERROR,Unity,"NullReferenceException: Object reference not set to an instance of an object
CarryableRotation.Update () (at Assets/Scripts/Interaction/CarryableRotation.cs:20)
"
15:06:00.348,ERROR,Unity,"NullReferenceException: Object reference not set to an instance of an object
CarryableRotation.Update () (at Assets/Scripts/Interaction/CarryableRotation.cs:20)
"
15:06:00.378,ERROR,Unity,"NullReferenceException: Object reference not set to an instance of an object
CarryableRotation.Update () (at Assets/Scripts/Interaction/CarryableRotation.cs:20)
"
15:06:00.394,ERROR,Unity,"NullReferenceException: Object reference not set to an instance of an object
CarryableRotation.Update () (at Assets/Scripts/Interaction/CarryableRotation.cs:20)
"
15:06:00.425,ERROR,Unity,"NullReferenceException: Object reference not set to an instance of an object
CarryableRotation.Update () (at Assets/Scripts/Interaction/CarryableRotation.cs:20)
"
15:06:00.440,ERROR,Unity,"NullReferenceException: Object reference not set to an instance of an object
CarryableRotation.Update () (at Assets/Scripts/Interaction/CarryableRotation.cs:20)
"
15:06:00.471,ERROR,Unity,"NullReferenceException: Object reference not set to an instance of an object
CarryableRotation.Update () (at Assets/Scripts/Interaction/CarryableRotation.cs:20)
"
15:06:00.485,ERROR,Unity,"NullReferenceException: Object reference not set to an instance of an object
CarryableRotation.Update () (at Assets/Scripts/Interaction/CarryableRotation.cs:20)
"
15:06:00.517,ERROR,Unity,"NullReferenceException: Object reference not set to an instance of an object
CarryableRotation.Update () (at Assets/Scripts/Interaction/CarryableRotation.cs:20)
"
15:06:00.534,ERROR,Unity,"NullReferenceException: Object reference not set to an instance of an object
CarryableRotation.Update () (at Assets/Scripts/Interaction/CarryableRotation.cs:20)
"
15:06:00.566,ERROR,Unity,"NullReferenceException: Object reference not set to an instance of an object
CarryableRotation.Update () (at Assets/Scripts/Interaction/CarryableRotation.cs:20)
"
15:06:00.582,ERROR,Unity,"NullReferenceException: Object reference not set to an instance of an object
CarryableRotation.Update () (at Assets/Scripts/Interaction/CarryableRotation.cs:20)
"
15:06:00.614,ERROR,Unity,"NullReferenceException: Object reference not set to an instance of an object
CarryableRotation.Update () (at Assets/Scripts/Interaction/CarryableRotation.cs:20)
"
15:06:00.630,ERROR,Unity,"NullReferenceException: Object reference not set to an instance of an object
CarryableRotation.Update () (at Assets/Scripts/Interaction/CarryableRotation.cs:20)
"
15:06:00.661,ERROR,Unity,"NullReferenceException: Object reference not set to an instance of an object
CarryableRotation.Update () (at Assets/Scripts/Interaction/CarryableRotation.cs:20)
"
15:06:00.677,ERROR,Unity,"NullReferenceException: Object reference not set to an instance of an object
CarryableRotation.Update () (at Assets/Scripts/Interaction/CarryableRotation.cs:20)
"
15:06:00.707,ERROR,Unity,"NullReferenceException: Object reference not set to an instance of an object
CarryableRotation.Update () (at Assets/Scripts/Interaction/CarryableRotation.cs:20)
"
15:06:00.722,ERROR,Unity,"NullReferenceException: Object reference not set to an instance of an object
CarryableRotation.Update () (at Assets/Scripts/Interaction/CarryableRotation.cs:20)
"
15:06:00.756,ERROR,Unity,"NullReferenceException: Object reference not set to an instance of an object
CarryableRotation.Update () (at Assets/Scripts/Interaction/CarryableRotation.cs:20)
"
15:06:00.787,ERROR,Unity,"NullReferenceException: Object reference not set to an instance of an object
CarryableRotation.Update () (at Assets/Scripts/Interaction/CarryableRotation.cs:20)
"
15:06:00.803,ERROR,Unity,"NullReferenceException: Object reference not set to an instance of an object
CarryableRotation.Update () (at Assets/Scripts/Interaction/CarryableRotation.cs:20)
"
15:06:00.833,ERROR,Unity,"NullReferenceException: Object reference not set to an instance of an object
CarryableRotation.Update () (at Assets/Scripts/Interaction/CarryableRotation.cs:20)
"
15:06:00.849,ERROR,Unity,"NullReferenceException: Object reference not set to an instance of an object
CarryableRotation.Update () (at Assets/Scripts/Interaction/CarryableRotation.cs:20)
"
15:06:00.880,ERROR,Unity,"NullReferenceException: Object reference not set to an instance of an object
CarryableRotation.Update () (at Assets/Scripts/Interaction/CarryableRotation.cs:20)
"
15:06:00.896,ERROR,Unity,"NullReferenceException: Object reference not set to an instance of an object
CarryableRotation.Update () (at Assets/Scripts/Interaction/CarryableRotation.cs:20)
"
15:06:00.927,ERROR,Unity,"NullReferenceException: Object reference not set to an instance of an object
CarryableRotation.Update () (at Assets/Scripts/Interaction/CarryableRotation.cs:20)
"
15:06:00.945,ERROR,Unity,"NullReferenceException: Object reference not set to an instance of an object
CarryableRotation.Update () (at Assets/Scripts/Interaction/CarryableRotation.cs:20)
"
15:06:00.976,ERROR,Unity,"NullReferenceException: Object reference not set to an instance of an object
CarryableRotation.Update () (at Assets/Scripts/Interaction/CarryableRotation.cs:20)
"
15:06:00.991,ERROR,Unity,"NullReferenceException: Object reference not set to an instance of an object
CarryableRotation.Update () (at Assets/Scripts/Interaction/CarryableRotation.cs:20)
"
15:06:01.023,ERROR,Unity,"NullReferenceException: Object reference not set to an instance of an object
CarryableRotation.Update () (at Assets/Scripts/Interaction/CarryableRotation.cs:20)
"
15:06:01.037,ERROR,Unity,"NullReferenceException: Object reference not set to an instance of an object
CarryableRotation.Update () (at Assets/Scripts/Interaction/CarryableRotation.cs:20)
"
15:06:01.067,ERROR,Unity,"NullReferenceException: Object reference not set to an instance of an object
CarryableRotation.Update () (at Assets/Scripts/Interaction/CarryableRotation.cs:20)
"
15:06:01.081,ERROR,Unity,"NullReferenceException: Object reference not set to an instance of an object
CarryableRotation.Update () (at Assets/Scripts/Interaction/CarryableRotation.cs:20)
"
15:06:01.110,ERROR,Unity,"NullReferenceException: Object reference not set to an instance of an object
CarryableRotation.Update () (at Assets/Scripts/Interaction/CarryableRotation.cs:20)
"
15:06:01.124,ERROR,Unity,"NullReferenceException: Object reference not set to an instance of an object
CarryableRotation.Update () (at Assets/Scripts/Interaction/CarryableRotation.cs:20)
"
15:06:01.153,ERROR,Unity,"NullReferenceException: Object reference not set to an instance of an object
CarryableRotation.Update () (at Assets/Scripts/Interaction/CarryableRotation.cs:20)
"
15:06:01.170,ERROR,Unity,"NullReferenceException: Object reference not set to an instance of an object
CarryableRotation.Update () (at Assets/Scripts/Interaction/CarryableRotation.cs:20)
"
15:06:01.200,ERROR,Unity,"NullReferenceException: Object reference not set to an instance of an object
CarryableRotation.Update () (at Assets/Scripts/Interaction/CarryableRotation.cs:20)
"
15:06:01.214,ERROR,Unity,"NullReferenceException: Object reference not set to an instance of an object
CarryableRotation.Update () (at Assets/Scripts/Interaction/CarryableRotation.cs:20)
"
15:06:01.242,ERROR,Unity,"NullReferenceException: Object reference not set to an instance of an object
CarryableRotation.Update () (at Assets/Scripts/Interaction/CarryableRotation.cs:20)
"
15:06:01.257,ERROR,Unity,"NullReferenceException: Object reference not set to an instance of an object
CarryableRotation.Update () (at Assets/Scripts/Interaction/CarryableRotation.cs:20)
"
15:06:01.288,ERROR,Unity,"NullReferenceException: Object reference not set to an instance of an object
CarryableRotation.Update () (at Assets/Scripts/Interaction/CarryableRotation.cs:20)
"
15:06:01.304,ERROR,Unity,"NullReferenceException: Object reference not set to an instance of an object
CarryableRotation.Update () (at Assets/Scripts/Interaction/CarryableRotation.cs:20)
"
15:06:01.333,ERROR,Unity,"NullReferenceException: Object reference not set to an instance of an object
CarryableRotation.Update () (at Assets/Scripts/Interaction/CarryableRotation.cs:20)
"
15:06:01.349,ERROR,Unity,"NullReferenceException: Object reference not set to an instance of an object
CarryableRotation.Update () (at Assets/Scripts/Interaction/CarryableRotation.cs:20)
"
15:06:01.381,ERROR,Unity,"NullReferenceException: Object reference not set to an instance of an object
CarryableRotation.Update () (at Assets/Scripts/Interaction/CarryableRotation.cs:20)
"
15:06:01.399,ERROR,Unity,"NullReferenceException: Object reference not set to an instance of an object
CarryableRotation.Update () (at Assets/Scripts/Interaction/CarryableRotation.cs:20)
"
15:06:01.430,ERROR,Unity,"NullReferenceException: Object reference not set to an instance of an object
CarryableRotation.Update () (at Assets/Scripts/Interaction/CarryableRotation.cs:20)
"
15:06:01.445,ERROR,Unity,"NullReferenceException: Object reference not set to an instance of an object
CarryableRotation.Update () (at Assets/Scripts/Interaction/CarryableRotation.cs:20)
"
15:06:01.475,ERROR,Unity,"NullReferenceException: Object reference not set to an instance of an object
CarryableRotation.Update () (at Assets/Scripts/Interaction/CarryableRotation.cs:20)
"
15:06:01.490,ERROR,Unity,"NullReferenceException: Object reference not set to an instance of an object
CarryableRotation.Update () (at Assets/Scripts/Interaction/CarryableRotation.cs:20)
"
15:06:01.521,ERROR,Unity,"NullReferenceException: Object reference not set to an instance of an object
CarryableRotation.Update () (at Assets/Scripts/Interaction/CarryableRotation.cs:20)
"
15:06:01.546,ERROR,Unity,"NullReferenceException: Object reference not set to an instance of an object
CarryableRotation.Update () (at Assets/Scripts/Interaction/CarryableRotation.cs:20)
"
15:06:01.576,ERROR,Unity,"NullReferenceException: Object reference not set to an instance of an object
CarryableRotation.Update () (at Assets/Scripts/Interaction/CarryableRotation.cs:20)
"
15:06:01.591,ERROR,Unity,"NullReferenceException: Object reference not set to an instance of an object
CarryableRotation.Update () (at Assets/Scripts/Interaction/CarryableRotation.cs:20)
"
15:06:01.633,ERROR,Unity,"NullReferenceException: Object reference not set to an instance of an object
CarryableRotation.Update () (at Assets/Scripts/Interaction/CarryableRotation.cs:20)
"
15:06:01.667,ERROR,Unity,"NullReferenceException: Object reference not set to an instance of an object
CarryableRotation.Update () (at Assets/Scripts/Interaction/CarryableRotation.cs:20)
"
15:06:01.698,ERROR,Unity,"NullReferenceException: Object reference not set to an instance of an object
CarryableRotation.Update () (at Assets/Scripts/Interaction/CarryableRotation.cs:20)
"
15:06:01.714,ERROR,Unity,"NullReferenceException: Object reference not set to an instance of an object
CarryableRotation.Update () (at Assets/Scripts/Interaction/CarryableRotation.cs:20)
"
15:06:01.745,ERROR,Unity,"NullReferenceException: Object reference not set to an instance of an object
CarryableRotation.Update () (at Assets/Scripts/Interaction/CarryableRotation.cs:20)
"
15:06:01.761,ERROR,Unity,"NullReferenceException: Object reference not set to an instance of an object
CarryableRotation.Update () (at Assets/Scripts/Interaction/CarryableRotation.cs:20)
"
15:06:01.794,ERROR,Unity,"NullReferenceException: Object reference not set to an instance of an object
CarryableRotation.Update () (at Assets/Scripts/Interaction/CarryableRotation.cs:20)
"
15:06:01.811,ERROR,Unity,"NullReferenceException: Object reference not set to an instance of an object
CarryableRotation.Update () (at Assets/Scripts/Interaction/CarryableRotation.cs:20)
"
15:06:01.840,ERROR,Unity,"NullReferenceException: Object reference not set to an instance of an object
CarryableRotation.Update () (at Assets/Scripts/Interaction/CarryableRotation.cs:20)
"
15:06:01.857,ERROR,Unity,"NullReferenceException: Object reference not set to an instance of an object
CarryableRotation.Update () (at Assets/Scripts/Interaction/CarryableRotation.cs:20)
"
15:06:01.892,ERROR,Unity,"NullReferenceException: Object reference not set to an instance of an object
CarryableRotation.Update () (at Assets/Scripts/Interaction/CarryableRotation.cs:20)
"
15:06:01.922,ERROR,Unity,"NullReferenceException: Object reference not set to an instance of an object
CarryableRotation.Update () (at Assets/Scripts/Interaction/CarryableRotation.cs:20)
"
15:06:01.935,ERROR,Unity,"NullReferenceException: Object reference not set to an instance of an object
CarryableRotation.Update () (at Assets/Scripts/Interaction/CarryableRotation.cs:20)
"
15:06:01.965,ERROR,Unity,"NullReferenceException: Object reference not set to an instance of an object
CarryableRotation.Update () (at Assets/Scripts/Interaction/CarryableRotation.cs:20)
"
15:06:01.982,ERROR,Unity,"NullReferenceException: Object reference not set to an instance of an object
CarryableRotation.Update () (at Assets/Scripts/Interaction/CarryableRotation.cs:20)
"
15:06:02.015,ERROR,Unity,"NullReferenceException: Object reference not set to an instance of an object
CarryableRotation.Update () (at Assets/Scripts/Interaction/CarryableRotation.cs:20)
"
15:06:02.049,ERROR,Unity,"NullReferenceException: Object reference not set to an instance of an object
CarryableRotation.Update () (at Assets/Scripts/Interaction/CarryableRotation.cs:20)
"
15:06:02.080,ERROR,Unity,"NullReferenceException: Object reference not set to an instance of an object
CarryableRotation.Update () (at Assets/Scripts/Interaction/CarryableRotation.cs:20)
"
15:06:02.095,ERROR,Unity,"NullReferenceException: Object reference not set to an instance of an object
CarryableRotation.Update () (at Assets/Scripts/Interaction/CarryableRotation.cs:20)
"
15:06:02.126,ERROR,Unity,"NullReferenceException: Object reference not set to an instance of an object
CarryableRotation.Update () (at Assets/Scripts/Interaction/CarryableRotation.cs:20)
"
15:06:02.141,ERROR,Unity,"NullReferenceException: Object reference not set to an instance of an object
CarryableRotation.Update () (at Assets/Scripts/Interaction/CarryableRotation.cs:20)
"
15:06:02.172,ERROR,Unity,"NullReferenceException: Object reference not set to an instance of an object
CarryableRotation.Update () (at Assets/Scripts/Interaction/CarryableRotation.cs:20)
"
15:06:02.187,ERROR,Unity,"NullReferenceException: Object reference not set to an instance of an object
CarryableRotation.Update () (at Assets/Scripts/Interaction/CarryableRotation.cs:20)
"
15:06:02.218,ERROR,Unity,"NullReferenceException: Object reference not set to an instance of an object
CarryableRotation.Update () (at Assets/Scripts/Interaction/CarryableRotation.cs:20)
"
15:06:02.237,ERROR,Unity,"NullReferenceException: Object reference not set to an instance of an object
CarryableRotation.Update () (at Assets/Scripts/Interaction/CarryableRotation.cs:20)
"
15:06:02.268,ERROR,Unity,"NullReferenceException: Object reference not set to an instance of an object
CarryableRotation.Update () (at Assets/Scripts/Interaction/CarryableRotation.cs:20)
"
15:06:02.283,ERROR,Unity,"NullReferenceException: Object reference not set to an instance of an object
CarryableRotation.Update () (at Assets/Scripts/Interaction/CarryableRotation.cs:20)
"
15:06:02.314,ERROR,Unity,"NullReferenceException: Object reference not set to an instance of an object
CarryableRotation.Update () (at Assets/Scripts/Interaction/CarryableRotation.cs:20)
"
15:06:02.328,ERROR,Unity,"NullReferenceException: Object reference not set to an instance of an object
CarryableRotation.Update () (at Assets/Scripts/Interaction/CarryableRotation.cs:20)
"
15:06:02.357,ERROR,Unity,"NullReferenceException: Object reference not set to an instance of an object
CarryableRotation.Update () (at Assets/Scripts/Interaction/CarryableRotation.cs:20)
"
15:06:02.371,ERROR,Unity,"NullReferenceException: Object reference not set to an instance of an object
CarryableRotation.Update () (at Assets/Scripts/Interaction/CarryableRotation.cs:20)
"
15:06:02.402,ERROR,Unity,"NullReferenceException: Object reference not set to an instance of an object
CarryableRotation.Update () (at Assets/Scripts/Interaction/CarryableRotation.cs:20)
"
15:06:02.416,ERROR,Unity,"NullReferenceException: Object reference not set to an instance of an object
CarryableRotation.Update () (at Assets/Scripts/Interaction/CarryableRotation.cs:20)
"
15:06:02.445,ERROR,Unity,"NullReferenceException: Object reference not set to an instance of an object
CarryableRotation.Update () (at Assets/Scripts/Interaction/CarryableRotation.cs:20)
"
15:06:02.461,ERROR,Unity,"NullReferenceException: Object reference not set to an instance of an object
CarryableRotation.Update () (at Assets/Scripts/Interaction/CarryableRotation.cs:20)
"
15:06:02.490,ERROR,Unity,"NullReferenceException: Object reference not set to an instance of an object
CarryableRotation.Update () (at Assets/Scripts/Interaction/CarryableRotation.cs:20)
"
15:06:02.505,ERROR,Unity,"NullReferenceException: Object reference not set to an instance of an object
CarryableRotation.Update () (at Assets/Scripts/Interaction/CarryableRotation.cs:20)
"
15:06:02.537,ERROR,Unity,"NullReferenceException: Object reference not set to an instance of an object
CarryableRotation.Update () (at Assets/Scripts/Interaction/CarryableRotation.cs:20)
"
15:06:02.555,ERROR,Unity,"NullReferenceException: Object reference not set to an instance of an object
CarryableRotation.Update () (at Assets/Scripts/Interaction/CarryableRotation.cs:20)
"
15:06:02.587,ERROR,Unity,"NullReferenceException: Object reference not set to an instance of an object
CarryableRotation.Update () (at Assets/Scripts/Interaction/CarryableRotation.cs:20)
"
15:06:02.602,ERROR,Unity,"NullReferenceException: Object reference not set to an instance of an object
CarryableRotation.Update () (at Assets/Scripts/Interaction/CarryableRotation.cs:20)
"
15:06:02.634,ERROR,Unity,"NullReferenceException: Object reference not set to an instance of an object
CarryableRotation.Update () (at Assets/Scripts/Interaction/CarryableRotation.cs:20)
"
15:06:02.649,ERROR,Unity,"NullReferenceException: Object reference not set to an instance of an object
CarryableRotation.Update () (at Assets/Scripts/Interaction/CarryableRotation.cs:20)
"
15:06:02.683,ERROR,Unity,"NullReferenceException: Object reference not set to an instance of an object
CarryableRotation.Update () (at Assets/Scripts/Interaction/CarryableRotation.cs:20)
"
15:06:02.696,ERROR,Unity,"NullReferenceException: Object reference not set to an instance of an object
CarryableRotation.Update () (at Assets/Scripts/Interaction/CarryableRotation.cs:20)
"
15:06:02.726,ERROR,Unity,"NullReferenceException: Object reference not set to an instance of an object
CarryableRotation.Update () (at Assets/Scripts/Interaction/CarryableRotation.cs:20)
"
15:06:02.739,ERROR,Unity,"NullReferenceException: Object reference not set to an instance of an object
CarryableRotation.Update () (at Assets/Scripts/Interaction/CarryableRotation.cs:20)
"
15:06:02.770,ERROR,Unity,"NullReferenceException: Object reference not set to an instance of an object
CarryableRotation.Update () (at Assets/Scripts/Interaction/CarryableRotation.cs:20)
"
15:06:02.786,ERROR,Unity,"NullReferenceException: Object reference not set to an instance of an object
CarryableRotation.Update () (at Assets/Scripts/Interaction/CarryableRotation.cs:20)
"
15:06:02.815,ERROR,Unity,"NullReferenceException: Object reference not set to an instance of an object
CarryableRotation.Update () (at Assets/Scripts/Interaction/CarryableRotation.cs:20)
"
15:06:02.831,ERROR,Unity,"NullReferenceException: Object reference not set to an instance of an object
CarryableRotation.Update () (at Assets/Scripts/Interaction/CarryableRotation.cs:20)
"
15:06:02.860,ERROR,Unity,"NullReferenceException: Object reference not set to an instance of an object
CarryableRotation.Update () (at Assets/Scripts/Interaction/CarryableRotation.cs:20)
"
15:06:02.876,ERROR,Unity,"NullReferenceException: Object reference not set to an instance of an object
CarryableRotation.Update () (at Assets/Scripts/Interaction/CarryableRotation.cs:20)
"
15:06:02.906,ERROR,Unity,"NullReferenceException: Object reference not set to an instance of an object
CarryableRotation.Update () (at Assets/Scripts/Interaction/CarryableRotation.cs:20)
"
15:06:02.920,ERROR,Unity,"NullReferenceException: Object reference not set to an instance of an object
CarryableRotation.Update () (at Assets/Scripts/Interaction/CarryableRotation.cs:20)
"
15:06:02.950,ERROR,Unity,"NullReferenceException: Object reference not set to an instance of an object
CarryableRotation.Update () (at Assets/Scripts/Interaction/CarryableRotation.cs:20)
"
15:06:02.965,ERROR,Unity,"NullReferenceException: Object reference not set to an instance of an object
CarryableRotation.Update () (at Assets/Scripts/Interaction/CarryableRotation.cs:20)
"
15:06:02.995,ERROR,Unity,"NullReferenceException: Object reference not set to an instance of an object
CarryableRotation.Update () (at Assets/Scripts/Interaction/CarryableRotation.cs:20)
"
15:06:03.008,ERROR,Unity,"NullReferenceException: Object reference not set to an instance of an object
CarryableRotation.Update () (at Assets/Scripts/Interaction/CarryableRotation.cs:20)
"
15:06:03.040,ERROR,Unity,"NullReferenceException: Object reference not set to an instance of an object
CarryableRotation.Update () (at Assets/Scripts/Interaction/CarryableRotation.cs:20)
"
15:06:03.056,ERROR,Unity,"NullReferenceException: Object reference not set to an instance of an object
CarryableRotation.Update () (at Assets/Scripts/Interaction/CarryableRotation.cs:20)
"
15:06:03.088,ERROR,Unity,"NullReferenceException: Object reference not set to an instance of an object
CarryableRotation.Update () (at Assets/Scripts/Interaction/CarryableRotation.cs:20)
"
15:06:03.107,ERROR,Unity,"NullReferenceException: Object reference not set to an instance of an object
CarryableRotation.Update () (at Assets/Scripts/Interaction/CarryableRotation.cs:20)
"
15:06:03.137,ERROR,Unity,"NullReferenceException: Object reference not set to an instance of an object
CarryableRotation.Update () (at Assets/Scripts/Interaction/CarryableRotation.cs:20)
"
15:06:03.152,ERROR,Unity,"NullReferenceException: Object reference not set to an instance of an object
CarryableRotation.Update () (at Assets/Scripts/Interaction/CarryableRotation.cs:20)
"
15:06:03.182,ERROR,Unity,"NullReferenceException: Object reference not set to an instance of an object
CarryableRotation.Update () (at Assets/Scripts/Interaction/CarryableRotation.cs:20)
"
15:06:03.198,ERROR,Unity,"NullReferenceException: Object reference not set to an instance of an object
CarryableRotation.Update () (at Assets/Scripts/Interaction/CarryableRotation.cs:20)
"
15:06:03.229,ERROR,Unity,"NullReferenceException: Object reference not set to an instance of an object
CarryableRotation.Update () (at Assets/Scripts/Interaction/CarryableRotation.cs:20)
"
15:06:03.243,ERROR,Unity,"NullReferenceException: Object reference not set to an instance of an object
CarryableRotation.Update () (at Assets/Scripts/Interaction/CarryableRotation.cs:20)
"
15:06:03.273,ERROR,Unity,"NullReferenceException: Object reference not set to an instance of an object
CarryableRotation.Update () (at Assets/Scripts/Interaction/CarryableRotation.cs:20)
"
15:06:03.287,ERROR,Unity,"NullReferenceException: Object reference not set to an instance of an object
CarryableRotation.Update () (at Assets/Scripts/Interaction/CarryableRotation.cs:20)
"
15:06:03.319,ERROR,Unity,"NullReferenceException: Object reference not set to an instance of an object
CarryableRotation.Update () (at Assets/Scripts/Interaction/CarryableRotation.cs:20)
"
15:06:03.336,ERROR,Unity,"NullReferenceException: Object reference not set to an instance of an object
CarryableRotation.Update () (at Assets/Scripts/Interaction/CarryableRotation.cs:20)
"
15:06:03.367,ERROR,Unity,"NullReferenceException: Object reference not set to an instance of an object
CarryableRotation.Update () (at Assets/Scripts/Interaction/CarryableRotation.cs:20)
"
15:06:03.382,ERROR,Unity,"NullReferenceException: Object reference not set to an instance of an object
CarryableRotation.Update () (at Assets/Scripts/Interaction/CarryableRotation.cs:20)
"
15:06:03.414,ERROR,Unity,"NullReferenceException: Object reference not set to an instance of an object
CarryableRotation.Update () (at Assets/Scripts/Interaction/CarryableRotation.cs:20)
"
15:06:03.429,ERROR,Unity,"NullReferenceException: Object reference not set to an instance of an object
CarryableRotation.Update () (at Assets/Scripts/Interaction/CarryableRotation.cs:20)
"
15:06:03.459,ERROR,Unity,"NullReferenceException: Object reference not set to an instance of an object
CarryableRotation.Update () (at Assets/Scripts/Interaction/CarryableRotation.cs:20)
"
15:06:03.474,ERROR,Unity,"NullReferenceException: Object reference not set to an instance of an object
CarryableRotation.Update () (at Assets/Scripts/Interaction/CarryableRotation.cs:20)
"
15:06:03.504,ERROR,Unity,"NullReferenceException: Object reference not set to an instance of an object
CarryableRotation.Update () (at Assets/Scripts/Interaction/CarryableRotation.cs:20)
"
15:06:03.519,ERROR,Unity,"NullReferenceException: Object reference not set to an instance of an object
CarryableRotation.Update () (at Assets/Scripts/Interaction/CarryableRotation.cs:20)
"
15:06:03.550,ERROR,Unity,"NullReferenceException: Object reference not set to an instance of an object
CarryableRotation.Update () (at Assets/Scripts/Interaction/CarryableRotation.cs:20)
"
15:06:03.565,ERROR,Unity,"NullReferenceException: Object reference not set to an instance of an object
CarryableRotation.Update () (at Assets/Scripts/Interaction/CarryableRotation.cs:20)
"
15:06:03.594,ERROR,Unity,"NullReferenceException: Object reference not set to an instance of an object
CarryableRotation.Update () (at Assets/Scripts/Interaction/CarryableRotation.cs:20)
"
15:06:03.609,ERROR,Unity,"NullReferenceException: Object reference not set to an instance of an object
CarryableRotation.Update () (at Assets/Scripts/Interaction/CarryableRotation.cs:20)
"
15:06:03.639,ERROR,Unity,"NullReferenceException: Object reference not set to an instance of an object
CarryableRotation.Update () (at Assets/Scripts/Interaction/CarryableRotation.cs:20)
"
15:06:03.652,ERROR,Unity,"NullReferenceException: Object reference not set to an instance of an object
CarryableRotation.Update () (at Assets/Scripts/Interaction/CarryableRotation.cs:20)
"
15:06:03.682,ERROR,Unity,"NullReferenceException: Object reference not set to an instance of an object
CarryableRotation.Update () (at Assets/Scripts/Interaction/CarryableRotation.cs:20)
"
15:06:03.699,ERROR,Unity,"NullReferenceException: Object reference not set to an instance of an object
CarryableRotation.Update () (at Assets/Scripts/Interaction/CarryableRotation.cs:20)
"
15:06:03.729,ERROR,Unity,"NullReferenceException: Object reference not set to an instance of an object
CarryableRotation.Update () (at Assets/Scripts/Interaction/CarryableRotation.cs:20)
"
15:06:03.745,ERROR,Unity,"NullReferenceException: Object reference not set to an instance of an object
CarryableRotation.Update () (at Assets/Scripts/Interaction/CarryableRotation.cs:20)
"
15:06:03.774,ERROR,Unity,"NullReferenceException: Object reference not set to an instance of an object
CarryableRotation.Update () (at Assets/Scripts/Interaction/CarryableRotation.cs:20)
"
15:06:03.790,ERROR,Unity,"NullReferenceException: Object reference not set to an instance of an object
CarryableRotation.Update () (at Assets/Scripts/Interaction/CarryableRotation.cs:20)
"
15:06:03.820,ERROR,Unity,"NullReferenceException: Object reference not set to an instance of an object
CarryableRotation.Update () (at Assets/Scripts/Interaction/CarryableRotation.cs:20)
"
15:06:03.836,ERROR,Unity,"NullReferenceException: Object reference not set to an instance of an object
CarryableRotation.Update () (at Assets/Scripts/Interaction/CarryableRotation.cs:20)
"
15:06:03.866,ERROR,Unity,"NullReferenceException: Object reference not set to an instance of an object
CarryableRotation.Update () (at Assets/Scripts/Interaction/CarryableRotation.cs:20)
"
15:06:03.880,ERROR,Unity,"NullReferenceException: Object reference not set to an instance of an object
CarryableRotation.Update () (at Assets/Scripts/Interaction/CarryableRotation.cs:20)
"
15:06:03.910,ERROR,Unity,"NullReferenceException: Object reference not set to an instance of an object
CarryableRotation.Update () (at Assets/Scripts/Interaction/CarryableRotation.cs:20)
"
15:06:03.925,ERROR,Unity,"NullReferenceException: Object reference not set to an instance of an object
CarryableRotation.Update () (at Assets/Scripts/Interaction/CarryableRotation.cs:20)
"
15:06:03.956,INFO,Unity,maxJumpVelocity20
15:06:03.957,ERROR,Unity,"NullReferenceException: Object reference not set to an instance of an object
CarryableRotation.Update () (at Assets/Scripts/Interaction/CarryableRotation.cs:20)
"
15:06:03.976,ERROR,Unity,"NullReferenceException: Object reference not set to an instance of an object
CarryableRotation.Update () (at Assets/Scripts/Interaction/CarryableRotation.cs:20)
"
15:06:04.006,ERROR,Unity,"NullReferenceException: Object reference not set to an instance of an object
CarryableRotation.Update () (at Assets/Scripts/Interaction/CarryableRotation.cs:20)
"
15:06:04.020,ERROR,Unity,"NullReferenceException: Object reference not set to an instance of an object
CarryableRotation.Update () (at Assets/Scripts/Interaction/CarryableRotation.cs:20)
"
15:06:04.049,ERROR,Unity,"NullReferenceException: Object reference not set to an instance of an object
CarryableRotation.Update () (at Assets/Scripts/Interaction/CarryableRotation.cs:20)
"
15:06:04.064,ERROR,Unity,"NullReferenceException: Object reference not set to an instance of an object
CarryableRotation.Update () (at Assets/Scripts/Interaction/CarryableRotation.cs:20)
"
15:06:04.095,ERROR,Unity,"NullReferenceException: Object reference not set to an instance of an object
CarryableRotation.Update () (at Assets/Scripts/Interaction/CarryableRotation.cs:20)
"
15:06:04.111,ERROR,Unity,"NullReferenceException: Object reference not set to an instance of an object
CarryableRotation.Update () (at Assets/Scripts/Interaction/CarryableRotation.cs:20)
"
15:06:04.142,ERROR,Unity,"NullReferenceException: Object reference not set to an instance of an object
CarryableRotation.Update () (at Assets/Scripts/Interaction/CarryableRotation.cs:20)
"
15:06:04.155,ERROR,Unity,"NullReferenceException: Object reference not set to an instance of an object
CarryableRotation.Update () (at Assets/Scripts/Interaction/CarryableRotation.cs:20)
"
15:06:04.186,ERROR,Unity,"NullReferenceException: Object reference not set to an instance of an object
CarryableRotation.Update () (at Assets/Scripts/Interaction/CarryableRotation.cs:20)
"
15:06:04.203,ERROR,Unity,"NullReferenceException: Object reference not set to an instance of an object
CarryableRotation.Update () (at Assets/Scripts/Interaction/CarryableRotation.cs:20)
"
15:06:04.233,ERROR,Unity,"NullReferenceException: Object reference not set to an instance of an object
CarryableRotation.Update () (at Assets/Scripts/Interaction/CarryableRotation.cs:20)
"
15:06:04.246,ERROR,Unity,"NullReferenceException: Object reference not set to an instance of an object
CarryableRotation.Update () (at Assets/Scripts/Interaction/CarryableRotation.cs:20)
"
15:06:04.276,ERROR,Unity,"NullReferenceException: Object reference not set to an instance of an object
CarryableRotation.Update () (at Assets/Scripts/Interaction/CarryableRotation.cs:20)
"
15:06:04.290,ERROR,Unity,"NullReferenceException: Object reference not set to an instance of an object
CarryableRotation.Update () (at Assets/Scripts/Interaction/CarryableRotation.cs:20)
"
15:06:04.320,ERROR,Unity,"NullReferenceException: Object reference not set to an instance of an object
CarryableRotation.Update () (at Assets/Scripts/Interaction/CarryableRotation.cs:20)
"
15:06:04.334,ERROR,Unity,"NullReferenceException: Object reference not set to an instance of an object
CarryableRotation.Update () (at Assets/Scripts/Interaction/CarryableRotation.cs:20)
"
15:06:04.364,ERROR,Unity,"NullReferenceException: Object reference not set to an instance of an object
CarryableRotation.Update () (at Assets/Scripts/Interaction/CarryableRotation.cs:20)
"
15:06:04.378,ERROR,Unity,"NullReferenceException: Object reference not set to an instance of an object
CarryableRotation.Update () (at Assets/Scripts/Interaction/CarryableRotation.cs:20)
"
15:06:04.408,ERROR,Unity,"NullReferenceException: Object reference not set to an instance of an object
CarryableRotation.Update () (at Assets/Scripts/Interaction/CarryableRotation.cs:20)
"
15:06:04.423,ERROR,Unity,"NullReferenceException: Object reference not set to an instance of an object
CarryableRotation.Update () (at Assets/Scripts/Interaction/CarryableRotation.cs:20)
"
15:06:04.453,ERROR,Unity,"NullReferenceException: Object reference not set to an instance of an object
CarryableRotation.Update () (at Assets/Scripts/Interaction/CarryableRotation.cs:20)
"
15:06:04.467,ERROR,Unity,"NullReferenceException: Object reference not set to an instance of an object
CarryableRotation.Update () (at Assets/Scripts/Interaction/CarryableRotation.cs:20)
"
15:06:04.496,ERROR,Unity,"NullReferenceException: Object reference not set to an instance of an object
CarryableRotation.Update () (at Assets/Scripts/Interaction/CarryableRotation.cs:20)
"
15:06:04.509,ERROR,Unity,"NullReferenceException: Object reference not set to an instance of an object
CarryableRotation.Update () (at Assets/Scripts/Interaction/CarryableRotation.cs:20)
"
15:06:04.541,INFO,Unity,사다리 점프
15:06:04.542,ERROR,Unity,"NullReferenceException: Object reference not set to an instance of an object
CarryableRotation.Update () (at Assets/Scripts/Interaction/CarryableRotation.cs:20)
"
15:06:04.559,ERROR,Unity,"NullReferenceException: Object reference not set to an instance of an object
CarryableRotation.Update () (at Assets/Scripts/Interaction/CarryableRotation.cs:20)
"
15:06:04.588,ERROR,Unity,"NullReferenceException: Object reference not set to an instance of an object
CarryableRotation.Update () (at Assets/Scripts/Interaction/CarryableRotation.cs:20)
"
15:06:04.603,ERROR,Unity,"NullReferenceException: Object reference not set to an instance of an object
CarryableRotation.Update () (at Assets/Scripts/Interaction/CarryableRotation.cs:20)
"
15:06:04.639,ERROR,Unity,"NullReferenceException: Object reference not set to an instance of an object
CarryableRotation.Update () (at Assets/Scripts/Interaction/CarryableRotation.cs:20)
"
15:06:04.678,ERROR,Unity,"NullReferenceException: Object reference not set to an instance of an object
CarryableRotation.Update () (at Assets/Scripts/Interaction/CarryableRotation.cs:20)
"
15:06:04.708,ERROR,Unity,"NullReferenceException: Object reference not set to an instance of an object
CarryableRotation.Update () (at Assets/Scripts/Interaction/CarryableRotation.cs:20)
"
15:06:04.721,ERROR,Unity,"NullReferenceException: Object reference not set to an instance of an object
CarryableRotation.Update () (at Assets/Scripts/Interaction/CarryableRotation.cs:20)
"
15:06:04.752,ERROR,Unity,"NullReferenceException: Object reference not set to an instance of an object
CarryableRotation.Update () (at Assets/Scripts/Interaction/CarryableRotation.cs:20)
"
15:06:04.769,ERROR,Unity,"NullReferenceException: Object reference not set to an instance of an object
CarryableRotation.Update () (at Assets/Scripts/Interaction/CarryableRotation.cs:20)
"
15:06:04.798,ERROR,Unity,"NullReferenceException: Object reference not set to an instance of an object
CarryableRotation.Update () (at Assets/Scripts/Interaction/CarryableRotation.cs:20)
"
15:06:04.814,ERROR,Unity,"NullReferenceException: Object reference not set to an instance of an object
CarryableRotation.Update () (at Assets/Scripts/Interaction/CarryableRotation.cs:20)
"
15:06:04.843,ERROR,Unity,"NullReferenceException: Object reference not set to an instance of an object
CarryableRotation.Update () (at Assets/Scripts/Interaction/CarryableRotation.cs:20)
"
15:06:04.858,ERROR,Unity,"NullReferenceException: Object reference not set to an instance of an object
CarryableRotation.Update () (at Assets/Scripts/Interaction/CarryableRotation.cs:20)
"
15:06:04.889,ERROR,Unity,"NullReferenceException: Object reference not set to an instance of an object
CarryableRotation.Update () (at Assets/Scripts/Interaction/CarryableRotation.cs:20)
"
15:06:04.903,ERROR,Unity,"NullReferenceException: Object reference not set to an instance of an object
CarryableRotation.Update () (at Assets/Scripts/Interaction/CarryableRotation.cs:20)
"
15:06:04.933,ERROR,Unity,"NullReferenceException: Object reference not set to an instance of an object
CarryableRotation.Update () (at Assets/Scripts/Interaction/CarryableRotation.cs:20)
"
15:06:04.947,INFO,Unity,maxJumpVelocity20
15:06:04.949,ERROR,Unity,"NullReferenceException: Object reference not set to an instance of an object
CarryableRotation.Update () (at Assets/Scripts/Interaction/CarryableRotation.cs:20)
"
15:06:04.978,ERROR,Unity,"NullReferenceException: Object reference not set to an instance of an object
CarryableRotation.Update () (at Assets/Scripts/Interaction/CarryableRotation.cs:20)
"
15:06:04.994,ERROR,Unity,"NullReferenceException: Object reference not set to an instance of an object
CarryableRotation.Update () (at Assets/Scripts/Interaction/CarryableRotation.cs:20)
"
15:06:05.023,ERROR,Unity,"NullReferenceException: Object reference not set to an instance of an object
CarryableRotation.Update () (at Assets/Scripts/Interaction/CarryableRotation.cs:20)
"
15:06:05.037,ERROR,Unity,"NullReferenceException: Object reference not set to an instance of an object
CarryableRotation.Update () (at Assets/Scripts/Interaction/CarryableRotation.cs:20)
"
15:06:05.067,ERROR,Unity,"NullReferenceException: Object reference not set to an instance of an object
CarryableRotation.Update () (at Assets/Scripts/Interaction/CarryableRotation.cs:20)
"
15:06:05.084,ERROR,Unity,"NullReferenceException: Object reference not set to an instance of an object
CarryableRotation.Update () (at Assets/Scripts/Interaction/CarryableRotation.cs:20)
"
15:06:05.113,ERROR,Unity,"NullReferenceException: Object reference not set to an instance of an object
CarryableRotation.Update () (at Assets/Scripts/Interaction/CarryableRotation.cs:20)
"
15:06:05.126,ERROR,Unity,"NullReferenceException: Object reference not set to an instance of an object
CarryableRotation.Update () (at Assets/Scripts/Interaction/CarryableRotation.cs:20)
"
15:06:05.157,ERROR,Unity,"NullReferenceException: Object reference not set to an instance of an object
CarryableRotation.Update () (at Assets/Scripts/Interaction/CarryableRotation.cs:20)
"
15:06:05.173,ERROR,Unity,"NullReferenceException: Object reference not set to an instance of an object
CarryableRotation.Update () (at Assets/Scripts/Interaction/CarryableRotation.cs:20)
"
15:06:05.202,ERROR,Unity,"NullReferenceException: Object reference not set to an instance of an object
CarryableRotation.Update () (at Assets/Scripts/Interaction/CarryableRotation.cs:20)
"
15:06:05.217,ERROR,Unity,"NullReferenceException: Object reference not set to an instance of an object
CarryableRotation.Update () (at Assets/Scripts/Interaction/CarryableRotation.cs:20)
"
15:06:05.247,ERROR,Unity,"NullReferenceException: Object reference not set to an instance of an object
CarryableRotation.Update () (at Assets/Scripts/Interaction/CarryableRotation.cs:20)
"
15:06:05.260,ERROR,Unity,"NullReferenceException: Object reference not set to an instance of an object
CarryableRotation.Update () (at Assets/Scripts/Interaction/CarryableRotation.cs:20)
"
15:06:05.292,ERROR,Unity,"NullReferenceException: Object reference not set to an instance of an object
CarryableRotation.Update () (at Assets/Scripts/Interaction/CarryableRotation.cs:20)
"
15:06:05.307,ERROR,Unity,"NullReferenceException: Object reference not set to an instance of an object
CarryableRotation.Update () (at Assets/Scripts/Interaction/CarryableRotation.cs:20)
"
15:06:05.338,ERROR,Unity,"NullReferenceException: Object reference not set to an instance of an object
CarryableRotation.Update () (at Assets/Scripts/Interaction/CarryableRotation.cs:20)
"
15:06:05.352,ERROR,Unity,"NullReferenceException: Object reference not set to an instance of an object
CarryableRotation.Update () (at Assets/Scripts/Interaction/CarryableRotation.cs:20)
"
15:06:05.381,ERROR,Unity,"NullReferenceException: Object reference not set to an instance of an object
CarryableRotation.Update () (at Assets/Scripts/Interaction/CarryableRotation.cs:20)
"
15:06:05.395,ERROR,Unity,"NullReferenceException: Object reference not set to an instance of an object
CarryableRotation.Update () (at Assets/Scripts/Interaction/CarryableRotation.cs:20)
"
15:06:05.425,ERROR,Unity,"NullReferenceException: Object reference not set to an instance of an object
CarryableRotation.Update () (at Assets/Scripts/Interaction/CarryableRotation.cs:20)
"
15:06:05.440,ERROR,Unity,"NullReferenceException: Object reference not set to an instance of an object
CarryableRotation.Update () (at Assets/Scripts/Interaction/CarryableRotation.cs:20)
"
15:06:05.470,ERROR,Unity,"NullReferenceException: Object reference not set to an instance of an object
CarryableRotation.Update () (at Assets/Scripts/Interaction/CarryableRotation.cs:20)
"
15:06:05.485,ERROR,Unity,"NullReferenceException: Object reference not set to an instance of an object
CarryableRotation.Update () (at Assets/Scripts/Interaction/CarryableRotation.cs:20)
"
15:06:05.514,ERROR,Unity,"NullReferenceException: Object reference not set to an instance of an object
CarryableRotation.Update () (at Assets/Scripts/Interaction/CarryableRotation.cs:20)
"
15:06:05.531,ERROR,Unity,"NullReferenceException: Object reference not set to an instance of an object
CarryableRotation.Update () (at Assets/Scripts/Interaction/CarryableRotation.cs:20)
"
15:06:05.561,ERROR,Unity,"NullReferenceException: Object reference not set to an instance of an object
CarryableRotation.Update () (at Assets/Scripts/Interaction/CarryableRotation.cs:20)
"
15:06:05.576,ERROR,Unity,"NullReferenceException: Object reference not set to an instance of an object
CarryableRotation.Update () (at Assets/Scripts/Interaction/CarryableRotation.cs:20)
"
15:06:05.607,ERROR,Unity,"NullReferenceException: Object reference not set to an instance of an object
CarryableRotation.Update () (at Assets/Scripts/Interaction/CarryableRotation.cs:20)
"
15:06:05.622,ERROR,Unity,"NullReferenceException: Object reference not set to an instance of an object
CarryableRotation.Update () (at Assets/Scripts/Interaction/CarryableRotation.cs:20)
"
15:06:05.652,ERROR,Unity,"NullReferenceException: Object reference not set to an instance of an object
CarryableRotation.Update () (at Assets/Scripts/Interaction/CarryableRotation.cs:20)
"
15:06:05.665,ERROR,Unity,"NullReferenceException: Object reference not set to an instance of an object
CarryableRotation.Update () (at Assets/Scripts/Interaction/CarryableRotation.cs:20)
"
15:06:05.696,ERROR,Unity,"NullReferenceException: Object reference not set to an instance of an object
CarryableRotation.Update () (at Assets/Scripts/Interaction/CarryableRotation.cs:20)
"
15:06:05.710,ERROR,Unity,"NullReferenceException: Object reference not set to an instance of an object
CarryableRotation.Update () (at Assets/Scripts/Interaction/CarryableRotation.cs:20)
"
15:06:05.740,ERROR,Unity,"NullReferenceException: Object reference not set to an instance of an object
CarryableRotation.Update () (at Assets/Scripts/Interaction/CarryableRotation.cs:20)
"
15:06:05.757,ERROR,Unity,"NullReferenceException: Object reference not set to an instance of an object
CarryableRotation.Update () (at Assets/Scripts/Interaction/CarryableRotation.cs:20)
"
15:06:05.787,ERROR,Unity,"NullReferenceException: Object reference not set to an instance of an object
CarryableRotation.Update () (at Assets/Scripts/Interaction/CarryableRotation.cs:20)
"
15:06:05.802,ERROR,Unity,"NullReferenceException: Object reference not set to an instance of an object
CarryableRotation.Update () (at Assets/Scripts/Interaction/CarryableRotation.cs:20)
"
15:06:05.834,ERROR,Unity,"NullReferenceException: Object reference not set to an instance of an object
CarryableRotation.Update () (at Assets/Scripts/Interaction/CarryableRotation.cs:20)
"
15:06:05.849,ERROR,Unity,"NullReferenceException: Object reference not set to an instance of an object
CarryableRotation.Update () (at Assets/Scripts/Interaction/CarryableRotation.cs:20)
"
15:06:05.878,ERROR,Unity,"NullReferenceException: Object reference not set to an instance of an object
CarryableRotation.Update () (at Assets/Scripts/Interaction/CarryableRotation.cs:20)
"
15:06:05.894,ERROR,Unity,"NullReferenceException: Object reference not set to an instance of an object
CarryableRotation.Update () (at Assets/Scripts/Interaction/CarryableRotation.cs:20)
"
15:06:05.924,ERROR,Unity,"NullReferenceException: Object reference not set to an instance of an object
CarryableRotation.Update () (at Assets/Scripts/Interaction/CarryableRotation.cs:20)
"
15:06:05.938,ERROR,Unity,"NullReferenceException: Object reference not set to an instance of an object
CarryableRotation.Update () (at Assets/Scripts/Interaction/CarryableRotation.cs:20)
"
15:06:05.968,ERROR,Unity,"NullReferenceException: Object reference not set to an instance of an object
CarryableRotation.Update () (at Assets/Scripts/Interaction/CarryableRotation.cs:20)
"
15:06:05.986,ERROR,Unity,"NullReferenceException: Object reference not set to an instance of an object
CarryableRotation.Update () (at Assets/Scripts/Interaction/CarryableRotation.cs:20)
"
15:06:06.016,ERROR,Unity,"NullReferenceException: Object reference not set to an instance of an object
CarryableRotation.Update () (at Assets/Scripts/Interaction/CarryableRotation.cs:20)
"
15:06:06.032,ERROR,Unity,"NullReferenceException: Object reference not set to an instance of an object
CarryableRotation.Update () (at Assets/Scripts/Interaction/CarryableRotation.cs:20)
"
15:06:06.063,ERROR,Unity,"NullReferenceException: Object reference not set to an instance of an object
CarryableRotation.Update () (at Assets/Scripts/Interaction/CarryableRotation.cs:20)
"
15:06:06.083,ERROR,Unity,"NullReferenceException: Object reference not set to an instance of an object
CarryableRotation.Update () (at Assets/Scripts/Interaction/CarryableRotation.cs:20)
"
15:06:06.117,ERROR,Unity,"NullReferenceException: Object reference not set to an instance of an object
CarryableRotation.Update () (at Assets/Scripts/Interaction/CarryableRotation.cs:20)
"
15:06:06.148,ERROR,Unity,"NullReferenceException: Object reference not set to an instance of an object
CarryableRotation.Update () (at Assets/Scripts/Interaction/CarryableRotation.cs:20)
"
15:06:06.163,ERROR,Unity,"NullReferenceException: Object reference not set to an instance of an object
CarryableRotation.Update () (at Assets/Scripts/Interaction/CarryableRotation.cs:20)
"
15:06:06.195,ERROR,Unity,"NullReferenceException: Object reference not set to an instance of an object
CarryableRotation.Update () (at Assets/Scripts/Interaction/CarryableRotation.cs:20)
"
15:06:06.214,ERROR,Unity,"NullReferenceException: Object reference not set to an instance of an object
CarryableRotation.Update () (at Assets/Scripts/Interaction/CarryableRotation.cs:20)
"
15:06:06.247,ERROR,Unity,"NullReferenceException: Object reference not set to an instance of an object
CarryableRotation.Update () (at Assets/Scripts/Interaction/CarryableRotation.cs:20)
"
15:06:06.269,ERROR,Unity,"NullReferenceException: Object reference not set to an instance of an object
CarryableRotation.Update () (at Assets/Scripts/Interaction/CarryableRotation.cs:20)
"
15:06:06.303,ERROR,Unity,"NullReferenceException: Object reference not set to an instance of an object
CarryableRotation.Update () (at Assets/Scripts/Interaction/CarryableRotation.cs:20)
"
15:06:06.335,ERROR,Unity,"NullReferenceException: Object reference not set to an instance of an object
CarryableRotation.Update () (at Assets/Scripts/Interaction/CarryableRotation.cs:20)
"
15:06:06.349,ERROR,Unity,"NullReferenceException: Object reference not set to an instance of an object
CarryableRotation.Update () (at Assets/Scripts/Interaction/CarryableRotation.cs:20)
"
15:06:06.381,ERROR,Unity,"NullReferenceException: Object reference not set to an instance of an object
CarryableRotation.Update () (at Assets/Scripts/Interaction/CarryableRotation.cs:20)
"
15:06:06.395,ERROR,Unity,"NullReferenceException: Object reference not set to an instance of an object
CarryableRotation.Update () (at Assets/Scripts/Interaction/CarryableRotation.cs:20)
"
15:06:06.428,ERROR,Unity,"NullReferenceException: Object reference not set to an instance of an object
CarryableRotation.Update () (at Assets/Scripts/Interaction/CarryableRotation.cs:20)
"
15:06:06.459,ERROR,Unity,"NullReferenceException: Object reference not set to an instance of an object
CarryableRotation.Update () (at Assets/Scripts/Interaction/CarryableRotation.cs:20)
"
15:06:06.475,ERROR,Unity,"NullReferenceException: Object reference not set to an instance of an object
CarryableRotation.Update () (at Assets/Scripts/Interaction/CarryableRotation.cs:20)
"
15:06:06.507,ERROR,Unity,"NullReferenceException: Object reference not set to an instance of an object
CarryableRotation.Update () (at Assets/Scripts/Interaction/CarryableRotation.cs:20)
"
15:06:06.523,ERROR,Unity,"NullReferenceException: Object reference not set to an instance of an object
CarryableRotation.Update () (at Assets/Scripts/Interaction/CarryableRotation.cs:20)
"
15:06:06.554,ERROR,Unity,"NullReferenceException: Object reference not set to an instance of an object
CarryableRotation.Update () (at Assets/Scripts/Interaction/CarryableRotation.cs:20)
"
15:06:06.570,ERROR,Unity,"NullReferenceException: Object reference not set to an instance of an object
CarryableRotation.Update () (at Assets/Scripts/Interaction/CarryableRotation.cs:20)
"
15:06:06.600,ERROR,Unity,"NullReferenceException: Object reference not set to an instance of an object
CarryableRotation.Update () (at Assets/Scripts/Interaction/CarryableRotation.cs:20)
"
15:06:06.617,ERROR,Unity,"NullReferenceException: Object reference not set to an instance of an object
CarryableRotation.Update () (at Assets/Scripts/Interaction/CarryableRotation.cs:20)
"
15:06:06.649,ERROR,Unity,"NullReferenceException: Object reference not set to an instance of an object
CarryableRotation.Update () (at Assets/Scripts/Interaction/CarryableRotation.cs:20)
"
15:06:06.665,ERROR,Unity,"NullReferenceException: Object reference not set to an instance of an object
CarryableRotation.Update () (at Assets/Scripts/Interaction/CarryableRotation.cs:20)
"
15:06:06.698,ERROR,Unity,"NullReferenceException: Object reference not set to an instance of an object
CarryableRotation.Update () (at Assets/Scripts/Interaction/CarryableRotation.cs:20)
"
15:06:06.713,ERROR,Unity,"NullReferenceException: Object reference not set to an instance of an object
CarryableRotation.Update () (at Assets/Scripts/Interaction/CarryableRotation.cs:20)
"
15:06:06.744,ERROR,Unity,"NullReferenceException: Object reference not set to an instance of an object
CarryableRotation.Update () (at Assets/Scripts/Interaction/CarryableRotation.cs:20)
"
15:06:06.759,ERROR,Unity,"NullReferenceException: Object reference not set to an instance of an object
CarryableRotation.Update () (at Assets/Scripts/Interaction/CarryableRotation.cs:20)
"
15:06:06.791,ERROR,Unity,"NullReferenceException: Object reference not set to an instance of an object
CarryableRotation.Update () (at Assets/Scripts/Interaction/CarryableRotation.cs:20)
"
15:06:06.805,ERROR,Unity,"NullReferenceException: Object reference not set to an instance of an object
CarryableRotation.Update () (at Assets/Scripts/Interaction/CarryableRotation.cs:20)
"
15:06:06.839,ERROR,Unity,"NullReferenceException: Object reference not set to an instance of an object
CarryableRotation.Update () (at Assets/Scripts/Interaction/CarryableRotation.cs:20)
"
15:06:06.872,ERROR,Unity,"NullReferenceException: Object reference not set to an instance of an object
CarryableRotation.Update () (at Assets/Scripts/Interaction/CarryableRotation.cs:20)
"
15:06:06.887,ERROR,Unity,"NullReferenceException: Object reference not set to an instance of an object
CarryableRotation.Update () (at Assets/Scripts/Interaction/CarryableRotation.cs:20)
"
15:06:06.919,INFO,Unity,maxJumpVelocity20
15:06:06.919,ERROR,Unity,"NullReferenceException: Object reference not set to an instance of an object
CarryableRotation.Update () (at Assets/Scripts/Interaction/CarryableRotation.cs:20)
"
15:06:06.936,ERROR,Unity,"NullReferenceException: Object reference not set to an instance of an object
CarryableRotation.Update () (at Assets/Scripts/Interaction/CarryableRotation.cs:20)
"
15:06:06.967,ERROR,Unity,"NullReferenceException: Object reference not set to an instance of an object
CarryableRotation.Update () (at Assets/Scripts/Interaction/CarryableRotation.cs:20)
"
15:06:06.983,ERROR,Unity,"NullReferenceException: Object reference not set to an instance of an object
CarryableRotation.Update () (at Assets/Scripts/Interaction/CarryableRotation.cs:20)
"
15:06:07.015,ERROR,Unity,"NullReferenceException: Object reference not set to an instance of an object
CarryableRotation.Update () (at Assets/Scripts/Interaction/CarryableRotation.cs:20)
"
15:06:07.033,ERROR,Unity,"NullReferenceException: Object reference not set to an instance of an object
CarryableRotation.Update () (at Assets/Scripts/Interaction/CarryableRotation.cs:20)
"
15:06:07.061,ERROR,Unity,"NullReferenceException: Object reference not set to an instance of an object
CarryableRotation.Update () (at Assets/Scripts/Interaction/CarryableRotation.cs:20)
"
15:06:07.077,ERROR,Unity,"NullReferenceException: Object reference not set to an instance of an object
CarryableRotation.Update () (at Assets/Scripts/Interaction/CarryableRotation.cs:20)
"
15:06:07.109,ERROR,Unity,"NullReferenceException: Object reference not set to an instance of an object
CarryableRotation.Update () (at Assets/Scripts/Interaction/CarryableRotation.cs:20)
"
15:06:07.124,ERROR,Unity,"NullReferenceException: Object reference not set to an instance of an object
CarryableRotation.Update () (at Assets/Scripts/Interaction/CarryableRotation.cs:20)
"
15:06:07.156,ERROR,Unity,"NullReferenceException: Object reference not set to an instance of an object
CarryableRotation.Update () (at Assets/Scripts/Interaction/CarryableRotation.cs:20)
"
15:06:07.172,ERROR,Unity,"NullReferenceException: Object reference not set to an instance of an object
CarryableRotation.Update () (at Assets/Scripts/Interaction/CarryableRotation.cs:20)
"
15:06:07.203,ERROR,Unity,"NullReferenceException: Object reference not set to an instance of an object
CarryableRotation.Update () (at Assets/Scripts/Interaction/CarryableRotation.cs:20)
"
15:06:07.218,ERROR,Unity,"NullReferenceException: Object reference not set to an instance of an object
CarryableRotation.Update () (at Assets/Scripts/Interaction/CarryableRotation.cs:20)
"
15:06:07.251,ERROR,Unity,"NullReferenceException: Object reference not set to an instance of an object
CarryableRotation.Update () (at Assets/Scripts/Interaction/CarryableRotation.cs:20)
"
15:06:07.283,ERROR,Unity,"NullReferenceException: Object reference not set to an instance of an object
CarryableRotation.Update () (at Assets/Scripts/Interaction/CarryableRotation.cs:20)
"
15:06:07.297,ERROR,Unity,"NullReferenceException: Object reference not set to an instance of an object
CarryableRotation.Update () (at Assets/Scripts/Interaction/CarryableRotation.cs:20)
"
15:06:07.329,ERROR,Unity,"NullReferenceException: Object reference not set to an instance of an object
CarryableRotation.Update () (at Assets/Scripts/Interaction/CarryableRotation.cs:20)
"
15:06:07.343,ERROR,Unity,"NullReferenceException: Object reference not set to an instance of an object
CarryableRotation.Update () (at Assets/Scripts/Interaction/CarryableRotation.cs:20)
"
15:06:07.373,ERROR,Unity,"NullReferenceException: Object reference not set to an instance of an object
CarryableRotation.Update () (at Assets/Scripts/Interaction/CarryableRotation.cs:20)
"
15:06:07.388,ERROR,Unity,"NullReferenceException: Object reference not set to an instance of an object
CarryableRotation.Update () (at Assets/Scripts/Interaction/CarryableRotation.cs:20)
"
15:06:07.418,ERROR,Unity,"NullReferenceException: Object reference not set to an instance of an object
CarryableRotation.Update () (at Assets/Scripts/Interaction/CarryableRotation.cs:20)
"
15:06:07.431,ERROR,Unity,"NullReferenceException: Object reference not set to an instance of an object
CarryableRotation.Update () (at Assets/Scripts/Interaction/CarryableRotation.cs:20)
"
15:06:07.464,ERROR,Unity,"NullReferenceException: Object reference not set to an instance of an object
CarryableRotation.Update () (at Assets/Scripts/Interaction/CarryableRotation.cs:20)
"
15:06:07.479,ERROR,Unity,"NullReferenceException: Object reference not set to an instance of an object
CarryableRotation.Update () (at Assets/Scripts/Interaction/CarryableRotation.cs:20)
"
15:06:07.508,ERROR,Unity,"NullReferenceException: Object reference not set to an instance of an object
CarryableRotation.Update () (at Assets/Scripts/Interaction/CarryableRotation.cs:20)
"
15:06:07.523,ERROR,Unity,"NullReferenceException: Object reference not set to an instance of an object
CarryableRotation.Update () (at Assets/Scripts/Interaction/CarryableRotation.cs:20)
"
15:06:07.553,ERROR,Unity,"NullReferenceException: Object reference not set to an instance of an object
CarryableRotation.Update () (at Assets/Scripts/Interaction/CarryableRotation.cs:20)
"
15:06:07.567,ERROR,Unity,"NullReferenceException: Object reference not set to an instance of an object
CarryableRotation.Update () (at Assets/Scripts/Interaction/CarryableRotation.cs:20)
"
15:06:07.598,ERROR,Unity,"NullReferenceException: Object reference not set to an instance of an object
CarryableRotation.Update () (at Assets/Scripts/Interaction/CarryableRotation.cs:20)
"
15:06:07.613,ERROR,Unity,"NullReferenceException: Object reference not set to an instance of an object
CarryableRotation.Update () (at Assets/Scripts/Interaction/CarryableRotation.cs:20)
"
15:06:07.643,INFO,Unity,사다리 점프
15:06:07.644,ERROR,Unity,"NullReferenceException: Object reference not set to an instance of an object
CarryableRotation.Update () (at Assets/Scripts/Interaction/CarryableRotation.cs:20)
"
15:06:07.664,ERROR,Unity,"NullReferenceException: Object reference not set to an instance of an object
CarryableRotation.Update () (at Assets/Scripts/Interaction/CarryableRotation.cs:20)
"
15:06:07.694,ERROR,Unity,"NullReferenceException: Object reference not set to an instance of an object
CarryableRotation.Update () (at Assets/Scripts/Interaction/CarryableRotation.cs:20)
"
15:06:07.710,ERROR,Unity,"NullReferenceException: Object reference not set to an instance of an object
CarryableRotation.Update () (at Assets/Scripts/Interaction/CarryableRotation.cs:20)
"
15:06:07.740,ERROR,Unity,"NullReferenceException: Object reference not set to an instance of an object
CarryableRotation.Update () (at Assets/Scripts/Interaction/CarryableRotation.cs:20)
"
15:06:07.756,ERROR,Unity,"NullReferenceException: Object reference not set to an instance of an object
CarryableRotation.Update () (at Assets/Scripts/Interaction/CarryableRotation.cs:20)
"
15:06:07.788,ERROR,Unity,"NullReferenceException: Object reference not set to an instance of an object
CarryableRotation.Update () (at Assets/Scripts/Interaction/CarryableRotation.cs:20)
"
15:06:07.802,ERROR,Unity,"NullReferenceException: Object reference not set to an instance of an object
CarryableRotation.Update () (at Assets/Scripts/Interaction/CarryableRotation.cs:20)
"
15:06:07.833,ERROR,Unity,"NullReferenceException: Object reference not set to an instance of an object
CarryableRotation.Update () (at Assets/Scripts/Interaction/CarryableRotation.cs:20)
"
15:06:07.847,ERROR,Unity,"NullReferenceException: Object reference not set to an instance of an object
CarryableRotation.Update () (at Assets/Scripts/Interaction/CarryableRotation.cs:20)
"
15:06:07.880,ERROR,Unity,"NullReferenceException: Object reference not set to an instance of an object
CarryableRotation.Update () (at Assets/Scripts/Interaction/CarryableRotation.cs:20)
"
15:06:07.895,ERROR,Unity,"NullReferenceException: Object reference not set to an instance of an object
CarryableRotation.Update () (at Assets/Scripts/Interaction/CarryableRotation.cs:20)
"
15:06:07.926,ERROR,Unity,"NullReferenceException: Object reference not set to an instance of an object
CarryableRotation.Update () (at Assets/Scripts/Interaction/CarryableRotation.cs:20)
"
15:06:07.941,ERROR,Unity,"NullReferenceException: Object reference not set to an instance of an object
CarryableRotation.Update () (at Assets/Scripts/Interaction/CarryableRotation.cs:20)
"
15:06:07.972,ERROR,Unity,"NullReferenceException: Object reference not set to an instance of an object
CarryableRotation.Update () (at Assets/Scripts/Interaction/CarryableRotation.cs:20)
"
15:06:07.988,ERROR,Unity,"NullReferenceException: Object reference not set to an instance of an object
CarryableRotation.Update () (at Assets/Scripts/Interaction/CarryableRotation.cs:20)
"
15:06:08.022,DEBUG,PlayerCarrying,집기 조작Mimic (UnityEngine.BoxCollider2D)
15:06:08.022,DEBUG,PlayerCarrying,집기 조작Mimic (UnityEngine.BoxCollider2D)
15:06:08.024,INFO,Unity,_focus is null
15:06:08.025,INFO,Unity,Weight Update =0
15:06:08.025,INFO,Unity,Weight Update2 =10
15:06:08.026,ERROR,Unity,"NullReferenceException: Object reference not set to an instance of an object
CarryableRotation.Update () (at Assets/Scripts/Interaction/CarryableRotation.cs:20)
"
15:06:08.059,ERROR,Unity,"NullReferenceException: Object reference not set to an instance of an object
CarryableRotation.Update () (at Assets/Scripts/Interaction/CarryableRotation.cs:20)
"
15:06:08.098,ERROR,Unity,"NullReferenceException: Object reference not set to an instance of an object
CarryableRotation.Update () (at Assets/Scripts/Interaction/CarryableRotation.cs:20)
"
15:06:08.132,ERROR,Unity,"NullReferenceException: Object reference not set to an instance of an object
CarryableRotation.Update () (at Assets/Scripts/Interaction/CarryableRotation.cs:20)
"
15:06:08.164,ERROR,Unity,"NullReferenceException: Object reference not set to an instance of an object
CarryableRotation.Update () (at Assets/Scripts/Interaction/CarryableRotation.cs:20)
"
15:06:08.180,ERROR,Unity,"NullReferenceException: Object reference not set to an instance of an object
CarryableRotation.Update () (at Assets/Scripts/Interaction/CarryableRotation.cs:20)
"
15:06:08.212,ERROR,Unity,"NullReferenceException: Object reference not set to an instance of an object
CarryableRotation.Update () (at Assets/Scripts/Interaction/CarryableRotation.cs:20)
"
15:06:08.227,ERROR,Unity,"NullReferenceException: Object reference not set to an instance of an object
CarryableRotation.Update () (at Assets/Scripts/Interaction/CarryableRotation.cs:20)
"
15:06:08.258,ERROR,Unity,"NullReferenceException: Object reference not set to an instance of an object
CarryableRotation.Update () (at Assets/Scripts/Interaction/CarryableRotation.cs:20)
"
15:06:08.276,ERROR,Unity,"NullReferenceException: Object reference not set to an instance of an object
CarryableRotation.Update () (at Assets/Scripts/Interaction/CarryableRotation.cs:20)
"
15:06:08.307,ERROR,Unity,"NullReferenceException: Object reference not set to an instance of an object
CarryableRotation.Update () (at Assets/Scripts/Interaction/CarryableRotation.cs:20)
"
15:06:08.321,ERROR,Unity,"NullReferenceException: Object reference not set to an instance of an object
CarryableRotation.Update () (at Assets/Scripts/Interaction/CarryableRotation.cs:20)
"
15:06:08.352,ERROR,Unity,"NullReferenceException: Object reference not set to an instance of an object
CarryableRotation.Update () (at Assets/Scripts/Interaction/CarryableRotation.cs:20)
"
15:06:08.366,ERROR,Unity,"NullReferenceException: Object reference not set to an instance of an object
CarryableRotation.Update () (at Assets/Scripts/Interaction/CarryableRotation.cs:20)
"
15:06:08.397,ERROR,Unity,"NullReferenceException: Object reference not set to an instance of an object
CarryableRotation.Update () (at Assets/Scripts/Interaction/CarryableRotation.cs:20)
"
15:06:08.411,ERROR,Unity,"NullReferenceException: Object reference not set to an instance of an object
CarryableRotation.Update () (at Assets/Scripts/Interaction/CarryableRotation.cs:20)
"
15:06:08.441,ERROR,Unity,"NullReferenceException: Object reference not set to an instance of an object
CarryableRotation.Update () (at Assets/Scripts/Interaction/CarryableRotation.cs:20)
"
15:06:08.458,ERROR,Unity,"NullReferenceException: Object reference not set to an instance of an object
CarryableRotation.Update () (at Assets/Scripts/Interaction/CarryableRotation.cs:20)
"
15:06:08.487,ERROR,Unity,"NullReferenceException: Object reference not set to an instance of an object
CarryableRotation.Update () (at Assets/Scripts/Interaction/CarryableRotation.cs:20)
"
15:06:08.505,ERROR,Unity,"NullReferenceException: Object reference not set to an instance of an object
CarryableRotation.Update () (at Assets/Scripts/Interaction/CarryableRotation.cs:20)
"
15:06:08.535,ERROR,Unity,"NullReferenceException: Object reference not set to an instance of an object
CarryableRotation.Update () (at Assets/Scripts/Interaction/CarryableRotation.cs:20)
"
15:06:08.553,ERROR,Unity,"NullReferenceException: Object reference not set to an instance of an object
CarryableRotation.Update () (at Assets/Scripts/Interaction/CarryableRotation.cs:20)
"
15:06:08.587,ERROR,Unity,"NullReferenceException: Object reference not set to an instance of an object
CarryableRotation.Update () (at Assets/Scripts/Interaction/CarryableRotation.cs:20)
"
15:06:08.616,ERROR,Unity,"NullReferenceException: Object reference not set to an instance of an object
CarryableRotation.Update () (at Assets/Scripts/Interaction/CarryableRotation.cs:20)
"
15:06:08.630,ERROR,Unity,"NullReferenceException: Object reference not set to an instance of an object
CarryableRotation.Update () (at Assets/Scripts/Interaction/CarryableRotation.cs:20)
"
15:06:08.661,ERROR,Unity,"NullReferenceException: Object reference not set to an instance of an object
CarryableRotation.Update () (at Assets/Scripts/Interaction/CarryableRotation.cs:20)
"
15:06:08.677,ERROR,Unity,"NullReferenceException: Object reference not set to an instance of an object
CarryableRotation.Update () (at Assets/Scripts/Interaction/CarryableRotation.cs:20)
"
15:06:08.708,ERROR,Unity,"NullReferenceException: Object reference not set to an instance of an object
CarryableRotation.Update () (at Assets/Scripts/Interaction/CarryableRotation.cs:20)
"
15:06:08.725,ERROR,Unity,"NullReferenceException: Object reference not set to an instance of an object
CarryableRotation.Update () (at Assets/Scripts/Interaction/CarryableRotation.cs:20)
"
15:06:08.756,ERROR,Unity,"NullReferenceException: Object reference not set to an instance of an object
CarryableRotation.Update () (at Assets/Scripts/Interaction/CarryableRotation.cs:20)
"
15:06:08.772,ERROR,Unity,"NullReferenceException: Object reference not set to an instance of an object
CarryableRotation.Update () (at Assets/Scripts/Interaction/CarryableRotation.cs:20)
"
15:06:08.804,ERROR,Unity,"NullReferenceException: Object reference not set to an instance of an object
CarryableRotation.Update () (at Assets/Scripts/Interaction/CarryableRotation.cs:20)
"
15:06:08.819,ERROR,Unity,"NullReferenceException: Object reference not set to an instance of an object
CarryableRotation.Update () (at Assets/Scripts/Interaction/CarryableRotation.cs:20)
"
15:06:08.850,ERROR,Unity,"NullReferenceException: Object reference not set to an instance of an object
CarryableRotation.Update () (at Assets/Scripts/Interaction/CarryableRotation.cs:20)
"
15:06:08.867,ERROR,Unity,"NullReferenceException: Object reference not set to an instance of an object
CarryableRotation.Update () (at Assets/Scripts/Interaction/CarryableRotation.cs:20)
"
15:06:08.899,ERROR,Unity,"NullReferenceException: Object reference not set to an instance of an object
CarryableRotation.Update () (at Assets/Scripts/Interaction/CarryableRotation.cs:20)
"
15:06:08.912,ERROR,Unity,"NullReferenceException: Object reference not set to an instance of an object
CarryableRotation.Update () (at Assets/Scripts/Interaction/CarryableRotation.cs:20)
"
15:06:08.948,ERROR,Unity,"NullReferenceException: Object reference not set to an instance of an object
CarryableRotation.Update () (at Assets/Scripts/Interaction/CarryableRotation.cs:20)
"
15:06:08.979,ERROR,Unity,"NullReferenceException: Object reference not set to an instance of an object
CarryableRotation.Update () (at Assets/Scripts/Interaction/CarryableRotation.cs:20)
"
15:06:08.994,ERROR,Unity,"NullReferenceException: Object reference not set to an instance of an object
CarryableRotation.Update () (at Assets/Scripts/Interaction/CarryableRotation.cs:20)
"
15:06:09.026,ERROR,Unity,"NullReferenceException: Object reference not set to an instance of an object
CarryableRotation.Update () (at Assets/Scripts/Interaction/CarryableRotation.cs:20)
"
15:06:09.039,ERROR,Unity,"NullReferenceException: Object reference not set to an instance of an object
CarryableRotation.Update () (at Assets/Scripts/Interaction/CarryableRotation.cs:20)
"
15:06:09.071,ERROR,Unity,"NullReferenceException: Object reference not set to an instance of an object
CarryableRotation.Update () (at Assets/Scripts/Interaction/CarryableRotation.cs:20)
"
15:06:09.086,ERROR,Unity,"NullReferenceException: Object reference not set to an instance of an object
CarryableRotation.Update () (at Assets/Scripts/Interaction/CarryableRotation.cs:20)
"
15:06:09.118,ERROR,Unity,"NullReferenceException: Object reference not set to an instance of an object
CarryableRotation.Update () (at Assets/Scripts/Interaction/CarryableRotation.cs:20)
"
15:06:09.136,ERROR,Unity,"NullReferenceException: Object reference not set to an instance of an object
CarryableRotation.Update () (at Assets/Scripts/Interaction/CarryableRotation.cs:20)
"
15:06:09.168,ERROR,Unity,"NullReferenceException: Object reference not set to an instance of an object
CarryableRotation.Update () (at Assets/Scripts/Interaction/CarryableRotation.cs:20)
"
15:06:09.182,ERROR,Unity,"NullReferenceException: Object reference not set to an instance of an object
CarryableRotation.Update () (at Assets/Scripts/Interaction/CarryableRotation.cs:20)
"
15:06:09.214,ERROR,Unity,"NullReferenceException: Object reference not set to an instance of an object
CarryableRotation.Update () (at Assets/Scripts/Interaction/CarryableRotation.cs:20)
"
15:06:09.229,ERROR,Unity,"NullReferenceException: Object reference not set to an instance of an object
CarryableRotation.Update () (at Assets/Scripts/Interaction/CarryableRotation.cs:20)
"
15:06:09.260,ERROR,Unity,"NullReferenceException: Object reference not set to an instance of an object
CarryableRotation.Update () (at Assets/Scripts/Interaction/CarryableRotation.cs:20)
"
15:06:09.275,ERROR,Unity,"NullReferenceException: Object reference not set to an instance of an object
CarryableRotation.Update () (at Assets/Scripts/Interaction/CarryableRotation.cs:20)
"
15:06:09.307,ERROR,Unity,"NullReferenceException: Object reference not set to an instance of an object
CarryableRotation.Update () (at Assets/Scripts/Interaction/CarryableRotation.cs:20)
"
15:06:09.322,ERROR,Unity,"NullReferenceException: Object reference not set to an instance of an object
CarryableRotation.Update () (at Assets/Scripts/Interaction/CarryableRotation.cs:20)
"
15:06:09.355,ERROR,Unity,"NullReferenceException: Object reference not set to an instance of an object
CarryableRotation.Update () (at Assets/Scripts/Interaction/CarryableRotation.cs:20)
"
15:06:09.398,ERROR,Unity,"NullReferenceException: Object reference not set to an instance of an object
CarryableRotation.Update () (at Assets/Scripts/Interaction/CarryableRotation.cs:20)
"
15:06:09.434,ERROR,Unity,"NullReferenceException: Object reference not set to an instance of an object
CarryableRotation.Update () (at Assets/Scripts/Interaction/CarryableRotation.cs:20)
"
15:06:09.470,ERROR,Unity,"NullReferenceException: Object reference not set to an instance of an object
CarryableRotation.Update () (at Assets/Scripts/Interaction/CarryableRotation.cs:20)
"
15:06:09.508,ERROR,Unity,"NullReferenceException: Object reference not set to an instance of an object
CarryableRotation.Update () (at Assets/Scripts/Interaction/CarryableRotation.cs:20)
"
15:06:09.544,ERROR,Unity,"NullReferenceException: Object reference not set to an instance of an object
CarryableRotation.Update () (at Assets/Scripts/Interaction/CarryableRotation.cs:20)
"
15:06:09.582,ERROR,Unity,"NullReferenceException: Object reference not set to an instance of an object
CarryableRotation.Update () (at Assets/Scripts/Interaction/CarryableRotation.cs:20)
"
15:06:09.618,ERROR,Unity,"NullReferenceException: Object reference not set to an instance of an object
CarryableRotation.Update () (at Assets/Scripts/Interaction/CarryableRotation.cs:20)
"
15:06:09.654,ERROR,Unity,"NullReferenceException: Object reference not set to an instance of an object
CarryableRotation.Update () (at Assets/Scripts/Interaction/CarryableRotation.cs:20)
"
15:06:09.692,ERROR,Unity,"NullReferenceException: Object reference not set to an instance of an object
CarryableRotation.Update () (at Assets/Scripts/Interaction/CarryableRotation.cs:20)
"
15:06:09.729,ERROR,Unity,"NullReferenceException: Object reference not set to an instance of an object
CarryableRotation.Update () (at Assets/Scripts/Interaction/CarryableRotation.cs:20)
"
15:06:09.765,ERROR,Unity,"NullReferenceException: Object reference not set to an instance of an object
CarryableRotation.Update () (at Assets/Scripts/Interaction/CarryableRotation.cs:20)
"
15:06:09.804,ERROR,Unity,"NullReferenceException: Object reference not set to an instance of an object
CarryableRotation.Update () (at Assets/Scripts/Interaction/CarryableRotation.cs:20)
"
15:06:09.840,ERROR,Unity,"NullReferenceException: Object reference not set to an instance of an object
CarryableRotation.Update () (at Assets/Scripts/Interaction/CarryableRotation.cs:20)
"
15:06:09.878,ERROR,Unity,"NullReferenceException: Object reference not set to an instance of an object
CarryableRotation.Update () (at Assets/Scripts/Interaction/CarryableRotation.cs:20)
"
15:06:09.913,ERROR,Unity,"NullReferenceException: Object reference not set to an instance of an object
CarryableRotation.Update () (at Assets/Scripts/Interaction/CarryableRotation.cs:20)
"
15:06:09.950,ERROR,Unity,"NullReferenceException: Object reference not set to an instance of an object
CarryableRotation.Update () (at Assets/Scripts/Interaction/CarryableRotation.cs:20)
"
15:06:09.985,ERROR,Unity,"NullReferenceException: Object reference not set to an instance of an object
CarryableRotation.Update () (at Assets/Scripts/Interaction/CarryableRotation.cs:20)
"
15:06:10.024,ERROR,Unity,"NullReferenceException: Object reference not set to an instance of an object
CarryableRotation.Update () (at Assets/Scripts/Interaction/CarryableRotation.cs:20)
"
15:06:10.063,ERROR,Unity,"NullReferenceException: Object reference not set to an instance of an object
CarryableRotation.Update () (at Assets/Scripts/Interaction/CarryableRotation.cs:20)
"
15:06:10.098,ERROR,Unity,"NullReferenceException: Object reference not set to an instance of an object
CarryableRotation.Update () (at Assets/Scripts/Interaction/CarryableRotation.cs:20)
"
15:06:10.139,ERROR,Unity,"NullReferenceException: Object reference not set to an instance of an object
CarryableRotation.Update () (at Assets/Scripts/Interaction/CarryableRotation.cs:20)
"
15:06:10.179,ERROR,Unity,"NullReferenceException: Object reference not set to an instance of an object
CarryableRotation.Update () (at Assets/Scripts/Interaction/CarryableRotation.cs:20)
"
15:06:10.214,ERROR,Unity,"NullReferenceException: Object reference not set to an instance of an object
CarryableRotation.Update () (at Assets/Scripts/Interaction/CarryableRotation.cs:20)
"
15:06:10.256,ERROR,Unity,"NullReferenceException: Object reference not set to an instance of an object
CarryableRotation.Update () (at Assets/Scripts/Interaction/CarryableRotation.cs:20)
"
15:06:10.293,ERROR,Unity,"NullReferenceException: Object reference not set to an instance of an object
CarryableRotation.Update () (at Assets/Scripts/Interaction/CarryableRotation.cs:20)
"
15:06:10.328,ERROR,Unity,"NullReferenceException: Object reference not set to an instance of an object
CarryableRotation.Update () (at Assets/Scripts/Interaction/CarryableRotation.cs:20)
"
15:06:10.366,ERROR,Unity,"NullReferenceException: Object reference not set to an instance of an object
CarryableRotation.Update () (at Assets/Scripts/Interaction/CarryableRotation.cs:20)
"
15:06:10.401,ERROR,Unity,"NullReferenceException: Object reference not set to an instance of an object
CarryableRotation.Update () (at Assets/Scripts/Interaction/CarryableRotation.cs:20)
"
15:06:10.437,ERROR,Unity,"NullReferenceException: Object reference not set to an instance of an object
CarryableRotation.Update () (at Assets/Scripts/Interaction/CarryableRotation.cs:20)
"
15:06:10.475,ERROR,Unity,"NullReferenceException: Object reference not set to an instance of an object
CarryableRotation.Update () (at Assets/Scripts/Interaction/CarryableRotation.cs:20)
"
15:06:10.513,ERROR,Unity,"NullReferenceException: Object reference not set to an instance of an object
CarryableRotation.Update () (at Assets/Scripts/Interaction/CarryableRotation.cs:20)
"
15:06:10.548,ERROR,Unity,"NullReferenceException: Object reference not set to an instance of an object
CarryableRotation.Update () (at Assets/Scripts/Interaction/CarryableRotation.cs:20)
"
15:06:10.585,ERROR,Unity,"NullReferenceException: Object reference not set to an instance of an object
CarryableRotation.Update () (at Assets/Scripts/Interaction/CarryableRotation.cs:20)
"
15:06:10.622,ERROR,Unity,"NullReferenceException: Object reference not set to an instance of an object
CarryableRotation.Update () (at Assets/Scripts/Interaction/CarryableRotation.cs:20)
"
15:06:10.659,ERROR,Unity,"NullReferenceException: Object reference not set to an instance of an object
CarryableRotation.Update () (at Assets/Scripts/Interaction/CarryableRotation.cs:20)
"
15:06:10.696,ERROR,Unity,"NullReferenceException: Object reference not set to an instance of an object
CarryableRotation.Update () (at Assets/Scripts/Interaction/CarryableRotation.cs:20)
"
15:06:10.735,ERROR,Unity,"NullReferenceException: Object reference not set to an instance of an object
CarryableRotation.Update () (at Assets/Scripts/Interaction/CarryableRotation.cs:20)
"
15:06:10.771,ERROR,Unity,"NullReferenceException: Object reference not set to an instance of an object
CarryableRotation.Update () (at Assets/Scripts/Interaction/CarryableRotation.cs:20)
"
15:06:10.825,ERROR,Unity,"NullReferenceException: Object reference not set to an instance of an object
CarryableRotation.Update () (at Assets/Scripts/Interaction/CarryableRotation.cs:20)
"
15:06:10.862,ERROR,Unity,"NullReferenceException: Object reference not set to an instance of an object
CarryableRotation.Update () (at Assets/Scripts/Interaction/CarryableRotation.cs:20)
"
15:06:10.897,ERROR,Unity,"NullReferenceException: Object reference not set to an instance of an object
CarryableRotation.Update () (at Assets/Scripts/Interaction/CarryableRotation.cs:20)
"
15:06:10.929,ERROR,Unity,"NullReferenceException: Object reference not set to an instance of an object
CarryableRotation.Update () (at Assets/Scripts/Interaction/CarryableRotation.cs:20)
"
15:06:10.944,ERROR,Unity,"NullReferenceException: Object reference not set to an instance of an object
CarryableRotation.Update () (at Assets/Scripts/Interaction/CarryableRotation.cs:20)
"
15:06:10.976,ERROR,Unity,"NullReferenceException: Object reference not set to an instance of an object
CarryableRotation.Update () (at Assets/Scripts/Interaction/CarryableRotation.cs:20)
"
15:06:10.992,ERROR,Unity,"NullReferenceException: Object reference not set to an instance of an object
CarryableRotation.Update () (at Assets/Scripts/Interaction/CarryableRotation.cs:20)
"
15:06:11.023,ERROR,Unity,"NullReferenceException: Object reference not set to an instance of an object
CarryableRotation.Update () (at Assets/Scripts/Interaction/CarryableRotation.cs:20)
"
15:06:11.037,ERROR,Unity,"NullReferenceException: Object reference not set to an instance of an object
CarryableRotation.Update () (at Assets/Scripts/Interaction/CarryableRotation.cs:20)
"
15:06:11.068,ERROR,Unity,"NullReferenceException: Object reference not set to an instance of an object
CarryableRotation.Update () (at Assets/Scripts/Interaction/CarryableRotation.cs:20)
"
15:06:11.087,ERROR,Unity,"NullReferenceException: Object reference not set to an instance of an object
CarryableRotation.Update () (at Assets/Scripts/Interaction/CarryableRotation.cs:20)
"
15:06:11.119,ERROR,Unity,"NullReferenceException: Object reference not set to an instance of an object
CarryableRotation.Update () (at Assets/Scripts/Interaction/CarryableRotation.cs:20)
"
15:06:11.135,ERROR,Unity,"NullReferenceException: Object reference not set to an instance of an object
CarryableRotation.Update () (at Assets/Scripts/Interaction/CarryableRotation.cs:20)
"
15:06:11.167,ERROR,Unity,"NullReferenceException: Object reference not set to an instance of an object
CarryableRotation.Update () (at Assets/Scripts/Interaction/CarryableRotation.cs:20)
"
15:06:11.182,ERROR,Unity,"NullReferenceException: Object reference not set to an instance of an object
CarryableRotation.Update () (at Assets/Scripts/Interaction/CarryableRotation.cs:20)
"
15:06:11.213,ERROR,Unity,"NullReferenceException: Object reference not set to an instance of an object
CarryableRotation.Update () (at Assets/Scripts/Interaction/CarryableRotation.cs:20)
"
15:06:11.228,ERROR,Unity,"NullReferenceException: Object reference not set to an instance of an object
CarryableRotation.Update () (at Assets/Scripts/Interaction/CarryableRotation.cs:20)
"
15:06:11.259,ERROR,Unity,"NullReferenceException: Object reference not set to an instance of an object
CarryableRotation.Update () (at Assets/Scripts/Interaction/CarryableRotation.cs:20)
"
15:06:11.274,ERROR,Unity,"NullReferenceException: Object reference not set to an instance of an object
CarryableRotation.Update () (at Assets/Scripts/Interaction/CarryableRotation.cs:20)
"
15:06:11.309,ERROR,Unity,"NullReferenceException: Object reference not set to an instance of an object
CarryableRotation.Update () (at Assets/Scripts/Interaction/CarryableRotation.cs:20)
"
15:06:11.338,ERROR,Unity,"NullReferenceException: Object reference not set to an instance of an object
CarryableRotation.Update () (at Assets/Scripts/Interaction/CarryableRotation.cs:20)
"
15:06:11.354,ERROR,Unity,"NullReferenceException: Object reference not set to an instance of an object
CarryableRotation.Update () (at Assets/Scripts/Interaction/CarryableRotation.cs:20)
"
15:06:11.385,ERROR,Unity,"NullReferenceException: Object reference not set to an instance of an object
CarryableRotation.Update () (at Assets/Scripts/Interaction/CarryableRotation.cs:20)
"
15:06:11.399,ERROR,Unity,"NullReferenceException: Object reference not set to an instance of an object
CarryableRotation.Update () (at Assets/Scripts/Interaction/CarryableRotation.cs:20)
"
15:06:11.431,ERROR,Unity,"NullReferenceException: Object reference not set to an instance of an object
CarryableRotation.Update () (at Assets/Scripts/Interaction/CarryableRotation.cs:20)
"
15:06:11.448,ERROR,Unity,"NullReferenceException: Object reference not set to an instance of an object
CarryableRotation.Update () (at Assets/Scripts/Interaction/CarryableRotation.cs:20)
"
15:06:11.479,ERROR,Unity,"NullReferenceException: Object reference not set to an instance of an object
CarryableRotation.Update () (at Assets/Scripts/Interaction/CarryableRotation.cs:20)
"
15:06:11.497,ERROR,Unity,"NullReferenceException: Object reference not set to an instance of an object
CarryableRotation.Update () (at Assets/Scripts/Interaction/CarryableRotation.cs:20)
"
15:06:11.529,ERROR,Unity,"NullReferenceException: Object reference not set to an instance of an object
CarryableRotation.Update () (at Assets/Scripts/Interaction/CarryableRotation.cs:20)
"
15:06:11.544,ERROR,Unity,"NullReferenceException: Object reference not set to an instance of an object
CarryableRotation.Update () (at Assets/Scripts/Interaction/CarryableRotation.cs:20)
"
15:06:11.576,ERROR,Unity,"NullReferenceException: Object reference not set to an instance of an object
CarryableRotation.Update () (at Assets/Scripts/Interaction/CarryableRotation.cs:20)
"
15:06:11.590,ERROR,Unity,"NullReferenceException: Object reference not set to an instance of an object
CarryableRotation.Update () (at Assets/Scripts/Interaction/CarryableRotation.cs:20)
"
15:06:11.623,ERROR,Unity,"NullReferenceException: Object reference not set to an instance of an object
CarryableRotation.Update () (at Assets/Scripts/Interaction/CarryableRotation.cs:20)
"
15:06:11.638,ERROR,Unity,"NullReferenceException: Object reference not set to an instance of an object
CarryableRotation.Update () (at Assets/Scripts/Interaction/CarryableRotation.cs:20)
"
15:06:11.669,ERROR,Unity,"NullReferenceException: Object reference not set to an instance of an object
CarryableRotation.Update () (at Assets/Scripts/Interaction/CarryableRotation.cs:20)
"
15:06:11.684,ERROR,Unity,"NullReferenceException: Object reference not set to an instance of an object
CarryableRotation.Update () (at Assets/Scripts/Interaction/CarryableRotation.cs:20)
"
15:06:11.717,ERROR,Unity,"NullReferenceException: Object reference not set to an instance of an object
CarryableRotation.Update () (at Assets/Scripts/Interaction/CarryableRotation.cs:20)
"
15:06:11.751,ERROR,Unity,"NullReferenceException: Object reference not set to an instance of an object
CarryableRotation.Update () (at Assets/Scripts/Interaction/CarryableRotation.cs:20)
"
15:06:11.766,ERROR,Unity,"NullReferenceException: Object reference not set to an instance of an object
CarryableRotation.Update () (at Assets/Scripts/Interaction/CarryableRotation.cs:20)
"
15:06:11.798,ERROR,Unity,"NullReferenceException: Object reference not set to an instance of an object
CarryableRotation.Update () (at Assets/Scripts/Interaction/CarryableRotation.cs:20)
"
15:06:11.813,ERROR,Unity,"NullReferenceException: Object reference not set to an instance of an object
CarryableRotation.Update () (at Assets/Scripts/Interaction/CarryableRotation.cs:20)
"
15:06:11.846,ERROR,Unity,"NullReferenceException: Object reference not set to an instance of an object
CarryableRotation.Update () (at Assets/Scripts/Interaction/CarryableRotation.cs:20)
"
15:06:11.861,ERROR,Unity,"NullReferenceException: Object reference not set to an instance of an object
CarryableRotation.Update () (at Assets/Scripts/Interaction/CarryableRotation.cs:20)
"
15:06:11.893,ERROR,Unity,"NullReferenceException: Object reference not set to an instance of an object
CarryableRotation.Update () (at Assets/Scripts/Interaction/CarryableRotation.cs:20)
"
15:06:11.911,ERROR,Unity,"NullReferenceException: Object reference not set to an instance of an object
CarryableRotation.Update () (at Assets/Scripts/Interaction/CarryableRotation.cs:20)
"
15:06:11.942,ERROR,Unity,"NullReferenceException: Object reference not set to an instance of an object
CarryableRotation.Update () (at Assets/Scripts/Interaction/CarryableRotation.cs:20)
"
15:06:11.957,ERROR,Unity,"NullReferenceException: Object reference not set to an instance of an object
CarryableRotation.Update () (at Assets/Scripts/Interaction/CarryableRotation.cs:20)
"
15:06:11.988,ERROR,Unity,"NullReferenceException: Object reference not set to an instance of an object
CarryableRotation.Update () (at Assets/Scripts/Interaction/CarryableRotation.cs:20)
"
15:06:12.005,ERROR,Unity,"NullReferenceException: Object reference not set to an instance of an object
CarryableRotation.Update () (at Assets/Scripts/Interaction/CarryableRotation.cs:20)
"
15:06:12.036,ERROR,Unity,"NullReferenceException: Object reference not set to an instance of an object
CarryableRotation.Update () (at Assets/Scripts/Interaction/CarryableRotation.cs:20)
"
15:06:12.051,ERROR,Unity,"NullReferenceException: Object reference not set to an instance of an object
CarryableRotation.Update () (at Assets/Scripts/Interaction/CarryableRotation.cs:20)
"
15:06:12.083,ERROR,Unity,"NullReferenceException: Object reference not set to an instance of an object
CarryableRotation.Update () (at Assets/Scripts/Interaction/CarryableRotation.cs:20)
"
15:06:12.099,ERROR,Unity,"NullReferenceException: Object reference not set to an instance of an object
CarryableRotation.Update () (at Assets/Scripts/Interaction/CarryableRotation.cs:20)
"
15:06:12.133,ERROR,Unity,"NullReferenceException: Object reference not set to an instance of an object
CarryableRotation.Update () (at Assets/Scripts/Interaction/CarryableRotation.cs:20)
"
15:06:12.165,ERROR,Unity,"NullReferenceException: Object reference not set to an instance of an object
CarryableRotation.Update () (at Assets/Scripts/Interaction/CarryableRotation.cs:20)
"
15:06:12.180,ERROR,Unity,"NullReferenceException: Object reference not set to an instance of an object
CarryableRotation.Update () (at Assets/Scripts/Interaction/CarryableRotation.cs:20)
"
15:06:12.212,ERROR,Unity,"NullReferenceException: Object reference not set to an instance of an object
CarryableRotation.Update () (at Assets/Scripts/Interaction/CarryableRotation.cs:20)
"
15:06:12.226,ERROR,Unity,"NullReferenceException: Object reference not set to an instance of an object
CarryableRotation.Update () (at Assets/Scripts/Interaction/CarryableRotation.cs:20)
"
15:06:12.258,ERROR,Unity,"NullReferenceException: Object reference not set to an instance of an object
CarryableRotation.Update () (at Assets/Scripts/Interaction/CarryableRotation.cs:20)
"
15:06:12.274,ERROR,Unity,"NullReferenceException: Object reference not set to an instance of an object
CarryableRotation.Update () (at Assets/Scripts/Interaction/CarryableRotation.cs:20)
"
15:06:12.306,ERROR,Unity,"NullReferenceException: Object reference not set to an instance of an object
CarryableRotation.Update () (at Assets/Scripts/Interaction/CarryableRotation.cs:20)
"
15:06:12.324,ERROR,Unity,"NullReferenceException: Object reference not set to an instance of an object
CarryableRotation.Update () (at Assets/Scripts/Interaction/CarryableRotation.cs:20)
"
15:06:12.355,ERROR,Unity,"NullReferenceException: Object reference not set to an instance of an object
CarryableRotation.Update () (at Assets/Scripts/Interaction/CarryableRotation.cs:20)
"
15:06:12.372,ERROR,Unity,"NullReferenceException: Object reference not set to an instance of an object
CarryableRotation.Update () (at Assets/Scripts/Interaction/CarryableRotation.cs:20)
"
15:06:12.403,ERROR,Unity,"NullReferenceException: Object reference not set to an instance of an object
CarryableRotation.Update () (at Assets/Scripts/Interaction/CarryableRotation.cs:20)
"
15:06:12.417,ERROR,Unity,"NullReferenceException: Object reference not set to an instance of an object
CarryableRotation.Update () (at Assets/Scripts/Interaction/CarryableRotation.cs:20)
"
15:06:12.448,ERROR,Unity,"NullReferenceException: Object reference not set to an instance of an object
CarryableRotation.Update () (at Assets/Scripts/Interaction/CarryableRotation.cs:20)
"
15:06:12.466,ERROR,Unity,"NullReferenceException: Object reference not set to an instance of an object
CarryableRotation.Update () (at Assets/Scripts/Interaction/CarryableRotation.cs:20)
"
15:06:12.499,ERROR,Unity,"NullReferenceException: Object reference not set to an instance of an object
CarryableRotation.Update () (at Assets/Scripts/Interaction/CarryableRotation.cs:20)
"
15:06:12.514,ERROR,Unity,"NullReferenceException: Object reference not set to an instance of an object
CarryableRotation.Update () (at Assets/Scripts/Interaction/CarryableRotation.cs:20)
"
15:06:12.548,ERROR,Unity,"NullReferenceException: Object reference not set to an instance of an object
CarryableRotation.Update () (at Assets/Scripts/Interaction/CarryableRotation.cs:20)
"
15:06:12.582,ERROR,Unity,"NullReferenceException: Object reference not set to an instance of an object
CarryableRotation.Update () (at Assets/Scripts/Interaction/CarryableRotation.cs:20)
"
15:06:12.598,ERROR,Unity,"NullReferenceException: Object reference not set to an instance of an object
CarryableRotation.Update () (at Assets/Scripts/Interaction/CarryableRotation.cs:20)
"
15:06:12.629,ERROR,Unity,"NullReferenceException: Object reference not set to an instance of an object
CarryableRotation.Update () (at Assets/Scripts/Interaction/CarryableRotation.cs:20)
"
15:06:12.645,ERROR,Unity,"NullReferenceException: Object reference not set to an instance of an object
CarryableRotation.Update () (at Assets/Scripts/Interaction/CarryableRotation.cs:20)
"
15:06:12.676,ERROR,Unity,"NullReferenceException: Object reference not set to an instance of an object
CarryableRotation.Update () (at Assets/Scripts/Interaction/CarryableRotation.cs:20)
"
15:06:12.691,ERROR,Unity,"NullReferenceException: Object reference not set to an instance of an object
CarryableRotation.Update () (at Assets/Scripts/Interaction/CarryableRotation.cs:20)
"
15:06:12.723,ERROR,Unity,"NullReferenceException: Object reference not set to an instance of an object
CarryableRotation.Update () (at Assets/Scripts/Interaction/CarryableRotation.cs:20)
"
15:06:12.742,ERROR,Unity,"NullReferenceException: Object reference not set to an instance of an object
CarryableRotation.Update () (at Assets/Scripts/Interaction/CarryableRotation.cs:20)
"
15:06:12.774,ERROR,Unity,"NullReferenceException: Object reference not set to an instance of an object
CarryableRotation.Update () (at Assets/Scripts/Interaction/CarryableRotation.cs:20)
"
15:06:12.790,ERROR,Unity,"NullReferenceException: Object reference not set to an instance of an object
CarryableRotation.Update () (at Assets/Scripts/Interaction/CarryableRotation.cs:20)
"
15:06:12.821,ERROR,Unity,"NullReferenceException: Object reference not set to an instance of an object
CarryableRotation.Update () (at Assets/Scripts/Interaction/CarryableRotation.cs:20)
"
15:06:12.837,ERROR,Unity,"NullReferenceException: Object reference not set to an instance of an object
CarryableRotation.Update () (at Assets/Scripts/Interaction/CarryableRotation.cs:20)
"
15:06:12.868,ERROR,Unity,"NullReferenceException: Object reference not set to an instance of an object
CarryableRotation.Update () (at Assets/Scripts/Interaction/CarryableRotation.cs:20)
"
15:06:12.884,ERROR,Unity,"NullReferenceException: Object reference not set to an instance of an object
CarryableRotation.Update () (at Assets/Scripts/Interaction/CarryableRotation.cs:20)
"
15:06:12.916,ERROR,Unity,"NullReferenceException: Object reference not set to an instance of an object
CarryableRotation.Update () (at Assets/Scripts/Interaction/CarryableRotation.cs:20)
"
15:06:12.931,ERROR,Unity,"NullReferenceException: Object reference not set to an instance of an object
CarryableRotation.Update () (at Assets/Scripts/Interaction/CarryableRotation.cs:20)
"
15:06:12.967,ERROR,Unity,"NullReferenceException: Object reference not set to an instance of an object
CarryableRotation.Update () (at Assets/Scripts/Interaction/CarryableRotation.cs:20)
"
15:06:12.998,ERROR,Unity,"NullReferenceException: Object reference not set to an instance of an object
CarryableRotation.Update () (at Assets/Scripts/Interaction/CarryableRotation.cs:20)
"
15:06:13.014,ERROR,Unity,"NullReferenceException: Object reference not set to an instance of an object
CarryableRotation.Update () (at Assets/Scripts/Interaction/CarryableRotation.cs:20)
"
15:06:13.044,ERROR,Unity,"NullReferenceException: Object reference not set to an instance of an object
CarryableRotation.Update () (at Assets/Scripts/Interaction/CarryableRotation.cs:20)
"
15:06:13.060,ERROR,Unity,"NullReferenceException: Object reference not set to an instance of an object
CarryableRotation.Update () (at Assets/Scripts/Interaction/CarryableRotation.cs:20)
"
15:06:13.093,ERROR,Unity,"NullReferenceException: Object reference not set to an instance of an object
CarryableRotation.Update () (at Assets/Scripts/Interaction/CarryableRotation.cs:20)
"
15:06:13.126,ERROR,Unity,"NullReferenceException: Object reference not set to an instance of an object
CarryableRotation.Update () (at Assets/Scripts/Interaction/CarryableRotation.cs:20)
"
15:06:13.142,ERROR,Unity,"NullReferenceException: Object reference not set to an instance of an object
CarryableRotation.Update () (at Assets/Scripts/Interaction/CarryableRotation.cs:20)
"
15:06:13.177,ERROR,Unity,"NullReferenceException: Object reference not set to an instance of an object
CarryableRotation.Update () (at Assets/Scripts/Interaction/CarryableRotation.cs:20)
"
15:06:13.208,ERROR,Unity,"NullReferenceException: Object reference not set to an instance of an object
CarryableRotation.Update () (at Assets/Scripts/Interaction/CarryableRotation.cs:20)
"
15:06:13.223,ERROR,Unity,"NullReferenceException: Object reference not set to an instance of an object
CarryableRotation.Update () (at Assets/Scripts/Interaction/CarryableRotation.cs:20)
"
15:06:13.254,ERROR,Unity,"NullReferenceException: Object reference not set to an instance of an object
CarryableRotation.Update () (at Assets/Scripts/Interaction/CarryableRotation.cs:20)
"
15:06:13.270,ERROR,Unity,"NullReferenceException: Object reference not set to an instance of an object
CarryableRotation.Update () (at Assets/Scripts/Interaction/CarryableRotation.cs:20)
"
15:06:13.302,ERROR,Unity,"NullReferenceException: Object reference not set to an instance of an object
CarryableRotation.Update () (at Assets/Scripts/Interaction/CarryableRotation.cs:20)
"
15:06:13.318,ERROR,Unity,"NullReferenceException: Object reference not set to an instance of an object
CarryableRotation.Update () (at Assets/Scripts/Interaction/CarryableRotation.cs:20)
"
15:06:13.349,ERROR,Unity,"NullReferenceException: Object reference not set to an instance of an object
CarryableRotation.Update () (at Assets/Scripts/Interaction/CarryableRotation.cs:20)
"
15:06:13.368,INFO,Unity,maxJumpVelocity19.23077
15:06:13.369,ERROR,Unity,"NullReferenceException: Object reference not set to an instance of an object
CarryableRotation.Update () (at Assets/Scripts/Interaction/CarryableRotation.cs:20)
"
15:06:13.401,ERROR,Unity,"NullReferenceException: Object reference not set to an instance of an object
CarryableRotation.Update () (at Assets/Scripts/Interaction/CarryableRotation.cs:20)
"
15:06:13.417,ERROR,Unity,"NullReferenceException: Object reference not set to an instance of an object
CarryableRotation.Update () (at Assets/Scripts/Interaction/CarryableRotation.cs:20)
"
15:06:13.448,ERROR,Unity,"NullReferenceException: Object reference not set to an instance of an object
CarryableRotation.Update () (at Assets/Scripts/Interaction/CarryableRotation.cs:20)
"
15:06:13.463,ERROR,Unity,"NullReferenceException: Object reference not set to an instance of an object
CarryableRotation.Update () (at Assets/Scripts/Interaction/CarryableRotation.cs:20)
"
15:06:13.497,ERROR,Unity,"NullReferenceException: Object reference not set to an instance of an object
CarryableRotation.Update () (at Assets/Scripts/Interaction/CarryableRotation.cs:20)
"
15:06:13.532,ERROR,Unity,"NullReferenceException: Object reference not set to an instance of an object
CarryableRotation.Update () (at Assets/Scripts/Interaction/CarryableRotation.cs:20)
"
15:06:13.564,ERROR,Unity,"NullReferenceException: Object reference not set to an instance of an object
CarryableRotation.Update () (at Assets/Scripts/Interaction/CarryableRotation.cs:20)
"
15:06:13.583,ERROR,Unity,"NullReferenceException: Object reference not set to an instance of an object
CarryableRotation.Update () (at Assets/Scripts/Interaction/CarryableRotation.cs:20)
"
15:06:13.614,ERROR,Unity,"NullReferenceException: Object reference not set to an instance of an object
CarryableRotation.Update () (at Assets/Scripts/Interaction/CarryableRotation.cs:20)
"
15:06:13.628,ERROR,Unity,"NullReferenceException: Object reference not set to an instance of an object
CarryableRotation.Update () (at Assets/Scripts/Interaction/CarryableRotation.cs:20)
"
15:06:13.659,ERROR,Unity,"NullReferenceException: Object reference not set to an instance of an object
CarryableRotation.Update () (at Assets/Scripts/Interaction/CarryableRotation.cs:20)
"
15:06:13.674,ERROR,Unity,"NullReferenceException: Object reference not set to an instance of an object
CarryableRotation.Update () (at Assets/Scripts/Interaction/CarryableRotation.cs:20)
"
15:06:13.705,ERROR,Unity,"NullReferenceException: Object reference not set to an instance of an object
CarryableRotation.Update () (at Assets/Scripts/Interaction/CarryableRotation.cs:20)
"
15:06:13.720,ERROR,Unity,"NullReferenceException: Object reference not set to an instance of an object
CarryableRotation.Update () (at Assets/Scripts/Interaction/CarryableRotation.cs:20)
"
15:06:13.750,ERROR,Unity,"NullReferenceException: Object reference not set to an instance of an object
CarryableRotation.Update () (at Assets/Scripts/Interaction/CarryableRotation.cs:20)
"
15:06:13.766,ERROR,Unity,"NullReferenceException: Object reference not set to an instance of an object
CarryableRotation.Update () (at Assets/Scripts/Interaction/CarryableRotation.cs:20)
"
15:06:13.799,ERROR,Unity,"NullReferenceException: Object reference not set to an instance of an object
CarryableRotation.Update () (at Assets/Scripts/Interaction/CarryableRotation.cs:20)
"
15:06:13.813,ERROR,Unity,"NullReferenceException: Object reference not set to an instance of an object
CarryableRotation.Update () (at Assets/Scripts/Interaction/CarryableRotation.cs:20)
"
15:06:13.846,ERROR,Unity,"NullReferenceException: Object reference not set to an instance of an object
CarryableRotation.Update () (at Assets/Scripts/Interaction/CarryableRotation.cs:20)
"
15:06:13.859,ERROR,Unity,"NullReferenceException: Object reference not set to an instance of an object
CarryableRotation.Update () (at Assets/Scripts/Interaction/CarryableRotation.cs:20)
"
15:06:13.890,ERROR,Unity,"NullReferenceException: Object reference not set to an instance of an object
CarryableRotation.Update () (at Assets/Scripts/Interaction/CarryableRotation.cs:20)
"
15:06:13.904,ERROR,Unity,"NullReferenceException: Object reference not set to an instance of an object
CarryableRotation.Update () (at Assets/Scripts/Interaction/CarryableRotation.cs:20)
"
15:06:13.935,ERROR,Unity,"NullReferenceException: Object reference not set to an instance of an object
CarryableRotation.Update () (at Assets/Scripts/Interaction/CarryableRotation.cs:20)
"
15:06:13.949,ERROR,Unity,"NullReferenceException: Object reference not set to an instance of an object
CarryableRotation.Update () (at Assets/Scripts/Interaction/CarryableRotation.cs:20)
"
15:06:13.981,ERROR,Unity,"NullReferenceException: Object reference not set to an instance of an object
CarryableRotation.Update () (at Assets/Scripts/Interaction/CarryableRotation.cs:20)
"
15:06:13.998,ERROR,Unity,"NullReferenceException: Object reference not set to an instance of an object
CarryableRotation.Update () (at Assets/Scripts/Interaction/CarryableRotation.cs:20)
"
15:06:14.027,ERROR,Unity,"NullReferenceException: Object reference not set to an instance of an object
CarryableRotation.Update () (at Assets/Scripts/Interaction/CarryableRotation.cs:20)
"
15:06:14.043,ERROR,Unity,"NullReferenceException: Object reference not set to an instance of an object
CarryableRotation.Update () (at Assets/Scripts/Interaction/CarryableRotation.cs:20)
"
15:06:14.073,ERROR,Unity,"NullReferenceException: Object reference not set to an instance of an object
CarryableRotation.Update () (at Assets/Scripts/Interaction/CarryableRotation.cs:20)
"
15:06:14.089,ERROR,Unity,"NullReferenceException: Object reference not set to an instance of an object
CarryableRotation.Update () (at Assets/Scripts/Interaction/CarryableRotation.cs:20)
"
15:06:14.119,ERROR,Unity,"NullReferenceException: Object reference not set to an instance of an object
CarryableRotation.Update () (at Assets/Scripts/Interaction/CarryableRotation.cs:20)
"
15:06:14.134,ERROR,Unity,"NullReferenceException: Object reference not set to an instance of an object
CarryableRotation.Update () (at Assets/Scripts/Interaction/CarryableRotation.cs:20)
"
15:06:14.165,ERROR,Unity,"NullReferenceException: Object reference not set to an instance of an object
CarryableRotation.Update () (at Assets/Scripts/Interaction/CarryableRotation.cs:20)
"
15:06:14.179,ERROR,Unity,"NullReferenceException: Object reference not set to an instance of an object
CarryableRotation.Update () (at Assets/Scripts/Interaction/CarryableRotation.cs:20)
"
15:06:14.210,ERROR,Unity,"NullReferenceException: Object reference not set to an instance of an object
CarryableRotation.Update () (at Assets/Scripts/Interaction/CarryableRotation.cs:20)
"
15:06:14.227,ERROR,Unity,"NullReferenceException: Object reference not set to an instance of an object
CarryableRotation.Update () (at Assets/Scripts/Interaction/CarryableRotation.cs:20)
"
15:06:14.258,ERROR,Unity,"NullReferenceException: Object reference not set to an instance of an object
CarryableRotation.Update () (at Assets/Scripts/Interaction/CarryableRotation.cs:20)
"
15:06:14.273,ERROR,Unity,"NullReferenceException: Object reference not set to an instance of an object
CarryableRotation.Update () (at Assets/Scripts/Interaction/CarryableRotation.cs:20)
"
15:06:14.304,ERROR,Unity,"NullReferenceException: Object reference not set to an instance of an object
CarryableRotation.Update () (at Assets/Scripts/Interaction/CarryableRotation.cs:20)
"
15:06:14.319,ERROR,Unity,"NullReferenceException: Object reference not set to an instance of an object
CarryableRotation.Update () (at Assets/Scripts/Interaction/CarryableRotation.cs:20)
"
15:06:14.350,ERROR,Unity,"NullReferenceException: Object reference not set to an instance of an object
CarryableRotation.Update () (at Assets/Scripts/Interaction/CarryableRotation.cs:20)
"
15:06:14.364,ERROR,Unity,"NullReferenceException: Object reference not set to an instance of an object
CarryableRotation.Update () (at Assets/Scripts/Interaction/CarryableRotation.cs:20)
"
15:06:14.395,ERROR,Unity,"NullReferenceException: Object reference not set to an instance of an object
CarryableRotation.Update () (at Assets/Scripts/Interaction/CarryableRotation.cs:20)
"
15:06:14.410,ERROR,Unity,"NullReferenceException: Object reference not set to an instance of an object
CarryableRotation.Update () (at Assets/Scripts/Interaction/CarryableRotation.cs:20)
"
15:06:14.443,ERROR,Unity,"NullReferenceException: Object reference not set to an instance of an object
CarryableRotation.Update () (at Assets/Scripts/Interaction/CarryableRotation.cs:20)
"
15:06:14.458,ERROR,Unity,"NullReferenceException: Object reference not set to an instance of an object
CarryableRotation.Update () (at Assets/Scripts/Interaction/CarryableRotation.cs:20)
"
15:06:14.489,ERROR,Unity,"NullReferenceException: Object reference not set to an instance of an object
CarryableRotation.Update () (at Assets/Scripts/Interaction/CarryableRotation.cs:20)
"
15:06:14.504,ERROR,Unity,"NullReferenceException: Object reference not set to an instance of an object
CarryableRotation.Update () (at Assets/Scripts/Interaction/CarryableRotation.cs:20)
"
15:06:14.534,ERROR,Unity,"NullReferenceException: Object reference not set to an instance of an object
CarryableRotation.Update () (at Assets/Scripts/Interaction/CarryableRotation.cs:20)
"
15:06:14.549,ERROR,Unity,"NullReferenceException: Object reference not set to an instance of an object
CarryableRotation.Update () (at Assets/Scripts/Interaction/CarryableRotation.cs:20)
"
15:06:14.580,ERROR,Unity,"NullReferenceException: Object reference not set to an instance of an object
CarryableRotation.Update () (at Assets/Scripts/Interaction/CarryableRotation.cs:20)
"
15:06:14.595,ERROR,Unity,"NullReferenceException: Object reference not set to an instance of an object
CarryableRotation.Update () (at Assets/Scripts/Interaction/CarryableRotation.cs:20)
"
15:06:14.627,ERROR,Unity,"NullReferenceException: Object reference not set to an instance of an object
CarryableRotation.Update () (at Assets/Scripts/Interaction/CarryableRotation.cs:20)
"
15:06:14.645,ERROR,Unity,"NullReferenceException: Object reference not set to an instance of an object
CarryableRotation.Update () (at Assets/Scripts/Interaction/CarryableRotation.cs:20)
"
15:06:14.674,ERROR,Unity,"NullReferenceException: Object reference not set to an instance of an object
CarryableRotation.Update () (at Assets/Scripts/Interaction/CarryableRotation.cs:20)
"
15:06:14.689,ERROR,Unity,"NullReferenceException: Object reference not set to an instance of an object
CarryableRotation.Update () (at Assets/Scripts/Interaction/CarryableRotation.cs:20)
"
15:06:14.721,ERROR,Unity,"NullReferenceException: Object reference not set to an instance of an object
CarryableRotation.Update () (at Assets/Scripts/Interaction/CarryableRotation.cs:20)
"
15:06:14.737,ERROR,Unity,"NullReferenceException: Object reference not set to an instance of an object
CarryableRotation.Update () (at Assets/Scripts/Interaction/CarryableRotation.cs:20)
"
15:06:14.771,ERROR,Unity,"NullReferenceException: Object reference not set to an instance of an object
CarryableRotation.Update () (at Assets/Scripts/Interaction/CarryableRotation.cs:20)
"
15:06:14.804,ERROR,Unity,"NullReferenceException: Object reference not set to an instance of an object
CarryableRotation.Update () (at Assets/Scripts/Interaction/CarryableRotation.cs:20)
"
15:06:14.836,ERROR,Unity,"NullReferenceException: Object reference not set to an instance of an object
CarryableRotation.Update () (at Assets/Scripts/Interaction/CarryableRotation.cs:20)
"
15:06:14.853,ERROR,Unity,"NullReferenceException: Object reference not set to an instance of an object
CarryableRotation.Update () (at Assets/Scripts/Interaction/CarryableRotation.cs:20)
"
15:06:14.883,ERROR,Unity,"NullReferenceException: Object reference not set to an instance of an object
CarryableRotation.Update () (at Assets/Scripts/Interaction/CarryableRotation.cs:20)
"
15:06:14.898,ERROR,Unity,"NullReferenceException: Object reference not set to an instance of an object
CarryableRotation.Update () (at Assets/Scripts/Interaction/CarryableRotation.cs:20)
"
15:06:14.929,ERROR,Unity,"NullReferenceException: Object reference not set to an instance of an object
CarryableRotation.Update () (at Assets/Scripts/Interaction/CarryableRotation.cs:20)
"
15:06:14.943,ERROR,Unity,"NullReferenceException: Object reference not set to an instance of an object
CarryableRotation.Update () (at Assets/Scripts/Interaction/CarryableRotation.cs:20)
"
15:06:14.974,ERROR,Unity,"NullReferenceException: Object reference not set to an instance of an object
CarryableRotation.Update () (at Assets/Scripts/Interaction/CarryableRotation.cs:20)
"
15:06:14.988,ERROR,Unity,"NullReferenceException: Object reference not set to an instance of an object
CarryableRotation.Update () (at Assets/Scripts/Interaction/CarryableRotation.cs:20)
"
15:06:15.018,ERROR,Unity,"NullReferenceException: Object reference not set to an instance of an object
CarryableRotation.Update () (at Assets/Scripts/Interaction/CarryableRotation.cs:20)
"
15:06:15.033,ERROR,Unity,"NullReferenceException: Object reference not set to an instance of an object
CarryableRotation.Update () (at Assets/Scripts/Interaction/CarryableRotation.cs:20)
"
15:06:15.063,ERROR,Unity,"NullReferenceException: Object reference not set to an instance of an object
CarryableRotation.Update () (at Assets/Scripts/Interaction/CarryableRotation.cs:20)
"
15:06:15.082,ERROR,Unity,"NullReferenceException: Object reference not set to an instance of an object
CarryableRotation.Update () (at Assets/Scripts/Interaction/CarryableRotation.cs:20)
"
15:06:15.112,ERROR,Unity,"NullReferenceException: Object reference not set to an instance of an object
CarryableRotation.Update () (at Assets/Scripts/Interaction/CarryableRotation.cs:20)
"
15:06:15.129,ERROR,Unity,"NullReferenceException: Object reference not set to an instance of an object
CarryableRotation.Update () (at Assets/Scripts/Interaction/CarryableRotation.cs:20)
"
15:06:15.159,ERROR,Unity,"NullReferenceException: Object reference not set to an instance of an object
CarryableRotation.Update () (at Assets/Scripts/Interaction/CarryableRotation.cs:20)
"
15:06:15.173,ERROR,Unity,"NullReferenceException: Object reference not set to an instance of an object
CarryableRotation.Update () (at Assets/Scripts/Interaction/CarryableRotation.cs:20)
"
15:06:15.203,ERROR,Unity,"NullReferenceException: Object reference not set to an instance of an object
CarryableRotation.Update () (at Assets/Scripts/Interaction/CarryableRotation.cs:20)
"
15:06:15.218,ERROR,Unity,"NullReferenceException: Object reference not set to an instance of an object
CarryableRotation.Update () (at Assets/Scripts/Interaction/CarryableRotation.cs:20)
"
15:06:15.248,ERROR,Unity,"NullReferenceException: Object reference not set to an instance of an object
CarryableRotation.Update () (at Assets/Scripts/Interaction/CarryableRotation.cs:20)
"
15:06:15.263,ERROR,Unity,"NullReferenceException: Object reference not set to an instance of an object
CarryableRotation.Update () (at Assets/Scripts/Interaction/CarryableRotation.cs:20)
"
15:06:15.296,ERROR,Unity,"NullReferenceException: Object reference not set to an instance of an object
CarryableRotation.Update () (at Assets/Scripts/Interaction/CarryableRotation.cs:20)
"
15:06:15.312,ERROR,Unity,"NullReferenceException: Object reference not set to an instance of an object
CarryableRotation.Update () (at Assets/Scripts/Interaction/CarryableRotation.cs:20)
"
15:06:15.341,ERROR,Unity,"NullReferenceException: Object reference not set to an instance of an object
CarryableRotation.Update () (at Assets/Scripts/Interaction/CarryableRotation.cs:20)
"
15:06:15.357,ERROR,Unity,"NullReferenceException: Object reference not set to an instance of an object
CarryableRotation.Update () (at Assets/Scripts/Interaction/CarryableRotation.cs:20)
"
15:06:15.387,ERROR,Unity,"NullReferenceException: Object reference not set to an instance of an object
CarryableRotation.Update () (at Assets/Scripts/Interaction/CarryableRotation.cs:20)
"
15:06:15.402,ERROR,Unity,"NullReferenceException: Object reference not set to an instance of an object
CarryableRotation.Update () (at Assets/Scripts/Interaction/CarryableRotation.cs:20)
"
15:06:15.432,ERROR,Unity,"NullReferenceException: Object reference not set to an instance of an object
CarryableRotation.Update () (at Assets/Scripts/Interaction/CarryableRotation.cs:20)
"
15:06:15.448,ERROR,Unity,"NullReferenceException: Object reference not set to an instance of an object
CarryableRotation.Update () (at Assets/Scripts/Interaction/CarryableRotation.cs:20)
"
15:06:15.477,ERROR,Unity,"NullReferenceException: Object reference not set to an instance of an object
CarryableRotation.Update () (at Assets/Scripts/Interaction/CarryableRotation.cs:20)
"
15:06:15.496,ERROR,Unity,"NullReferenceException: Object reference not set to an instance of an object
CarryableRotation.Update () (at Assets/Scripts/Interaction/CarryableRotation.cs:20)
"
15:06:15.526,INFO,Unity,maxJumpVelocity19.23077
15:06:15.527,ERROR,Unity,"NullReferenceException: Object reference not set to an instance of an object
CarryableRotation.Update () (at Assets/Scripts/Interaction/CarryableRotation.cs:20)
"
15:06:15.543,ERROR,Unity,"NullReferenceException: Object reference not set to an instance of an object
CarryableRotation.Update () (at Assets/Scripts/Interaction/CarryableRotation.cs:20)
"
15:06:15.575,ERROR,Unity,"NullReferenceException: Object reference not set to an instance of an object
CarryableRotation.Update () (at Assets/Scripts/Interaction/CarryableRotation.cs:20)
"
15:06:15.590,ERROR,Unity,"NullReferenceException: Object reference not set to an instance of an object
CarryableRotation.Update () (at Assets/Scripts/Interaction/CarryableRotation.cs:20)
"
15:06:15.620,ERROR,Unity,"NullReferenceException: Object reference not set to an instance of an object
CarryableRotation.Update () (at Assets/Scripts/Interaction/CarryableRotation.cs:20)
"
15:06:15.634,ERROR,Unity,"NullReferenceException: Object reference not set to an instance of an object
CarryableRotation.Update () (at Assets/Scripts/Interaction/CarryableRotation.cs:20)
"
15:06:15.665,ERROR,Unity,"NullReferenceException: Object reference not set to an instance of an object
CarryableRotation.Update () (at Assets/Scripts/Interaction/CarryableRotation.cs:20)
"
15:06:15.681,ERROR,Unity,"NullReferenceException: Object reference not set to an instance of an object
CarryableRotation.Update () (at Assets/Scripts/Interaction/CarryableRotation.cs:20)
"
15:06:15.715,ERROR,Unity,"NullReferenceException: Object reference not set to an instance of an object
CarryableRotation.Update () (at Assets/Scripts/Interaction/CarryableRotation.cs:20)
"
15:06:15.746,ERROR,Unity,"NullReferenceException: Object reference not set to an instance of an object
CarryableRotation.Update () (at Assets/Scripts/Interaction/CarryableRotation.cs:20)
"
15:06:15.760,ERROR,Unity,"NullReferenceException: Object reference not set to an instance of an object
CarryableRotation.Update () (at Assets/Scripts/Interaction/CarryableRotation.cs:20)
"
15:06:15.791,ERROR,Unity,"NullReferenceException: Object reference not set to an instance of an object
CarryableRotation.Update () (at Assets/Scripts/Interaction/CarryableRotation.cs:20)
"
15:06:15.806,ERROR,Unity,"NullReferenceException: Object reference not set to an instance of an object
CarryableRotation.Update () (at Assets/Scripts/Interaction/CarryableRotation.cs:20)
"
15:06:15.836,ERROR,Unity,"NullReferenceException: Object reference not set to an instance of an object
CarryableRotation.Update () (at Assets/Scripts/Interaction/CarryableRotation.cs:20)
"
15:06:15.851,ERROR,Unity,"NullReferenceException: Object reference not set to an instance of an object
CarryableRotation.Update () (at Assets/Scripts/Interaction/CarryableRotation.cs:20)
"
15:06:15.884,ERROR,Unity,"NullReferenceException: Object reference not set to an instance of an object
CarryableRotation.Update () (at Assets/Scripts/Interaction/CarryableRotation.cs:20)
"
15:06:15.900,ERROR,Unity,"NullReferenceException: Object reference not set to an instance of an object
CarryableRotation.Update () (at Assets/Scripts/Interaction/CarryableRotation.cs:20)
"
15:06:15.931,ERROR,Unity,"NullReferenceException: Object reference not set to an instance of an object
CarryableRotation.Update () (at Assets/Scripts/Interaction/CarryableRotation.cs:20)
"
15:06:15.946,ERROR,Unity,"NullReferenceException: Object reference not set to an instance of an object
CarryableRotation.Update () (at Assets/Scripts/Interaction/CarryableRotation.cs:20)
"
15:06:15.975,ERROR,Unity,"NullReferenceException: Object reference not set to an instance of an object
CarryableRotation.Update () (at Assets/Scripts/Interaction/CarryableRotation.cs:20)
"
15:06:15.990,ERROR,Unity,"NullReferenceException: Object reference not set to an instance of an object
CarryableRotation.Update () (at Assets/Scripts/Interaction/CarryableRotation.cs:20)
"
15:06:16.021,ERROR,Unity,"NullReferenceException: Object reference not set to an instance of an object
CarryableRotation.Update () (at Assets/Scripts/Interaction/CarryableRotation.cs:20)
"
15:06:16.036,ERROR,Unity,"NullReferenceException: Object reference not set to an instance of an object
CarryableRotation.Update () (at Assets/Scripts/Interaction/CarryableRotation.cs:20)
"
15:06:16.066,ERROR,Unity,"NullReferenceException: Object reference not set to an instance of an object
CarryableRotation.Update () (at Assets/Scripts/Interaction/CarryableRotation.cs:20)
"
15:06:16.082,ERROR,Unity,"NullReferenceException: Object reference not set to an instance of an object
CarryableRotation.Update () (at Assets/Scripts/Interaction/CarryableRotation.cs:20)
"
15:06:16.112,ERROR,Unity,"NullReferenceException: Object reference not set to an instance of an object
CarryableRotation.Update () (at Assets/Scripts/Interaction/CarryableRotation.cs:20)
"
15:06:16.129,ERROR,Unity,"NullReferenceException: Object reference not set to an instance of an object
CarryableRotation.Update () (at Assets/Scripts/Interaction/CarryableRotation.cs:20)
"
15:06:16.160,ERROR,Unity,"NullReferenceException: Object reference not set to an instance of an object
CarryableRotation.Update () (at Assets/Scripts/Interaction/CarryableRotation.cs:20)
"
15:06:16.174,ERROR,Unity,"NullReferenceException: Object reference not set to an instance of an object
CarryableRotation.Update () (at Assets/Scripts/Interaction/CarryableRotation.cs:20)
"
15:06:16.205,ERROR,Unity,"NullReferenceException: Object reference not set to an instance of an object
CarryableRotation.Update () (at Assets/Scripts/Interaction/CarryableRotation.cs:20)
"
15:06:16.220,ERROR,Unity,"NullReferenceException: Object reference not set to an instance of an object
CarryableRotation.Update () (at Assets/Scripts/Interaction/CarryableRotation.cs:20)
"
15:06:16.251,ERROR,Unity,"NullReferenceException: Object reference not set to an instance of an object
CarryableRotation.Update () (at Assets/Scripts/Interaction/CarryableRotation.cs:20)
"
15:06:16.265,ERROR,Unity,"NullReferenceException: Object reference not set to an instance of an object
CarryableRotation.Update () (at Assets/Scripts/Interaction/CarryableRotation.cs:20)
"
15:06:16.295,ERROR,Unity,"NullReferenceException: Object reference not set to an instance of an object
CarryableRotation.Update () (at Assets/Scripts/Interaction/CarryableRotation.cs:20)
"
15:06:16.311,ERROR,Unity,"NullReferenceException: Object reference not set to an instance of an object
CarryableRotation.Update () (at Assets/Scripts/Interaction/CarryableRotation.cs:20)
"
15:06:16.346,ERROR,Unity,"NullReferenceException: Object reference not set to an instance of an object
CarryableRotation.Update () (at Assets/Scripts/Interaction/CarryableRotation.cs:20)
"
15:06:16.381,ERROR,Unity,"NullReferenceException: Object reference not set to an instance of an object
CarryableRotation.Update () (at Assets/Scripts/Interaction/CarryableRotation.cs:20)
"
15:06:16.412,ERROR,Unity,"NullReferenceException: Object reference not set to an instance of an object
CarryableRotation.Update () (at Assets/Scripts/Interaction/CarryableRotation.cs:20)
"
15:06:16.427,ERROR,Unity,"NullReferenceException: Object reference not set to an instance of an object
CarryableRotation.Update () (at Assets/Scripts/Interaction/CarryableRotation.cs:20)
"
15:06:16.456,ERROR,Unity,"NullReferenceException: Object reference not set to an instance of an object
CarryableRotation.Update () (at Assets/Scripts/Interaction/CarryableRotation.cs:20)
"
15:06:16.471,ERROR,Unity,"NullReferenceException: Object reference not set to an instance of an object
CarryableRotation.Update () (at Assets/Scripts/Interaction/CarryableRotation.cs:20)
"
15:06:16.502,ERROR,Unity,"NullReferenceException: Object reference not set to an instance of an object
CarryableRotation.Update () (at Assets/Scripts/Interaction/CarryableRotation.cs:20)
"
15:06:16.517,ERROR,Unity,"NullReferenceException: Object reference not set to an instance of an object
CarryableRotation.Update () (at Assets/Scripts/Interaction/CarryableRotation.cs:20)
"
15:06:16.546,ERROR,Unity,"NullReferenceException: Object reference not set to an instance of an object
CarryableRotation.Update () (at Assets/Scripts/Interaction/CarryableRotation.cs:20)
"
15:06:16.561,ERROR,Unity,"NullReferenceException: Object reference not set to an instance of an object
CarryableRotation.Update () (at Assets/Scripts/Interaction/CarryableRotation.cs:20)
"
15:06:16.594,ERROR,Unity,"NullReferenceException: Object reference not set to an instance of an object
CarryableRotation.Update () (at Assets/Scripts/Interaction/CarryableRotation.cs:20)
"
15:06:16.609,ERROR,Unity,"NullReferenceException: Object reference not set to an instance of an object
CarryableRotation.Update () (at Assets/Scripts/Interaction/CarryableRotation.cs:20)
"
15:06:16.641,INFO,Unity,maxJumpVelocity19.23077
15:06:16.642,ERROR,Unity,"NullReferenceException: Object reference not set to an instance of an object
CarryableRotation.Update () (at Assets/Scripts/Interaction/CarryableRotation.cs:20)
"
15:06:16.658,ERROR,Unity,"NullReferenceException: Object reference not set to an instance of an object
CarryableRotation.Update () (at Assets/Scripts/Interaction/CarryableRotation.cs:20)
"
15:06:16.687,ERROR,Unity,"NullReferenceException: Object reference not set to an instance of an object
CarryableRotation.Update () (at Assets/Scripts/Interaction/CarryableRotation.cs:20)
"
15:06:16.703,ERROR,Unity,"NullReferenceException: Object reference not set to an instance of an object
CarryableRotation.Update () (at Assets/Scripts/Interaction/CarryableRotation.cs:20)
"
15:06:16.733,ERROR,Unity,"NullReferenceException: Object reference not set to an instance of an object
CarryableRotation.Update () (at Assets/Scripts/Interaction/CarryableRotation.cs:20)
"
15:06:16.748,ERROR,Unity,"NullReferenceException: Object reference not set to an instance of an object
CarryableRotation.Update () (at Assets/Scripts/Interaction/CarryableRotation.cs:20)
"
15:06:16.778,ERROR,Unity,"NullReferenceException: Object reference not set to an instance of an object
CarryableRotation.Update () (at Assets/Scripts/Interaction/CarryableRotation.cs:20)
"
15:06:16.795,ERROR,Unity,"NullReferenceException: Object reference not set to an instance of an object
CarryableRotation.Update () (at Assets/Scripts/Interaction/CarryableRotation.cs:20)
"
15:06:16.827,ERROR,Unity,"NullReferenceException: Object reference not set to an instance of an object
CarryableRotation.Update () (at Assets/Scripts/Interaction/CarryableRotation.cs:20)
"
15:06:16.840,ERROR,Unity,"NullReferenceException: Object reference not set to an instance of an object
CarryableRotation.Update () (at Assets/Scripts/Interaction/CarryableRotation.cs:20)
"
15:06:16.872,ERROR,Unity,"NullReferenceException: Object reference not set to an instance of an object
CarryableRotation.Update () (at Assets/Scripts/Interaction/CarryableRotation.cs:20)
"
15:06:16.887,ERROR,Unity,"NullReferenceException: Object reference not set to an instance of an object
CarryableRotation.Update () (at Assets/Scripts/Interaction/CarryableRotation.cs:20)
"
15:06:16.917,ERROR,Unity,"NullReferenceException: Object reference not set to an instance of an object
CarryableRotation.Update () (at Assets/Scripts/Interaction/CarryableRotation.cs:20)
"
15:06:16.932,ERROR,Unity,"NullReferenceException: Object reference not set to an instance of an object
CarryableRotation.Update () (at Assets/Scripts/Interaction/CarryableRotation.cs:20)
"
15:06:16.963,ERROR,Unity,"NullReferenceException: Object reference not set to an instance of an object
CarryableRotation.Update () (at Assets/Scripts/Interaction/CarryableRotation.cs:20)
"
15:06:16.978,ERROR,Unity,"NullReferenceException: Object reference not set to an instance of an object
CarryableRotation.Update () (at Assets/Scripts/Interaction/CarryableRotation.cs:20)
"
15:06:17.010,ERROR,Unity,"NullReferenceException: Object reference not set to an instance of an object
CarryableRotation.Update () (at Assets/Scripts/Interaction/CarryableRotation.cs:20)
"
15:06:17.028,ERROR,Unity,"NullReferenceException: Object reference not set to an instance of an object
CarryableRotation.Update () (at Assets/Scripts/Interaction/CarryableRotation.cs:20)
"
15:06:17.058,ERROR,Unity,"NullReferenceException: Object reference not set to an instance of an object
CarryableRotation.Update () (at Assets/Scripts/Interaction/CarryableRotation.cs:20)
"
15:06:17.073,ERROR,Unity,"NullReferenceException: Object reference not set to an instance of an object
CarryableRotation.Update () (at Assets/Scripts/Interaction/CarryableRotation.cs:20)
"
15:06:17.103,ERROR,Unity,"NullReferenceException: Object reference not set to an instance of an object
CarryableRotation.Update () (at Assets/Scripts/Interaction/CarryableRotation.cs:20)
"
15:06:17.118,ERROR,Unity,"NullReferenceException: Object reference not set to an instance of an object
CarryableRotation.Update () (at Assets/Scripts/Interaction/CarryableRotation.cs:20)
"
15:06:17.149,ERROR,Unity,"NullReferenceException: Object reference not set to an instance of an object
CarryableRotation.Update () (at Assets/Scripts/Interaction/CarryableRotation.cs:20)
"
15:06:17.164,ERROR,Unity,"NullReferenceException: Object reference not set to an instance of an object
CarryableRotation.Update () (at Assets/Scripts/Interaction/CarryableRotation.cs:20)
"
15:06:17.194,ERROR,Unity,"NullReferenceException: Object reference not set to an instance of an object
CarryableRotation.Update () (at Assets/Scripts/Interaction/CarryableRotation.cs:20)
"
15:06:17.208,ERROR,Unity,"NullReferenceException: Object reference not set to an instance of an object
CarryableRotation.Update () (at Assets/Scripts/Interaction/CarryableRotation.cs:20)
"
15:06:17.240,ERROR,Unity,"NullReferenceException: Object reference not set to an instance of an object
CarryableRotation.Update () (at Assets/Scripts/Interaction/CarryableRotation.cs:20)
"
15:06:17.256,ERROR,Unity,"NullReferenceException: Object reference not set to an instance of an object
CarryableRotation.Update () (at Assets/Scripts/Interaction/CarryableRotation.cs:20)
"
15:06:17.285,ERROR,Unity,"NullReferenceException: Object reference not set to an instance of an object
CarryableRotation.Update () (at Assets/Scripts/Interaction/CarryableRotation.cs:20)
"
15:06:17.300,ERROR,Unity,"NullReferenceException: Object reference not set to an instance of an object
CarryableRotation.Update () (at Assets/Scripts/Interaction/CarryableRotation.cs:20)
"
15:06:17.331,ERROR,Unity,"NullReferenceException: Object reference not set to an instance of an object
CarryableRotation.Update () (at Assets/Scripts/Interaction/CarryableRotation.cs:20)
"
15:06:17.346,ERROR,Unity,"NullReferenceException: Object reference not set to an instance of an object
CarryableRotation.Update () (at Assets/Scripts/Interaction/CarryableRotation.cs:20)
"
15:06:17.376,ERROR,Unity,"NullReferenceException: Object reference not set to an instance of an object
CarryableRotation.Update () (at Assets/Scripts/Interaction/CarryableRotation.cs:20)
"
15:06:17.391,ERROR,Unity,"NullReferenceException: Object reference not set to an instance of an object
CarryableRotation.Update () (at Assets/Scripts/Interaction/CarryableRotation.cs:20)
"
15:06:17.421,ERROR,Unity,"NullReferenceException: Object reference not set to an instance of an object
CarryableRotation.Update () (at Assets/Scripts/Interaction/CarryableRotation.cs:20)
"
15:06:17.437,ERROR,Unity,"NullReferenceException: Object reference not set to an instance of an object
CarryableRotation.Update () (at Assets/Scripts/Interaction/CarryableRotation.cs:20)
"
15:06:17.469,INFO,Unity,사다리 코요테 점프
15:06:17.469,ERROR,Unity,"NullReferenceException: Object reference not set to an instance of an object
CarryableRotation.Update () (at Assets/Scripts/Interaction/CarryableRotation.cs:20)
"
15:06:17.488,ERROR,Unity,"NullReferenceException: Object reference not set to an instance of an object
CarryableRotation.Update () (at Assets/Scripts/Interaction/CarryableRotation.cs:20)
"
15:06:17.518,ERROR,Unity,"NullReferenceException: Object reference not set to an instance of an object
CarryableRotation.Update () (at Assets/Scripts/Interaction/CarryableRotation.cs:20)
"
15:06:17.533,ERROR,Unity,"NullReferenceException: Object reference not set to an instance of an object
CarryableRotation.Update () (at Assets/Scripts/Interaction/CarryableRotation.cs:20)
"
15:06:17.562,ERROR,Unity,"NullReferenceException: Object reference not set to an instance of an object
CarryableRotation.Update () (at Assets/Scripts/Interaction/CarryableRotation.cs:20)
"
15:06:17.579,ERROR,Unity,"NullReferenceException: Object reference not set to an instance of an object
CarryableRotation.Update () (at Assets/Scripts/Interaction/CarryableRotation.cs:20)
"
15:06:17.610,ERROR,Unity,"NullReferenceException: Object reference not set to an instance of an object
CarryableRotation.Update () (at Assets/Scripts/Interaction/CarryableRotation.cs:20)
"
15:06:17.624,ERROR,Unity,"NullReferenceException: Object reference not set to an instance of an object
CarryableRotation.Update () (at Assets/Scripts/Interaction/CarryableRotation.cs:20)
"
15:06:17.655,ERROR,Unity,"NullReferenceException: Object reference not set to an instance of an object
CarryableRotation.Update () (at Assets/Scripts/Interaction/CarryableRotation.cs:20)
"
15:06:17.670,INFO,Unity,indexChamge
15:06:17.670,INFO,Unity,짐 1충돌
15:06:17.672,DEBUG,CarryableMimic,"충돌로 인해 짐 떨어뜨림. Fall떨어트린 위치 : (30.09, 5.43, 0.00)"
15:06:17.673,INFO,Unity,Weight Update =0
15:06:17.673,ERROR,Unity,"NullReferenceException: Object reference not set to an instance of an object
CarryableRotation.Update () (at Assets/Scripts/Interaction/CarryableRotation.cs:20)
"
15:06:17.709,ERROR,Unity,"NullReferenceException: Object reference not set to an instance of an object
CarryableRotation.Update () (at Assets/Scripts/Interaction/CarryableRotation.cs:20)
"
15:06:17.739,ERROR,Unity,"NullReferenceException: Object reference not set to an instance of an object
CarryableRotation.Update () (at Assets/Scripts/Interaction/CarryableRotation.cs:20)
"
15:06:17.755,ERROR,Unity,"NullReferenceException: Object reference not set to an instance of an object
CarryableRotation.Update () (at Assets/Scripts/Interaction/CarryableRotation.cs:20)
"
15:06:17.786,ERROR,Unity,"NullReferenceException: Object reference not set to an instance of an object
CarryableRotation.Update () (at Assets/Scripts/Interaction/CarryableRotation.cs:20)
"
15:06:17.800,ERROR,Unity,"NullReferenceException: Object reference not set to an instance of an object
CarryableRotation.Update () (at Assets/Scripts/Interaction/CarryableRotation.cs:20)
"
15:06:17.831,ERROR,Unity,"NullReferenceException: Object reference not set to an instance of an object
CarryableRotation.Update () (at Assets/Scripts/Interaction/CarryableRotation.cs:20)
"
15:06:17.846,ERROR,Unity,"NullReferenceException: Object reference not set to an instance of an object
CarryableRotation.Update () (at Assets/Scripts/Interaction/CarryableRotation.cs:20)
"
15:06:17.877,ERROR,Unity,"NullReferenceException: Object reference not set to an instance of an object
CarryableRotation.Update () (at Assets/Scripts/Interaction/CarryableRotation.cs:20)
"
15:06:17.895,ERROR,Unity,"NullReferenceException: Object reference not set to an instance of an object
CarryableRotation.Update () (at Assets/Scripts/Interaction/CarryableRotation.cs:20)
"
15:06:17.925,ERROR,Unity,"NullReferenceException: Object reference not set to an instance of an object
CarryableRotation.Update () (at Assets/Scripts/Interaction/CarryableRotation.cs:20)
"
15:06:17.939,ERROR,Unity,"NullReferenceException: Object reference not set to an instance of an object
CarryableRotation.Update () (at Assets/Scripts/Interaction/CarryableRotation.cs:20)
"
15:06:17.969,ERROR,Unity,"NullReferenceException: Object reference not set to an instance of an object
CarryableRotation.Update () (at Assets/Scripts/Interaction/CarryableRotation.cs:20)
"
15:06:17.984,ERROR,Unity,"NullReferenceException: Object reference not set to an instance of an object
CarryableRotation.Update () (at Assets/Scripts/Interaction/CarryableRotation.cs:20)
"
15:06:18.014,ERROR,Unity,"NullReferenceException: Object reference not set to an instance of an object
CarryableRotation.Update () (at Assets/Scripts/Interaction/CarryableRotation.cs:20)
"
15:06:18.028,ERROR,Unity,"NullReferenceException: Object reference not set to an instance of an object
CarryableRotation.Update () (at Assets/Scripts/Interaction/CarryableRotation.cs:20)
"
15:06:18.060,ERROR,Unity,"NullReferenceException: Object reference not set to an instance of an object
CarryableRotation.Update () (at Assets/Scripts/Interaction/CarryableRotation.cs:20)
"
15:06:18.073,ERROR,Unity,"NullReferenceException: Object reference not set to an instance of an object
CarryableRotation.Update () (at Assets/Scripts/Interaction/CarryableRotation.cs:20)
"
15:06:18.105,ERROR,Unity,"NullReferenceException: Object reference not set to an instance of an object
CarryableRotation.Update () (at Assets/Scripts/Interaction/CarryableRotation.cs:20)
"
15:06:18.122,ERROR,Unity,"NullReferenceException: Object reference not set to an instance of an object
CarryableRotation.Update () (at Assets/Scripts/Interaction/CarryableRotation.cs:20)
"
15:06:18.151,ERROR,Unity,"NullReferenceException: Object reference not set to an instance of an object
CarryableRotation.Update () (at Assets/Scripts/Interaction/CarryableRotation.cs:20)
"
15:06:18.165,ERROR,Unity,"NullReferenceException: Object reference not set to an instance of an object
CarryableRotation.Update () (at Assets/Scripts/Interaction/CarryableRotation.cs:20)
"
15:06:18.198,ERROR,Unity,"NullReferenceException: Object reference not set to an instance of an object
CarryableRotation.Update () (at Assets/Scripts/Interaction/CarryableRotation.cs:20)
"
15:06:18.214,ERROR,Unity,"NullReferenceException: Object reference not set to an instance of an object
CarryableRotation.Update () (at Assets/Scripts/Interaction/CarryableRotation.cs:20)
"
15:06:18.245,ERROR,Unity,"NullReferenceException: Object reference not set to an instance of an object
CarryableRotation.Update () (at Assets/Scripts/Interaction/CarryableRotation.cs:20)
"
15:06:18.259,ERROR,Unity,"NullReferenceException: Object reference not set to an instance of an object
CarryableRotation.Update () (at Assets/Scripts/Interaction/CarryableRotation.cs:20)
"
15:06:18.289,ERROR,Unity,"NullReferenceException: Object reference not set to an instance of an object
CarryableRotation.Update () (at Assets/Scripts/Interaction/CarryableRotation.cs:20)
"
15:06:18.304,ERROR,Unity,"NullReferenceException: Object reference not set to an instance of an object
CarryableRotation.Update () (at Assets/Scripts/Interaction/CarryableRotation.cs:20)
"
15:06:18.335,ERROR,Unity,"NullReferenceException: Object reference not set to an instance of an object
CarryableRotation.Update () (at Assets/Scripts/Interaction/CarryableRotation.cs:20)
"
15:06:18.352,ERROR,Unity,"NullReferenceException: Object reference not set to an instance of an object
CarryableRotation.Update () (at Assets/Scripts/Interaction/CarryableRotation.cs:20)
"
15:06:18.382,ERROR,Unity,"NullReferenceException: Object reference not set to an instance of an object
CarryableRotation.Update () (at Assets/Scripts/Interaction/CarryableRotation.cs:20)
"
15:06:18.397,ERROR,Unity,"NullReferenceException: Object reference not set to an instance of an object
CarryableRotation.Update () (at Assets/Scripts/Interaction/CarryableRotation.cs:20)
"
15:06:18.429,ERROR,Unity,"NullReferenceException: Object reference not set to an instance of an object
CarryableRotation.Update () (at Assets/Scripts/Interaction/CarryableRotation.cs:20)
"
15:06:18.443,ERROR,Unity,"NullReferenceException: Object reference not set to an instance of an object
CarryableRotation.Update () (at Assets/Scripts/Interaction/CarryableRotation.cs:20)
"
15:06:18.473,ERROR,Unity,"NullReferenceException: Object reference not set to an instance of an object
CarryableRotation.Update () (at Assets/Scripts/Interaction/CarryableRotation.cs:20)
"
15:06:18.491,ERROR,Unity,"NullReferenceException: Object reference not set to an instance of an object
CarryableRotation.Update () (at Assets/Scripts/Interaction/CarryableRotation.cs:20)
"
15:06:18.525,ERROR,Unity,"NullReferenceException: Object reference not set to an instance of an object
CarryableRotation.Update () (at Assets/Scripts/Interaction/CarryableRotation.cs:20)
"
15:06:18.555,ERROR,Unity,"NullReferenceException: Object reference not set to an instance of an object
CarryableRotation.Update () (at Assets/Scripts/Interaction/CarryableRotation.cs:20)
"
15:06:18.573,ERROR,Unity,"NullReferenceException: Object reference not set to an instance of an object
CarryableRotation.Update () (at Assets/Scripts/Interaction/CarryableRotation.cs:20)
"
15:06:18.603,ERROR,Unity,"NullReferenceException: Object reference not set to an instance of an object
CarryableRotation.Update () (at Assets/Scripts/Interaction/CarryableRotation.cs:20)
"
15:06:18.618,ERROR,Unity,"NullReferenceException: Object reference not set to an instance of an object
CarryableRotation.Update () (at Assets/Scripts/Interaction/CarryableRotation.cs:20)
"
15:06:18.648,ERROR,Unity,"NullReferenceException: Object reference not set to an instance of an object
CarryableRotation.Update () (at Assets/Scripts/Interaction/CarryableRotation.cs:20)
"
15:06:18.663,ERROR,Unity,"NullReferenceException: Object reference not set to an instance of an object
CarryableRotation.Update () (at Assets/Scripts/Interaction/CarryableRotation.cs:20)
"
15:06:18.692,ERROR,Unity,"NullReferenceException: Object reference not set to an instance of an object
CarryableRotation.Update () (at Assets/Scripts/Interaction/CarryableRotation.cs:20)
"
15:06:18.707,ERROR,Unity,"NullReferenceException: Object reference not set to an instance of an object
CarryableRotation.Update () (at Assets/Scripts/Interaction/CarryableRotation.cs:20)
"
15:06:18.738,ERROR,Unity,"NullReferenceException: Object reference not set to an instance of an object
CarryableRotation.Update () (at Assets/Scripts/Interaction/CarryableRotation.cs:20)
"
15:06:18.755,ERROR,Unity,"NullReferenceException: Object reference not set to an instance of an object
CarryableRotation.Update () (at Assets/Scripts/Interaction/CarryableRotation.cs:20)
"
15:06:18.786,ERROR,Unity,"NullReferenceException: Object reference not set to an instance of an object
CarryableRotation.Update () (at Assets/Scripts/Interaction/CarryableRotation.cs:20)
"
15:06:18.804,ERROR,Unity,"NullReferenceException: Object reference not set to an instance of an object
CarryableRotation.Update () (at Assets/Scripts/Interaction/CarryableRotation.cs:20)
"
15:06:18.836,ERROR,Unity,"NullReferenceException: Object reference not set to an instance of an object
CarryableRotation.Update () (at Assets/Scripts/Interaction/CarryableRotation.cs:20)
"
15:06:18.850,ERROR,Unity,"NullReferenceException: Object reference not set to an instance of an object
CarryableRotation.Update () (at Assets/Scripts/Interaction/CarryableRotation.cs:20)
"
15:06:18.882,ERROR,Unity,"NullReferenceException: Object reference not set to an instance of an object
CarryableRotation.Update () (at Assets/Scripts/Interaction/CarryableRotation.cs:20)
"
15:06:18.897,ERROR,Unity,"NullReferenceException: Object reference not set to an instance of an object
CarryableRotation.Update () (at Assets/Scripts/Interaction/CarryableRotation.cs:20)
"
15:06:18.929,ERROR,Unity,"NullReferenceException: Object reference not set to an instance of an object
CarryableRotation.Update () (at Assets/Scripts/Interaction/CarryableRotation.cs:20)
"
15:06:18.944,ERROR,Unity,"NullReferenceException: Object reference not set to an instance of an object
CarryableRotation.Update () (at Assets/Scripts/Interaction/CarryableRotation.cs:20)
"
15:06:18.975,ERROR,Unity,"NullReferenceException: Object reference not set to an instance of an object
CarryableRotation.Update () (at Assets/Scripts/Interaction/CarryableRotation.cs:20)
"
15:06:18.989,ERROR,Unity,"NullReferenceException: Object reference not set to an instance of an object
CarryableRotation.Update () (at Assets/Scripts/Interaction/CarryableRotation.cs:20)
"
15:06:19.022,ERROR,Unity,"NullReferenceException: Object reference not set to an instance of an object
CarryableRotation.Update () (at Assets/Scripts/Interaction/CarryableRotation.cs:20)
"
15:06:19.037,ERROR,Unity,"NullReferenceException: Object reference not set to an instance of an object
CarryableRotation.Update () (at Assets/Scripts/Interaction/CarryableRotation.cs:20)
"
15:06:19.068,ERROR,Unity,"NullReferenceException: Object reference not set to an instance of an object
CarryableRotation.Update () (at Assets/Scripts/Interaction/CarryableRotation.cs:20)
"
15:06:19.084,ERROR,Unity,"NullReferenceException: Object reference not set to an instance of an object
CarryableRotation.Update () (at Assets/Scripts/Interaction/CarryableRotation.cs:20)
"
15:06:19.113,ERROR,Unity,"NullReferenceException: Object reference not set to an instance of an object
CarryableRotation.Update () (at Assets/Scripts/Interaction/CarryableRotation.cs:20)
"
15:06:19.128,ERROR,Unity,"NullReferenceException: Object reference not set to an instance of an object
CarryableRotation.Update () (at Assets/Scripts/Interaction/CarryableRotation.cs:20)
"
15:06:19.158,ERROR,Unity,"NullReferenceException: Object reference not set to an instance of an object
CarryableRotation.Update () (at Assets/Scripts/Interaction/CarryableRotation.cs:20)
"
15:06:19.174,ERROR,Unity,"NullReferenceException: Object reference not set to an instance of an object
CarryableRotation.Update () (at Assets/Scripts/Interaction/CarryableRotation.cs:20)
"
15:06:19.203,ERROR,Unity,"NullReferenceException: Object reference not set to an instance of an object
CarryableRotation.Update () (at Assets/Scripts/Interaction/CarryableRotation.cs:20)
"
15:06:19.222,ERROR,Unity,"NullReferenceException: Object reference not set to an instance of an object
CarryableRotation.Update () (at Assets/Scripts/Interaction/CarryableRotation.cs:20)
"
15:06:19.252,ERROR,Unity,"NullReferenceException: Object reference not set to an instance of an object
CarryableRotation.Update () (at Assets/Scripts/Interaction/CarryableRotation.cs:20)
"
15:06:19.268,ERROR,Unity,"NullReferenceException: Object reference not set to an instance of an object
CarryableRotation.Update () (at Assets/Scripts/Interaction/CarryableRotation.cs:20)
"
15:06:19.298,ERROR,Unity,"NullReferenceException: Object reference not set to an instance of an object
CarryableRotation.Update () (at Assets/Scripts/Interaction/CarryableRotation.cs:20)
"
15:06:19.312,ERROR,Unity,"NullReferenceException: Object reference not set to an instance of an object
CarryableRotation.Update () (at Assets/Scripts/Interaction/CarryableRotation.cs:20)
"
15:06:19.342,ERROR,Unity,"NullReferenceException: Object reference not set to an instance of an object
CarryableRotation.Update () (at Assets/Scripts/Interaction/CarryableRotation.cs:20)
"
15:06:19.358,ERROR,Unity,"NullReferenceException: Object reference not set to an instance of an object
CarryableRotation.Update () (at Assets/Scripts/Interaction/CarryableRotation.cs:20)
"
15:06:19.387,ERROR,Unity,"NullReferenceException: Object reference not set to an instance of an object
CarryableRotation.Update () (at Assets/Scripts/Interaction/CarryableRotation.cs:20)
"
15:06:19.403,ERROR,Unity,"NullReferenceException: Object reference not set to an instance of an object
CarryableRotation.Update () (at Assets/Scripts/Interaction/CarryableRotation.cs:20)
"
15:06:19.432,ERROR,Unity,"NullReferenceException: Object reference not set to an instance of an object
CarryableRotation.Update () (at Assets/Scripts/Interaction/CarryableRotation.cs:20)
"
15:06:19.450,ERROR,Unity,"NullReferenceException: Object reference not set to an instance of an object
CarryableRotation.Update () (at Assets/Scripts/Interaction/CarryableRotation.cs:20)
"
15:06:19.486,DEBUG,PlayerCarrying,집기 조작Mimic (UnityEngine.BoxCollider2D)
15:06:19.487,DEBUG,PlayerCarrying,집기 조작Mimic (UnityEngine.BoxCollider2D)
15:06:19.488,INFO,Unity,_focus is null
15:06:19.488,INFO,Unity,Weight Update =0
15:06:19.489,INFO,Unity,Weight Update2 =10
15:06:19.489,ERROR,Unity,"NullReferenceException: Object reference not set to an instance of an object
CarryableRotation.Update () (at Assets/Scripts/Interaction/CarryableRotation.cs:20)
"
15:06:19.525,ERROR,Unity,"NullReferenceException: Object reference not set to an instance of an object
CarryableRotation.Update () (at Assets/Scripts/Interaction/CarryableRotation.cs:20)
"
15:06:19.555,ERROR,Unity,"NullReferenceException: Object reference not set to an instance of an object
CarryableRotation.Update () (at Assets/Scripts/Interaction/CarryableRotation.cs:20)
"
15:06:19.571,ERROR,Unity,"NullReferenceException: Object reference not set to an instance of an object
CarryableRotation.Update () (at Assets/Scripts/Interaction/CarryableRotation.cs:20)
"
15:06:19.602,ERROR,Unity,"NullReferenceException: Object reference not set to an instance of an object
CarryableRotation.Update () (at Assets/Scripts/Interaction/CarryableRotation.cs:20)
"
15:06:19.617,ERROR,Unity,"NullReferenceException: Object reference not set to an instance of an object
CarryableRotation.Update () (at Assets/Scripts/Interaction/CarryableRotation.cs:20)
"
15:06:19.649,ERROR,Unity,"NullReferenceException: Object reference not set to an instance of an object
CarryableRotation.Update () (at Assets/Scripts/Interaction/CarryableRotation.cs:20)
"
15:06:19.667,ERROR,Unity,"NullReferenceException: Object reference not set to an instance of an object
CarryableRotation.Update () (at Assets/Scripts/Interaction/CarryableRotation.cs:20)
"
15:06:19.699,ERROR,Unity,"NullReferenceException: Object reference not set to an instance of an object
CarryableRotation.Update () (at Assets/Scripts/Interaction/CarryableRotation.cs:20)
"
15:06:19.714,ERROR,Unity,"NullReferenceException: Object reference not set to an instance of an object
CarryableRotation.Update () (at Assets/Scripts/Interaction/CarryableRotation.cs:20)
"
15:06:19.744,ERROR,Unity,"NullReferenceException: Object reference not set to an instance of an object
CarryableRotation.Update () (at Assets/Scripts/Interaction/CarryableRotation.cs:20)
"
15:06:19.759,ERROR,Unity,"NullReferenceException: Object reference not set to an instance of an object
CarryableRotation.Update () (at Assets/Scripts/Interaction/CarryableRotation.cs:20)
"
15:06:19.790,ERROR,Unity,"NullReferenceException: Object reference not set to an instance of an object
CarryableRotation.Update () (at Assets/Scripts/Interaction/CarryableRotation.cs:20)
"
15:06:19.806,ERROR,Unity,"NullReferenceException: Object reference not set to an instance of an object
CarryableRotation.Update () (at Assets/Scripts/Interaction/CarryableRotation.cs:20)
"
15:06:19.838,ERROR,Unity,"NullReferenceException: Object reference not set to an instance of an object
CarryableRotation.Update () (at Assets/Scripts/Interaction/CarryableRotation.cs:20)
"
15:06:19.853,ERROR,Unity,"NullReferenceException: Object reference not set to an instance of an object
CarryableRotation.Update () (at Assets/Scripts/Interaction/CarryableRotation.cs:20)
"
15:06:19.885,ERROR,Unity,"NullReferenceException: Object reference not set to an instance of an object
CarryableRotation.Update () (at Assets/Scripts/Interaction/CarryableRotation.cs:20)
"
15:06:19.900,ERROR,Unity,"NullReferenceException: Object reference not set to an instance of an object
CarryableRotation.Update () (at Assets/Scripts/Interaction/CarryableRotation.cs:20)
"
15:06:19.932,ERROR,Unity,"NullReferenceException: Object reference not set to an instance of an object
CarryableRotation.Update () (at Assets/Scripts/Interaction/CarryableRotation.cs:20)
"
15:06:19.947,ERROR,Unity,"NullReferenceException: Object reference not set to an instance of an object
CarryableRotation.Update () (at Assets/Scripts/Interaction/CarryableRotation.cs:20)
"
15:06:19.977,ERROR,Unity,"NullReferenceException: Object reference not set to an instance of an object
CarryableRotation.Update () (at Assets/Scripts/Interaction/CarryableRotation.cs:20)
"
15:06:19.993,ERROR,Unity,"NullReferenceException: Object reference not set to an instance of an object
CarryableRotation.Update () (at Assets/Scripts/Interaction/CarryableRotation.cs:20)
"
15:06:20.024,ERROR,Unity,"NullReferenceException: Object reference not set to an instance of an object
CarryableRotation.Update () (at Assets/Scripts/Interaction/CarryableRotation.cs:20)
"
15:06:20.040,INFO,Unity,maxJumpVelocity19.23077
15:06:20.040,ERROR,Unity,"NullReferenceException: Object reference not set to an instance of an object
CarryableRotation.Update () (at Assets/Scripts/Interaction/CarryableRotation.cs:20)
"
15:06:20.072,ERROR,Unity,"NullReferenceException: Object reference not set to an instance of an object
CarryableRotation.Update () (at Assets/Scripts/Interaction/CarryableRotation.cs:20)
"
15:06:20.089,ERROR,Unity,"NullReferenceException: Object reference not set to an instance of an object
CarryableRotation.Update () (at Assets/Scripts/Interaction/CarryableRotation.cs:20)
"
15:06:20.120,ERROR,Unity,"NullReferenceException: Object reference not set to an instance of an object
CarryableRotation.Update () (at Assets/Scripts/Interaction/CarryableRotation.cs:20)
"
15:06:20.135,ERROR,Unity,"NullReferenceException: Object reference not set to an instance of an object
CarryableRotation.Update () (at Assets/Scripts/Interaction/CarryableRotation.cs:20)
"
15:06:20.165,ERROR,Unity,"NullReferenceException: Object reference not set to an instance of an object
CarryableRotation.Update () (at Assets/Scripts/Interaction/CarryableRotation.cs:20)
"
15:06:20.180,ERROR,Unity,"NullReferenceException: Object reference not set to an instance of an object
CarryableRotation.Update () (at Assets/Scripts/Interaction/CarryableRotation.cs:20)
"
15:06:20.210,ERROR,Unity,"NullReferenceException: Object reference not set to an instance of an object
CarryableRotation.Update () (at Assets/Scripts/Interaction/CarryableRotation.cs:20)
"
15:06:20.226,ERROR,Unity,"NullReferenceException: Object reference not set to an instance of an object
CarryableRotation.Update () (at Assets/Scripts/Interaction/CarryableRotation.cs:20)
"
15:06:20.256,ERROR,Unity,"NullReferenceException: Object reference not set to an instance of an object
CarryableRotation.Update () (at Assets/Scripts/Interaction/CarryableRotation.cs:20)
"
15:06:20.271,ERROR,Unity,"NullReferenceException: Object reference not set to an instance of an object
CarryableRotation.Update () (at Assets/Scripts/Interaction/CarryableRotation.cs:20)
"
15:06:20.301,ERROR,Unity,"NullReferenceException: Object reference not set to an instance of an object
CarryableRotation.Update () (at Assets/Scripts/Interaction/CarryableRotation.cs:20)
"
15:06:20.318,ERROR,Unity,"NullReferenceException: Object reference not set to an instance of an object
CarryableRotation.Update () (at Assets/Scripts/Interaction/CarryableRotation.cs:20)
"
15:06:20.350,ERROR,Unity,"NullReferenceException: Object reference not set to an instance of an object
CarryableRotation.Update () (at Assets/Scripts/Interaction/CarryableRotation.cs:20)
"
15:06:20.363,ERROR,Unity,"NullReferenceException: Object reference not set to an instance of an object
CarryableRotation.Update () (at Assets/Scripts/Interaction/CarryableRotation.cs:20)
"
15:06:20.394,ERROR,Unity,"NullReferenceException: Object reference not set to an instance of an object
CarryableRotation.Update () (at Assets/Scripts/Interaction/CarryableRotation.cs:20)
"
15:06:20.410,ERROR,Unity,"NullReferenceException: Object reference not set to an instance of an object
CarryableRotation.Update () (at Assets/Scripts/Interaction/CarryableRotation.cs:20)
"
15:06:20.441,ERROR,Unity,"NullReferenceException: Object reference not set to an instance of an object
CarryableRotation.Update () (at Assets/Scripts/Interaction/CarryableRotation.cs:20)
"
15:06:20.455,ERROR,Unity,"NullReferenceException: Object reference not set to an instance of an object
CarryableRotation.Update () (at Assets/Scripts/Interaction/CarryableRotation.cs:20)
"
15:06:20.485,ERROR,Unity,"NullReferenceException: Object reference not set to an instance of an object
CarryableRotation.Update () (at Assets/Scripts/Interaction/CarryableRotation.cs:20)
"
15:06:20.500,ERROR,Unity,"NullReferenceException: Object reference not set to an instance of an object
CarryableRotation.Update () (at Assets/Scripts/Interaction/CarryableRotation.cs:20)
"
15:06:20.530,ERROR,Unity,"NullReferenceException: Object reference not set to an instance of an object
CarryableRotation.Update () (at Assets/Scripts/Interaction/CarryableRotation.cs:20)
"
15:06:20.548,ERROR,Unity,"NullReferenceException: Object reference not set to an instance of an object
CarryableRotation.Update () (at Assets/Scripts/Interaction/CarryableRotation.cs:20)
"
15:06:20.578,ERROR,Unity,"NullReferenceException: Object reference not set to an instance of an object
CarryableRotation.Update () (at Assets/Scripts/Interaction/CarryableRotation.cs:20)
"
15:06:20.593,ERROR,Unity,"NullReferenceException: Object reference not set to an instance of an object
CarryableRotation.Update () (at Assets/Scripts/Interaction/CarryableRotation.cs:20)
"
15:06:20.623,ERROR,Unity,"NullReferenceException: Object reference not set to an instance of an object
CarryableRotation.Update () (at Assets/Scripts/Interaction/CarryableRotation.cs:20)
"
15:06:20.638,ERROR,Unity,"NullReferenceException: Object reference not set to an instance of an object
CarryableRotation.Update () (at Assets/Scripts/Interaction/CarryableRotation.cs:20)
"
15:06:20.669,ERROR,Unity,"NullReferenceException: Object reference not set to an instance of an object
CarryableRotation.Update () (at Assets/Scripts/Interaction/CarryableRotation.cs:20)
"
15:06:20.685,ERROR,Unity,"NullReferenceException: Object reference not set to an instance of an object
CarryableRotation.Update () (at Assets/Scripts/Interaction/CarryableRotation.cs:20)
"
15:06:20.715,ERROR,Unity,"NullReferenceException: Object reference not set to an instance of an object
CarryableRotation.Update () (at Assets/Scripts/Interaction/CarryableRotation.cs:20)
"
15:06:20.731,ERROR,Unity,"NullReferenceException: Object reference not set to an instance of an object
CarryableRotation.Update () (at Assets/Scripts/Interaction/CarryableRotation.cs:20)
"
15:06:20.764,ERROR,Unity,"NullReferenceException: Object reference not set to an instance of an object
CarryableRotation.Update () (at Assets/Scripts/Interaction/CarryableRotation.cs:20)
"
15:06:20.797,ERROR,Unity,"NullReferenceException: Object reference not set to an instance of an object
CarryableRotation.Update () (at Assets/Scripts/Interaction/CarryableRotation.cs:20)
"
15:06:20.811,ERROR,Unity,"NullReferenceException: Object reference not set to an instance of an object
CarryableRotation.Update () (at Assets/Scripts/Interaction/CarryableRotation.cs:20)
"
15:06:20.842,ERROR,Unity,"NullReferenceException: Object reference not set to an instance of an object
CarryableRotation.Update () (at Assets/Scripts/Interaction/CarryableRotation.cs:20)
"
15:06:20.857,ERROR,Unity,"NullReferenceException: Object reference not set to an instance of an object
CarryableRotation.Update () (at Assets/Scripts/Interaction/CarryableRotation.cs:20)
"
15:06:20.888,ERROR,Unity,"NullReferenceException: Object reference not set to an instance of an object
CarryableRotation.Update () (at Assets/Scripts/Interaction/CarryableRotation.cs:20)
"
15:06:20.903,ERROR,Unity,"NullReferenceException: Object reference not set to an instance of an object
CarryableRotation.Update () (at Assets/Scripts/Interaction/CarryableRotation.cs:20)
"
15:06:20.934,ERROR,Unity,"NullReferenceException: Object reference not set to an instance of an object
CarryableRotation.Update () (at Assets/Scripts/Interaction/CarryableRotation.cs:20)
"
15:06:20.951,ERROR,Unity,"NullReferenceException: Object reference not set to an instance of an object
CarryableRotation.Update () (at Assets/Scripts/Interaction/CarryableRotation.cs:20)
"
15:06:20.981,ERROR,Unity,"NullReferenceException: Object reference not set to an instance of an object
CarryableRotation.Update () (at Assets/Scripts/Interaction/CarryableRotation.cs:20)
"
15:06:21.002,INFO,Unity,Weight Update =0
15:06:21.003,ERROR,Unity,"NullReferenceException: Object reference not set to an instance of an object
CarryableRotation.Update () (at Assets/Scripts/Interaction/CarryableRotation.cs:20)
"
15:06:21.034,ERROR,Unity,"NullReferenceException: Object reference not set to an instance of an object
CarryableRotation.Update () (at Assets/Scripts/Interaction/CarryableRotation.cs:20)
"
15:06:21.069,ERROR,Unity,"NullReferenceException: Object reference not set to an instance of an object
CarryableRotation.Update () (at Assets/Scripts/Interaction/CarryableRotation.cs:20)
"
15:06:21.102,ERROR,Unity,"NullReferenceException: Object reference not set to an instance of an object
CarryableRotation.Update () (at Assets/Scripts/Interaction/CarryableRotation.cs:20)
"
15:06:21.137,ERROR,Unity,"NullReferenceException: Object reference not set to an instance of an object
CarryableRotation.Update () (at Assets/Scripts/Interaction/CarryableRotation.cs:20)
"
15:06:21.175,ERROR,Unity,"NullReferenceException: Object reference not set to an instance of an object
CarryableRotation.Update () (at Assets/Scripts/Interaction/CarryableRotation.cs:20)
"
15:06:21.204,ERROR,Unity,"NullReferenceException: Object reference not set to an instance of an object
CarryableRotation.Update () (at Assets/Scripts/Interaction/CarryableRotation.cs:20)
"
15:06:21.220,ERROR,Unity,"NullReferenceException: Object reference not set to an instance of an object
CarryableRotation.Update () (at Assets/Scripts/Interaction/CarryableRotation.cs:20)
"
15:06:21.250,ERROR,Unity,"NullReferenceException: Object reference not set to an instance of an object
CarryableRotation.Update () (at Assets/Scripts/Interaction/CarryableRotation.cs:20)
"
15:06:21.265,ERROR,Unity,"NullReferenceException: Object reference not set to an instance of an object
CarryableRotation.Update () (at Assets/Scripts/Interaction/CarryableRotation.cs:20)
"
15:06:21.297,ERROR,Unity,"NullReferenceException: Object reference not set to an instance of an object
CarryableRotation.Update () (at Assets/Scripts/Interaction/CarryableRotation.cs:20)
"
15:06:21.312,ERROR,Unity,"NullReferenceException: Object reference not set to an instance of an object
CarryableRotation.Update () (at Assets/Scripts/Interaction/CarryableRotation.cs:20)
"
15:06:21.342,ERROR,Unity,"NullReferenceException: Object reference not set to an instance of an object
CarryableRotation.Update () (at Assets/Scripts/Interaction/CarryableRotation.cs:20)
"
15:06:21.359,ERROR,Unity,"NullReferenceException: Object reference not set to an instance of an object
CarryableRotation.Update () (at Assets/Scripts/Interaction/CarryableRotation.cs:20)
"
15:06:21.390,ERROR,Unity,"NullReferenceException: Object reference not set to an instance of an object
CarryableRotation.Update () (at Assets/Scripts/Interaction/CarryableRotation.cs:20)
"
15:06:21.404,ERROR,Unity,"NullReferenceException: Object reference not set to an instance of an object
CarryableRotation.Update () (at Assets/Scripts/Interaction/CarryableRotation.cs:20)
"
15:06:21.435,ERROR,Unity,"NullReferenceException: Object reference not set to an instance of an object
CarryableRotation.Update () (at Assets/Scripts/Interaction/CarryableRotation.cs:20)
"
15:06:21.450,ERROR,Unity,"NullReferenceException: Object reference not set to an instance of an object
CarryableRotation.Update () (at Assets/Scripts/Interaction/CarryableRotation.cs:20)
"
15:06:21.482,ERROR,Unity,"NullReferenceException: Object reference not set to an instance of an object
CarryableRotation.Update () (at Assets/Scripts/Interaction/CarryableRotation.cs:20)
"
15:06:21.497,ERROR,Unity,"NullReferenceException: Object reference not set to an instance of an object
CarryableRotation.Update () (at Assets/Scripts/Interaction/CarryableRotation.cs:20)
"
15:06:21.527,ERROR,Unity,"NullReferenceException: Object reference not set to an instance of an object
CarryableRotation.Update () (at Assets/Scripts/Interaction/CarryableRotation.cs:20)
"
15:06:21.542,ERROR,Unity,"NullReferenceException: Object reference not set to an instance of an object
CarryableRotation.Update () (at Assets/Scripts/Interaction/CarryableRotation.cs:20)
"
15:06:21.579,ERROR,Unity,"NullReferenceException: Object reference not set to an instance of an object
CarryableRotation.Update () (at Assets/Scripts/Interaction/CarryableRotation.cs:20)
"
15:06:21.614,ERROR,Unity,"NullReferenceException: Object reference not set to an instance of an object
CarryableRotation.Update () (at Assets/Scripts/Interaction/CarryableRotation.cs:20)
"
15:06:21.645,ERROR,Unity,"NullReferenceException: Object reference not set to an instance of an object
CarryableRotation.Update () (at Assets/Scripts/Interaction/CarryableRotation.cs:20)
"
15:06:21.660,ERROR,Unity,"NullReferenceException: Object reference not set to an instance of an object
CarryableRotation.Update () (at Assets/Scripts/Interaction/CarryableRotation.cs:20)
"
15:06:21.690,ERROR,Unity,"NullReferenceException: Object reference not set to an instance of an object
CarryableRotation.Update () (at Assets/Scripts/Interaction/CarryableRotation.cs:20)
"
15:06:21.706,ERROR,Unity,"NullReferenceException: Object reference not set to an instance of an object
CarryableRotation.Update () (at Assets/Scripts/Interaction/CarryableRotation.cs:20)
"
15:06:21.736,ERROR,Unity,"NullReferenceException: Object reference not set to an instance of an object
CarryableRotation.Update () (at Assets/Scripts/Interaction/CarryableRotation.cs:20)
"
15:06:21.751,ERROR,Unity,"NullReferenceException: Object reference not set to an instance of an object
CarryableRotation.Update () (at Assets/Scripts/Interaction/CarryableRotation.cs:20)
"
15:06:21.783,ERROR,Unity,"NullReferenceException: Object reference not set to an instance of an object
CarryableRotation.Update () (at Assets/Scripts/Interaction/CarryableRotation.cs:20)
"
15:06:21.798,ERROR,Unity,"NullReferenceException: Object reference not set to an instance of an object
CarryableRotation.Update () (at Assets/Scripts/Interaction/CarryableRotation.cs:20)
"
15:06:21.830,ERROR,Unity,"NullReferenceException: Object reference not set to an instance of an object
CarryableRotation.Update () (at Assets/Scripts/Interaction/CarryableRotation.cs:20)
"
15:06:21.847,ERROR,Unity,"NullReferenceException: Object reference not set to an instance of an object
CarryableRotation.Update () (at Assets/Scripts/Interaction/CarryableRotation.cs:20)
"
15:06:21.876,ERROR,Unity,"NullReferenceException: Object reference not set to an instance of an object
CarryableRotation.Update () (at Assets/Scripts/Interaction/CarryableRotation.cs:20)
"
15:06:21.892,ERROR,Unity,"NullReferenceException: Object reference not set to an instance of an object
CarryableRotation.Update () (at Assets/Scripts/Interaction/CarryableRotation.cs:20)
"
15:06:21.922,ERROR,Unity,"NullReferenceException: Object reference not set to an instance of an object
CarryableRotation.Update () (at Assets/Scripts/Interaction/CarryableRotation.cs:20)
"
15:06:21.938,ERROR,Unity,"NullReferenceException: Object reference not set to an instance of an object
CarryableRotation.Update () (at Assets/Scripts/Interaction/CarryableRotation.cs:20)
"
15:06:21.968,ERROR,Unity,"NullReferenceException: Object reference not set to an instance of an object
CarryableRotation.Update () (at Assets/Scripts/Interaction/CarryableRotation.cs:20)
"
15:06:21.985,ERROR,Unity,"NullReferenceException: Object reference not set to an instance of an object
CarryableRotation.Update () (at Assets/Scripts/Interaction/CarryableRotation.cs:20)
"
15:06:22.015,ERROR,Unity,"NullReferenceException: Object reference not set to an instance of an object
CarryableRotation.Update () (at Assets/Scripts/Interaction/CarryableRotation.cs:20)
"
15:06:22.030,ERROR,Unity,"NullReferenceException: Object reference not set to an instance of an object
CarryableRotation.Update () (at Assets/Scripts/Interaction/CarryableRotation.cs:20)
"
15:06:22.061,ERROR,Unity,"NullReferenceException: Object reference not set to an instance of an object
CarryableRotation.Update () (at Assets/Scripts/Interaction/CarryableRotation.cs:20)
"
15:06:22.076,ERROR,Unity,"NullReferenceException: Object reference not set to an instance of an object
CarryableRotation.Update () (at Assets/Scripts/Interaction/CarryableRotation.cs:20)
"
15:06:22.110,ERROR,Unity,"NullReferenceException: Object reference not set to an instance of an object
CarryableRotation.Update () (at Assets/Scripts/Interaction/CarryableRotation.cs:20)
"
15:06:22.141,ERROR,Unity,"NullReferenceException: Object reference not set to an instance of an object
CarryableRotation.Update () (at Assets/Scripts/Interaction/CarryableRotation.cs:20)
"
15:06:22.156,ERROR,Unity,"NullReferenceException: Object reference not set to an instance of an object
CarryableRotation.Update () (at Assets/Scripts/Interaction/CarryableRotation.cs:20)
"
15:06:22.186,ERROR,Unity,"NullReferenceException: Object reference not set to an instance of an object
CarryableRotation.Update () (at Assets/Scripts/Interaction/CarryableRotation.cs:20)
"
15:06:22.203,ERROR,Unity,"NullReferenceException: Object reference not set to an instance of an object
CarryableRotation.Update () (at Assets/Scripts/Interaction/CarryableRotation.cs:20)
"
15:06:22.234,ERROR,Unity,"NullReferenceException: Object reference not set to an instance of an object
CarryableRotation.Update () (at Assets/Scripts/Interaction/CarryableRotation.cs:20)
"
15:06:22.249,ERROR,Unity,"NullReferenceException: Object reference not set to an instance of an object
CarryableRotation.Update () (at Assets/Scripts/Interaction/CarryableRotation.cs:20)
"
15:06:22.279,ERROR,Unity,"NullReferenceException: Object reference not set to an instance of an object
CarryableRotation.Update () (at Assets/Scripts/Interaction/CarryableRotation.cs:20)
"
15:06:22.294,ERROR,Unity,"NullReferenceException: Object reference not set to an instance of an object
CarryableRotation.Update () (at Assets/Scripts/Interaction/CarryableRotation.cs:20)
"
15:06:22.325,ERROR,Unity,"NullReferenceException: Object reference not set to an instance of an object
CarryableRotation.Update () (at Assets/Scripts/Interaction/CarryableRotation.cs:20)
"
15:06:22.340,ERROR,Unity,"NullReferenceException: Object reference not set to an instance of an object
CarryableRotation.Update () (at Assets/Scripts/Interaction/CarryableRotation.cs:20)
"
15:06:22.369,ERROR,Unity,"NullReferenceException: Object reference not set to an instance of an object
CarryableRotation.Update () (at Assets/Scripts/Interaction/CarryableRotation.cs:20)
"
15:06:22.384,ERROR,Unity,"NullReferenceException: Object reference not set to an instance of an object
CarryableRotation.Update () (at Assets/Scripts/Interaction/CarryableRotation.cs:20)
"
15:06:22.416,ERROR,Unity,"NullReferenceException: Object reference not set to an instance of an object
CarryableRotation.Update () (at Assets/Scripts/Interaction/CarryableRotation.cs:20)
"
15:06:22.434,ERROR,Unity,"NullReferenceException: Object reference not set to an instance of an object
CarryableRotation.Update () (at Assets/Scripts/Interaction/CarryableRotation.cs:20)
"
15:06:22.465,ERROR,Unity,"NullReferenceException: Object reference not set to an instance of an object
CarryableRotation.Update () (at Assets/Scripts/Interaction/CarryableRotation.cs:20)
"
15:06:22.480,ERROR,Unity,"NullReferenceException: Object reference not set to an instance of an object
CarryableRotation.Update () (at Assets/Scripts/Interaction/CarryableRotation.cs:20)
"
15:06:22.509,ERROR,Unity,"NullReferenceException: Object reference not set to an instance of an object
CarryableRotation.Update () (at Assets/Scripts/Interaction/CarryableRotation.cs:20)
"
15:06:22.524,ERROR,Unity,"NullReferenceException: Object reference not set to an instance of an object
CarryableRotation.Update () (at Assets/Scripts/Interaction/CarryableRotation.cs:20)
"
15:06:22.556,ERROR,Unity,"NullReferenceException: Object reference not set to an instance of an object
CarryableRotation.Update () (at Assets/Scripts/Interaction/CarryableRotation.cs:20)
"
15:06:22.573,ERROR,Unity,"NullReferenceException: Object reference not set to an instance of an object
CarryableRotation.Update () (at Assets/Scripts/Interaction/CarryableRotation.cs:20)
"
15:06:22.603,ERROR,Unity,"NullReferenceException: Object reference not set to an instance of an object
CarryableRotation.Update () (at Assets/Scripts/Interaction/CarryableRotation.cs:20)
"
15:06:22.619,ERROR,Unity,"NullReferenceException: Object reference not set to an instance of an object
CarryableRotation.Update () (at Assets/Scripts/Interaction/CarryableRotation.cs:20)
"
15:06:22.651,ERROR,Unity,"NullReferenceException: Object reference not set to an instance of an object
CarryableRotation.Update () (at Assets/Scripts/Interaction/CarryableRotation.cs:20)
"
15:06:22.667,ERROR,Unity,"NullReferenceException: Object reference not set to an instance of an object
CarryableRotation.Update () (at Assets/Scripts/Interaction/CarryableRotation.cs:20)
"
15:06:22.704,DEBUG,BathController,����ũ�� �۵���Ű�� ������ ���� ä��� �����޻�
15:06:22.706,ERROR,Unity,"NullReferenceException: Object reference not set to an instance of an object
CarryableRotation.Update () (at Assets/Scripts/Interaction/CarryableRotation.cs:20)
"
15:06:22.740,ERROR,Unity,"NullReferenceException: Object reference not set to an instance of an object
CarryableRotation.Update () (at Assets/Scripts/Interaction/CarryableRotation.cs:20)
"
15:06:22.772,DEBUG,ShowerMimic,재료 배치 완료: DirtyMimic
15:06:22.774,ERROR,Unity,"NullReferenceException: Object reference not set to an instance of an object
CarryableRotation.Update () (at Assets/Scripts/Interaction/CarryableRotation.cs:20)
"
15:06:22.789,ERROR,Unity,"NullReferenceException: Object reference not set to an instance of an object
CarryableRotation.Update () (at Assets/Scripts/Interaction/CarryableRotation.cs:20)
"
15:06:22.823,ERROR,Unity,"NullReferenceException: Object reference not set to an instance of an object
CarryableRotation.Update () (at Assets/Scripts/Interaction/CarryableRotation.cs:20)
"
15:06:22.873,ERROR,Unity,"NullReferenceException: Object reference not set to an instance of an object
CarryableRotation.Update () (at Assets/Scripts/Interaction/CarryableRotation.cs:20)
"
15:06:22.909,ERROR,Unity,"NullReferenceException: Object reference not set to an instance of an object
CarryableRotation.Update () (at Assets/Scripts/Interaction/CarryableRotation.cs:20)
"
15:06:22.940,ERROR,Unity,"NullReferenceException: Object reference not set to an instance of an object
CarryableRotation.Update () (at Assets/Scripts/Interaction/CarryableRotation.cs:20)
"
15:06:22.955,ERROR,Unity,"NullReferenceException: Object reference not set to an instance of an object
CarryableRotation.Update () (at Assets/Scripts/Interaction/CarryableRotation.cs:20)
"
15:06:22.988,ERROR,Unity,"NullReferenceException: Object reference not set to an instance of an object
CarryableRotation.Update () (at Assets/Scripts/Interaction/CarryableRotation.cs:20)
"
15:06:23.019,ERROR,Unity,"NullReferenceException: Object reference not set to an instance of an object
CarryableRotation.Update () (at Assets/Scripts/Interaction/CarryableRotation.cs:20)
"
15:06:23.051,ERROR,Unity,"NullReferenceException: Object reference not set to an instance of an object
CarryableRotation.Update () (at Assets/Scripts/Interaction/CarryableRotation.cs:20)
"
15:06:23.068,ERROR,Unity,"NullReferenceException: Object reference not set to an instance of an object
CarryableRotation.Update () (at Assets/Scripts/Interaction/CarryableRotation.cs:20)
"
15:06:23.100,ERROR,Unity,"NullReferenceException: Object reference not set to an instance of an object
CarryableRotation.Update () (at Assets/Scripts/Interaction/CarryableRotation.cs:20)
"
15:06:23.115,ERROR,Unity,"NullReferenceException: Object reference not set to an instance of an object
CarryableRotation.Update () (at Assets/Scripts/Interaction/CarryableRotation.cs:20)
"
15:06:23.146,ERROR,Unity,"NullReferenceException: Object reference not set to an instance of an object
CarryableRotation.Update () (at Assets/Scripts/Interaction/CarryableRotation.cs:20)
"
15:06:23.176,ERROR,Unity,"NullReferenceException: Object reference not set to an instance of an object
CarryableRotation.Update () (at Assets/Scripts/Interaction/CarryableRotation.cs:20)
"
15:06:23.207,ERROR,Unity,"NullReferenceException: Object reference not set to an instance of an object
CarryableRotation.Update () (at Assets/Scripts/Interaction/CarryableRotation.cs:20)
"
15:06:23.222,ERROR,Unity,"NullReferenceException: Object reference not set to an instance of an object
CarryableRotation.Update () (at Assets/Scripts/Interaction/CarryableRotation.cs:20)
"
15:06:23.253,ERROR,Unity,"NullReferenceException: Object reference not set to an instance of an object
CarryableRotation.Update () (at Assets/Scripts/Interaction/CarryableRotation.cs:20)
"
15:06:23.271,ERROR,Unity,"NullReferenceException: Object reference not set to an instance of an object
CarryableRotation.Update () (at Assets/Scripts/Interaction/CarryableRotation.cs:20)
"
15:06:23.302,ERROR,Unity,"NullReferenceException: Object reference not set to an instance of an object
CarryableRotation.Update () (at Assets/Scripts/Interaction/CarryableRotation.cs:20)
"
15:06:23.333,ERROR,Unity,"NullReferenceException: Object reference not set to an instance of an object
CarryableRotation.Update () (at Assets/Scripts/Interaction/CarryableRotation.cs:20)
"
15:06:23.365,ERROR,Unity,"NullReferenceException: Object reference not set to an instance of an object
CarryableRotation.Update () (at Assets/Scripts/Interaction/CarryableRotation.cs:20)
"
15:06:23.379,ERROR,Unity,"NullReferenceException: Object reference not set to an instance of an object
CarryableRotation.Update () (at Assets/Scripts/Interaction/CarryableRotation.cs:20)
"
15:06:23.411,ERROR,Unity,"NullReferenceException: Object reference not set to an instance of an object
CarryableRotation.Update () (at Assets/Scripts/Interaction/CarryableRotation.cs:20)
"
15:06:23.426,ERROR,Unity,"NullReferenceException: Object reference not set to an instance of an object
CarryableRotation.Update () (at Assets/Scripts/Interaction/CarryableRotation.cs:20)
"
15:06:23.458,ERROR,Unity,"NullReferenceException: Object reference not set to an instance of an object
CarryableRotation.Update () (at Assets/Scripts/Interaction/CarryableRotation.cs:20)
"
15:06:23.492,ERROR,Unity,"NullReferenceException: Object reference not set to an instance of an object
CarryableRotation.Update () (at Assets/Scripts/Interaction/CarryableRotation.cs:20)
"
15:06:23.524,ERROR,Unity,"NullReferenceException: Object reference not set to an instance of an object
CarryableRotation.Update () (at Assets/Scripts/Interaction/CarryableRotation.cs:20)
"
15:06:23.539,ERROR,Unity,"NullReferenceException: Object reference not set to an instance of an object
CarryableRotation.Update () (at Assets/Scripts/Interaction/CarryableRotation.cs:20)
"
15:06:23.569,ERROR,Unity,"NullReferenceException: Object reference not set to an instance of an object
CarryableRotation.Update () (at Assets/Scripts/Interaction/CarryableRotation.cs:20)
"
15:06:23.586,ERROR,Unity,"NullReferenceException: Object reference not set to an instance of an object
CarryableRotation.Update () (at Assets/Scripts/Interaction/CarryableRotation.cs:20)
"
15:06:23.618,ERROR,Unity,"NullReferenceException: Object reference not set to an instance of an object
CarryableRotation.Update () (at Assets/Scripts/Interaction/CarryableRotation.cs:20)
"
15:06:23.650,ERROR,Unity,"NullReferenceException: Object reference not set to an instance of an object
CarryableRotation.Update () (at Assets/Scripts/Interaction/CarryableRotation.cs:20)
"
15:06:23.680,ERROR,Unity,"NullReferenceException: Object reference not set to an instance of an object
CarryableRotation.Update () (at Assets/Scripts/Interaction/CarryableRotation.cs:20)
"
15:06:23.698,ERROR,Unity,"NullReferenceException: Object reference not set to an instance of an object
CarryableRotation.Update () (at Assets/Scripts/Interaction/CarryableRotation.cs:20)
"
15:06:23.729,ERROR,Unity,"NullReferenceException: Object reference not set to an instance of an object
CarryableRotation.Update () (at Assets/Scripts/Interaction/CarryableRotation.cs:20)
"
15:06:23.747,ERROR,Unity,"NullReferenceException: Object reference not set to an instance of an object
CarryableRotation.Update () (at Assets/Scripts/Interaction/CarryableRotation.cs:20)
"
15:06:23.779,ERROR,Unity,"NullReferenceException: Object reference not set to an instance of an object
CarryableRotation.Update () (at Assets/Scripts/Interaction/CarryableRotation.cs:20)
"
15:06:23.816,ERROR,Unity,"NullReferenceException: Object reference not set to an instance of an object
CarryableRotation.Update () (at Assets/Scripts/Interaction/CarryableRotation.cs:20)
"
15:06:23.852,ERROR,Unity,"NullReferenceException: Object reference not set to an instance of an object
CarryableRotation.Update () (at Assets/Scripts/Interaction/CarryableRotation.cs:20)
"
15:06:23.884,ERROR,Unity,"NullReferenceException: Object reference not set to an instance of an object
CarryableRotation.Update () (at Assets/Scripts/Interaction/CarryableRotation.cs:20)
"
15:06:23.903,ERROR,Unity,"NullReferenceException: Object reference not set to an instance of an object
CarryableRotation.Update () (at Assets/Scripts/Interaction/CarryableRotation.cs:20)
"
15:06:23.935,DEBUG,BathController,�̹� �� ���� ��
15:06:23.937,DEBUG,PlayerCarrying,집기 조작샴푸 (UnityEngine.BoxCollider2D)
15:06:23.937,INFO,Unity,_focus is null
15:06:23.938,INFO,Unity,Weight Update =0
15:06:23.939,INFO,Unity,Weight Update2 =1
15:06:23.939,ERROR,Unity,"NullReferenceException: Object reference not set to an instance of an object
CarryableRotation.Update () (at Assets/Scripts/Interaction/CarryableRotation.cs:20)
"
15:06:23.973,ERROR,Unity,"NullReferenceException: Object reference not set to an instance of an object
CarryableRotation.Update () (at Assets/Scripts/Interaction/CarryableRotation.cs:20)
"
15:06:24.003,ERROR,Unity,"NullReferenceException: Object reference not set to an instance of an object
CarryableRotation.Update () (at Assets/Scripts/Interaction/CarryableRotation.cs:20)
"
15:06:24.019,ERROR,Unity,"NullReferenceException: Object reference not set to an instance of an object
CarryableRotation.Update () (at Assets/Scripts/Interaction/CarryableRotation.cs:20)
"
15:06:24.050,ERROR,Unity,"NullReferenceException: Object reference not set to an instance of an object
CarryableRotation.Update () (at Assets/Scripts/Interaction/CarryableRotation.cs:20)
"
15:06:24.067,ERROR,Unity,"NullReferenceException: Object reference not set to an instance of an object
CarryableRotation.Update () (at Assets/Scripts/Interaction/CarryableRotation.cs:20)
"
15:06:24.097,ERROR,Unity,"NullReferenceException: Object reference not set to an instance of an object
CarryableRotation.Update () (at Assets/Scripts/Interaction/CarryableRotation.cs:20)
"
15:06:24.132,ERROR,Unity,"NullReferenceException: Object reference not set to an instance of an object
CarryableRotation.Update () (at Assets/Scripts/Interaction/CarryableRotation.cs:20)
"
15:06:24.163,ERROR,Unity,"NullReferenceException: Object reference not set to an instance of an object
CarryableRotation.Update () (at Assets/Scripts/Interaction/CarryableRotation.cs:20)
"
15:06:24.178,ERROR,Unity,"NullReferenceException: Object reference not set to an instance of an object
CarryableRotation.Update () (at Assets/Scripts/Interaction/CarryableRotation.cs:20)
"
15:06:24.209,ERROR,Unity,"NullReferenceException: Object reference not set to an instance of an object
CarryableRotation.Update () (at Assets/Scripts/Interaction/CarryableRotation.cs:20)
"
15:06:24.224,ERROR,Unity,"NullReferenceException: Object reference not set to an instance of an object
CarryableRotation.Update () (at Assets/Scripts/Interaction/CarryableRotation.cs:20)
"
15:06:24.254,ERROR,Unity,"NullReferenceException: Object reference not set to an instance of an object
CarryableRotation.Update () (at Assets/Scripts/Interaction/CarryableRotation.cs:20)
"
15:06:24.286,ERROR,Unity,"NullReferenceException: Object reference not set to an instance of an object
CarryableRotation.Update () (at Assets/Scripts/Interaction/CarryableRotation.cs:20)
"
15:06:24.317,ERROR,Unity,"NullReferenceException: Object reference not set to an instance of an object
CarryableRotation.Update () (at Assets/Scripts/Interaction/CarryableRotation.cs:20)
"
15:06:24.335,ERROR,Unity,"NullReferenceException: Object reference not set to an instance of an object
CarryableRotation.Update () (at Assets/Scripts/Interaction/CarryableRotation.cs:20)
"
15:06:24.366,ERROR,Unity,"NullReferenceException: Object reference not set to an instance of an object
CarryableRotation.Update () (at Assets/Scripts/Interaction/CarryableRotation.cs:20)
"
15:06:24.382,ERROR,Unity,"NullReferenceException: Object reference not set to an instance of an object
CarryableRotation.Update () (at Assets/Scripts/Interaction/CarryableRotation.cs:20)
"
15:06:24.412,ERROR,Unity,"NullReferenceException: Object reference not set to an instance of an object
CarryableRotation.Update () (at Assets/Scripts/Interaction/CarryableRotation.cs:20)
"
15:06:24.443,ERROR,Unity,"NullReferenceException: Object reference not set to an instance of an object
CarryableRotation.Update () (at Assets/Scripts/Interaction/CarryableRotation.cs:20)
"
15:06:24.475,ERROR,Unity,"NullReferenceException: Object reference not set to an instance of an object
CarryableRotation.Update () (at Assets/Scripts/Interaction/CarryableRotation.cs:20)
"
15:06:24.489,ERROR,Unity,"NullReferenceException: Object reference not set to an instance of an object
CarryableRotation.Update () (at Assets/Scripts/Interaction/CarryableRotation.cs:20)
"
15:06:24.520,ERROR,Unity,"NullReferenceException: Object reference not set to an instance of an object
CarryableRotation.Update () (at Assets/Scripts/Interaction/CarryableRotation.cs:20)
"
15:06:24.538,ERROR,Unity,"NullReferenceException: Object reference not set to an instance of an object
CarryableRotation.Update () (at Assets/Scripts/Interaction/CarryableRotation.cs:20)
"
15:06:24.569,ERROR,Unity,"NullReferenceException: Object reference not set to an instance of an object
CarryableRotation.Update () (at Assets/Scripts/Interaction/CarryableRotation.cs:20)
"
15:06:24.600,ERROR,Unity,"NullReferenceException: Object reference not set to an instance of an object
CarryableRotation.Update () (at Assets/Scripts/Interaction/CarryableRotation.cs:20)
"
15:06:24.630,ERROR,Unity,"NullReferenceException: Object reference not set to an instance of an object
CarryableRotation.Update () (at Assets/Scripts/Interaction/CarryableRotation.cs:20)
"
15:06:24.646,ERROR,Unity,"NullReferenceException: Object reference not set to an instance of an object
CarryableRotation.Update () (at Assets/Scripts/Interaction/CarryableRotation.cs:20)
"
15:06:24.677,ERROR,Unity,"NullReferenceException: Object reference not set to an instance of an object
CarryableRotation.Update () (at Assets/Scripts/Interaction/CarryableRotation.cs:20)
"
15:06:24.692,ERROR,Unity,"NullReferenceException: Object reference not set to an instance of an object
CarryableRotation.Update () (at Assets/Scripts/Interaction/CarryableRotation.cs:20)
"
15:06:24.724,INFO,Unity,Weight Update =0
15:06:24.725,ERROR,Unity,"NullReferenceException: Object reference not set to an instance of an object
CarryableRotation.Update () (at Assets/Scripts/Interaction/CarryableRotation.cs:20)
"
15:06:24.761,ERROR,Unity,"NullReferenceException: Object reference not set to an instance of an object
CarryableRotation.Update () (at Assets/Scripts/Interaction/CarryableRotation.cs:20)
"
15:06:24.796,ERROR,Unity,"NullReferenceException: Object reference not set to an instance of an object
CarryableRotation.Update () (at Assets/Scripts/Interaction/CarryableRotation.cs:20)
"
15:06:24.830,ERROR,Unity,"NullReferenceException: Object reference not set to an instance of an object
CarryableRotation.Update () (at Assets/Scripts/Interaction/CarryableRotation.cs:20)
"
15:06:24.861,ERROR,Unity,"NullReferenceException: Object reference not set to an instance of an object
CarryableRotation.Update () (at Assets/Scripts/Interaction/CarryableRotation.cs:20)
"
15:06:24.878,ERROR,Unity,"NullReferenceException: Object reference not set to an instance of an object
CarryableRotation.Update () (at Assets/Scripts/Interaction/CarryableRotation.cs:20)
"
15:06:24.912,ERROR,Unity,"NullReferenceException: Object reference not set to an instance of an object
CarryableRotation.Update () (at Assets/Scripts/Interaction/CarryableRotation.cs:20)
"
15:06:24.946,ERROR,Unity,"NullReferenceException: Object reference not set to an instance of an object
CarryableRotation.Update () (at Assets/Scripts/Interaction/CarryableRotation.cs:20)
"
15:06:24.979,ERROR,Unity,"NullReferenceException: Object reference not set to an instance of an object
CarryableRotation.Update () (at Assets/Scripts/Interaction/CarryableRotation.cs:20)
"
15:06:25.010,ERROR,Unity,"NullReferenceException: Object reference not set to an instance of an object
CarryableRotation.Update () (at Assets/Scripts/Interaction/CarryableRotation.cs:20)
"
15:06:25.026,ERROR,Unity,"NullReferenceException: Object reference not set to an instance of an object
CarryableRotation.Update () (at Assets/Scripts/Interaction/CarryableRotation.cs:20)
"
15:06:25.056,ERROR,Unity,"NullReferenceException: Object reference not set to an instance of an object
CarryableRotation.Update () (at Assets/Scripts/Interaction/CarryableRotation.cs:20)
"
15:06:25.087,ERROR,Unity,"NullReferenceException: Object reference not set to an instance of an object
CarryableRotation.Update () (at Assets/Scripts/Interaction/CarryableRotation.cs:20)
"
15:06:25.119,ERROR,Unity,"NullReferenceException: Object reference not set to an instance of an object
CarryableRotation.Update () (at Assets/Scripts/Interaction/CarryableRotation.cs:20)
"
15:06:25.135,ERROR,Unity,"NullReferenceException: Object reference not set to an instance of an object
CarryableRotation.Update () (at Assets/Scripts/Interaction/CarryableRotation.cs:20)
"
15:06:25.166,ERROR,Unity,"NullReferenceException: Object reference not set to an instance of an object
CarryableRotation.Update () (at Assets/Scripts/Interaction/CarryableRotation.cs:20)
"
15:06:25.182,ERROR,Unity,"NullReferenceException: Object reference not set to an instance of an object
CarryableRotation.Update () (at Assets/Scripts/Interaction/CarryableRotation.cs:20)
"
15:06:25.214,ERROR,Unity,"NullReferenceException: Object reference not set to an instance of an object
CarryableRotation.Update () (at Assets/Scripts/Interaction/CarryableRotation.cs:20)
"
15:06:25.233,ERROR,Unity,"NullReferenceException: Object reference not set to an instance of an object
CarryableRotation.Update () (at Assets/Scripts/Interaction/CarryableRotation.cs:20)
"
15:06:25.266,ERROR,Unity,"NullReferenceException: Object reference not set to an instance of an object
CarryableRotation.Update () (at Assets/Scripts/Interaction/CarryableRotation.cs:20)
"
15:06:25.296,ERROR,Unity,"NullReferenceException: Object reference not set to an instance of an object
CarryableRotation.Update () (at Assets/Scripts/Interaction/CarryableRotation.cs:20)
"
15:06:25.313,ERROR,Unity,"NullReferenceException: Object reference not set to an instance of an object
CarryableRotation.Update () (at Assets/Scripts/Interaction/CarryableRotation.cs:20)
"
15:06:25.343,ERROR,Unity,"NullReferenceException: Object reference not set to an instance of an object
CarryableRotation.Update () (at Assets/Scripts/Interaction/CarryableRotation.cs:20)
"
15:06:25.359,ERROR,Unity,"NullReferenceException: Object reference not set to an instance of an object
CarryableRotation.Update () (at Assets/Scripts/Interaction/CarryableRotation.cs:20)
"
15:06:25.391,ERROR,Unity,"NullReferenceException: Object reference not set to an instance of an object
CarryableRotation.Update () (at Assets/Scripts/Interaction/CarryableRotation.cs:20)
"
15:06:25.425,ERROR,Unity,"NullReferenceException: Object reference not set to an instance of an object
CarryableRotation.Update () (at Assets/Scripts/Interaction/CarryableRotation.cs:20)
"
15:06:25.454,ERROR,Unity,"NullReferenceException: Object reference not set to an instance of an object
CarryableRotation.Update () (at Assets/Scripts/Interaction/CarryableRotation.cs:20)
"
15:06:25.470,ERROR,Unity,"NullReferenceException: Object reference not set to an instance of an object
CarryableRotation.Update () (at Assets/Scripts/Interaction/CarryableRotation.cs:20)
"
15:06:25.502,ERROR,Unity,"NullReferenceException: Object reference not set to an instance of an object
CarryableRotation.Update () (at Assets/Scripts/Interaction/CarryableRotation.cs:20)
"
15:06:25.518,ERROR,Unity,"NullReferenceException: Object reference not set to an instance of an object
CarryableRotation.Update () (at Assets/Scripts/Interaction/CarryableRotation.cs:20)
"
15:06:25.548,DEBUG,ShowerMimic,재료 배치 완료: Shampoo
15:06:25.550,DEBUG,ShowerMimic,조합 완료! 결과 생성 절차를 시작합니다...
15:06:25.552,ERROR,Unity,"NullReferenceException: Object reference not set to an instance of an object
CarryableRotation.Update () (at Assets/Scripts/Interaction/CarryableRotation.cs:20)
"
15:06:25.584,ERROR,Unity,"NullReferenceException: Object reference not set to an instance of an object
CarryableRotation.Update () (at Assets/Scripts/Interaction/CarryableRotation.cs:20)
"
15:06:25.618,ERROR,Unity,"NullReferenceException: Object reference not set to an instance of an object
CarryableRotation.Update () (at Assets/Scripts/Interaction/CarryableRotation.cs:20)
"
15:06:25.672,INFO,Unity,Weight Update =0
15:06:25.673,ERROR,Unity,"NullReferenceException: Object reference not set to an instance of an object
CarryableRotation.Update () (at Assets/Scripts/Interaction/CarryableRotation.cs:20)
"
15:06:25.709,ERROR,Unity,"NullReferenceException: Object reference not set to an instance of an object
CarryableRotation.Update () (at Assets/Scripts/Interaction/CarryableRotation.cs:20)
"
15:06:25.743,ERROR,Unity,"NullReferenceException: Object reference not set to an instance of an object
CarryableRotation.Update () (at Assets/Scripts/Interaction/CarryableRotation.cs:20)
"
15:06:25.780,ERROR,Unity,"NullReferenceException: Object reference not set to an instance of an object
CarryableRotation.Update () (at Assets/Scripts/Interaction/CarryableRotation.cs:20)
"
15:06:25.811,ERROR,Unity,"NullReferenceException: Object reference not set to an instance of an object
CarryableRotation.Update () (at Assets/Scripts/Interaction/CarryableRotation.cs:20)
"
15:06:25.844,ERROR,Unity,"NullReferenceException: Object reference not set to an instance of an object
CarryableRotation.Update () (at Assets/Scripts/Interaction/CarryableRotation.cs:20)
"
15:06:25.878,ERROR,Unity,"NullReferenceException: Object reference not set to an instance of an object
CarryableRotation.Update () (at Assets/Scripts/Interaction/CarryableRotation.cs:20)
"
15:06:25.911,ERROR,Unity,"NullReferenceException: Object reference not set to an instance of an object
CarryableRotation.Update () (at Assets/Scripts/Interaction/CarryableRotation.cs:20)
"
15:06:25.941,ERROR,Unity,"NullReferenceException: Object reference not set to an instance of an object
CarryableRotation.Update () (at Assets/Scripts/Interaction/CarryableRotation.cs:20)
"
15:06:25.974,ERROR,Unity,"NullReferenceException: Object reference not set to an instance of an object
CarryableRotation.Update () (at Assets/Scripts/Interaction/CarryableRotation.cs:20)
"
15:06:26.005,ERROR,Unity,"NullReferenceException: Object reference not set to an instance of an object
CarryableRotation.Update () (at Assets/Scripts/Interaction/CarryableRotation.cs:20)
"
15:06:26.036,ERROR,Unity,"NullReferenceException: Object reference not set to an instance of an object
CarryableRotation.Update () (at Assets/Scripts/Interaction/CarryableRotation.cs:20)
"
15:06:26.065,ERROR,Unity,"NullReferenceException: Object reference not set to an instance of an object
CarryableRotation.Update () (at Assets/Scripts/Interaction/CarryableRotation.cs:20)
"
15:06:26.099,ERROR,Unity,"NullReferenceException: Object reference not set to an instance of an object
CarryableRotation.Update () (at Assets/Scripts/Interaction/CarryableRotation.cs:20)
"
15:06:26.131,ERROR,Unity,"NullReferenceException: Object reference not set to an instance of an object
CarryableRotation.Update () (at Assets/Scripts/Interaction/CarryableRotation.cs:20)
"
15:06:26.161,ERROR,Unity,"NullReferenceException: Object reference not set to an instance of an object
CarryableRotation.Update () (at Assets/Scripts/Interaction/CarryableRotation.cs:20)
"
15:06:26.177,ERROR,Unity,"NullReferenceException: Object reference not set to an instance of an object
CarryableRotation.Update () (at Assets/Scripts/Interaction/CarryableRotation.cs:20)
"
15:06:26.207,ERROR,Unity,"NullReferenceException: Object reference not set to an instance of an object
CarryableRotation.Update () (at Assets/Scripts/Interaction/CarryableRotation.cs:20)
"
15:06:26.222,ERROR,Unity,"NullReferenceException: Object reference not set to an instance of an object
CarryableRotation.Update () (at Assets/Scripts/Interaction/CarryableRotation.cs:20)
"
15:06:26.250,ERROR,Unity,"NullReferenceException: Object reference not set to an instance of an object
CarryableRotation.Update () (at Assets/Scripts/Interaction/CarryableRotation.cs:20)
"
15:06:26.266,ERROR,Unity,"NullReferenceException: Object reference not set to an instance of an object
CarryableRotation.Update () (at Assets/Scripts/Interaction/CarryableRotation.cs:20)
"
15:06:26.298,ERROR,Unity,"NullReferenceException: Object reference not set to an instance of an object
CarryableRotation.Update () (at Assets/Scripts/Interaction/CarryableRotation.cs:20)
"
15:06:26.313,ERROR,Unity,"NullReferenceException: Object reference not set to an instance of an object
CarryableRotation.Update () (at Assets/Scripts/Interaction/CarryableRotation.cs:20)
"
15:06:26.344,ERROR,Unity,"NullReferenceException: Object reference not set to an instance of an object
CarryableRotation.Update () (at Assets/Scripts/Interaction/CarryableRotation.cs:20)
"
15:06:26.361,ERROR,Unity,"NullReferenceException: Object reference not set to an instance of an object
CarryableRotation.Update () (at Assets/Scripts/Interaction/CarryableRotation.cs:20)
"
15:06:26.392,ERROR,Unity,"NullReferenceException: Object reference not set to an instance of an object
CarryableRotation.Update () (at Assets/Scripts/Interaction/CarryableRotation.cs:20)
"
15:06:26.411,ERROR,Unity,"NullReferenceException: Object reference not set to an instance of an object
CarryableRotation.Update () (at Assets/Scripts/Interaction/CarryableRotation.cs:20)
"
15:06:26.443,ERROR,Unity,"NullReferenceException: Object reference not set to an instance of an object
CarryableRotation.Update () (at Assets/Scripts/Interaction/CarryableRotation.cs:20)
"
15:06:26.459,ERROR,Unity,"NullReferenceException: Object reference not set to an instance of an object
CarryableRotation.Update () (at Assets/Scripts/Interaction/CarryableRotation.cs:20)
"
15:06:26.489,ERROR,Unity,"NullReferenceException: Object reference not set to an instance of an object
CarryableRotation.Update () (at Assets/Scripts/Interaction/CarryableRotation.cs:20)
"
15:06:26.506,ERROR,Unity,"NullReferenceException: Object reference not set to an instance of an object
CarryableRotation.Update () (at Assets/Scripts/Interaction/CarryableRotation.cs:20)
"
15:06:26.535,ERROR,Unity,"NullReferenceException: Object reference not set to an instance of an object
CarryableRotation.Update () (at Assets/Scripts/Interaction/CarryableRotation.cs:20)
"
15:06:26.551,ERROR,Unity,"NullReferenceException: Object reference not set to an instance of an object
CarryableRotation.Update () (at Assets/Scripts/Interaction/CarryableRotation.cs:20)
"
15:06:27.693,DEBUG,BathController,������ ���� ��á��
15:06:28.698,INFO,Unity,maxJumpVelocity20
15:06:29.593,INFO,Unity,maxJumpVelocity20
15:06:30.645,INFO,Unity,maxJumpVelocity20
15:06:31.875,DEBUG,BathController,�̹� �� ���� ��
15:06:31.876,DEBUG,PlayerCarrying,집기 조작Mimic (UnityEngine.BoxCollider2D)
15:06:31.877,DEBUG,PlayerCarrying,집기 조작Mimic (UnityEngine.BoxCollider2D)
15:06:31.877,INFO,Unity,_focus is null
15:06:31.878,INFO,Unity,Weight Update =0
15:06:31.878,INFO,Unity,Weight Update2 =10
15:06:32.639,INFO,Unity,maxJumpVelocity19.23077
15:06:33.399,INFO,Unity,사다리 점프
15:06:34.190,INFO,Unity,maxJumpVelocity19.23077
15:06:34.712,INFO,Unity,사다리 점프
15:06:35.435,INFO,Unity,Weight Update =0
15:06:35.946,INFO,Unity,maxJumpVelocity20
15:06:36.495,INFO,Unity,사다리 점프
15:06:37.295,INFO,Unity,maxJumpVelocity20
15:06:38.258,INFO,Unity,maxJumpVelocity20
15:06:39.037,INFO,Unity,maxJumpVelocity20
15:06:41.089,INFO,Unity,maxJumpVelocity20
15:06:41.694,INFO,Unity,사다리 점프
15:06:45.476,INFO,Unity,maxJumpVelocity20
15:06:45.732,DEBUG,PlayerCarrying,집기 조작Onion (2) (UnityEngine.BoxCollider2D)
15:06:45.733,DEBUG,PlayerCarrying,집기 조작냄비 (1) (UnityEngine.BoxCollider2D)
15:06:45.734,INFO,Unity,_focus is null
15:06:45.734,INFO,Unity,Weight Update =0
15:06:45.735,INFO,Unity,Weight Update2 =1
15:06:47.309,INFO,Unity,Weight Update =0
15:06:49.319,INFO,Unity,maxJumpVelocity20
15:06:49.546,DEBUG,PlayerCarrying,집기 조작Onion (2) (UnityEngine.BoxCollider2D)
15:06:49.548,DEBUG,PlayerCarrying,집기 조작Onion (UnityEngine.BoxCollider2D)
15:06:49.549,INFO,Unity,_focus is null
15:06:49.549,INFO,Unity,Weight Update =0
15:06:49.550,INFO,Unity,Weight Update2 =1
15:06:50.565,INFO,Unity,Weight Update =0
15:06:51.163,INFO,Unity,maxJumpVelocity20
15:06:51.322,INFO,Unity,Weight Update =0
15:06:52.109,INFO,Unity,maxJumpVelocity20
15:06:52.328,DEBUG,PlayerCarrying,집기 조작Onion (2) (UnityEngine.BoxCollider2D)
15:06:52.328,INFO,Unity,_focus is null
15:06:52.330,INFO,Unity,Weight Update =0
15:06:52.330,INFO,Unity,Weight Update2 =1
15:06:52.466,INFO,Unity,파괴된 구름을 리스트에서 제거. 현재 구름 수: 21
15:06:52.934,INFO,Unity,Weight Update =0
15:06:53.623,DEBUG,PlayerCarrying,집기 조작Onion (2) (UnityEngine.BoxCollider2D)
15:06:53.623,DEBUG,PlayerCarrying,집기 조작냄비 (1) (UnityEngine.BoxCollider2D)
15:06:53.624,INFO,Unity,_focus is null
15:06:53.625,INFO,Unity,Weight Update =0
15:06:53.625,INFO,Unity,Weight Update2 =1
15:06:54.001,INFO,Unity,파괴된 구름을 리스트에서 제거. 현재 구름 수: 21
15:06:54.188,INFO,Unity,Weight Update =0
15:06:54.750,DEBUG,PlayerCarrying,집기 조작냄비 (1) (UnityEngine.BoxCollider2D)
15:06:54.751,DEBUG,PlayerCarrying,집기 조작Onion (2) (UnityEngine.BoxCollider2D)
15:06:54.752,INFO,Unity,_focus is null
15:06:54.752,INFO,Unity,Weight Update =0
15:06:54.753,INFO,Unity,Weight Update2 =1
15:06:55.380,INFO,Unity,Weight Update =0
15:06:56.088,DEBUG,PlayerCarrying,집기 조작Onion (2) (UnityEngine.BoxCollider2D)
15:06:56.089,DEBUG,PlayerCarrying,집기 조작냄비 (1) (UnityEngine.BoxCollider2D)
15:06:56.090,INFO,Unity,_focus is null
15:06:56.091,INFO,Unity,Weight Update =0
15:06:56.092,INFO,Unity,Weight Update2 =1
15:06:56.461,INFO,Unity,Weight Update =0
15:06:56.603,DEBUG,PlayerCarrying,집기 조작냄비 (1) (UnityEngine.BoxCollider2D)
15:06:56.604,INFO,Unity,_focus is null
15:06:56.605,INFO,Unity,Weight Update =0
15:06:56.606,INFO,Unity,Weight Update2 =1
15:06:57.086,INFO,Unity,파괴된 구름을 리스트에서 제거. 현재 구름 수: 21
15:06:57.341,INFO,Unity,Weight Update =0
15:06:57.877,INFO,Unity,maxJumpVelocity20
15:06:58.931,INFO,Unity,maxJumpVelocity20
15:06:59.076,DEBUG,PlayerCarrying,집기 조작Onion (UnityEngine.BoxCollider2D)
15:06:59.078,DEBUG,PlayerCarrying,집기 조작Squash (UnityEngine.CapsuleCollider2D)
15:06:59.078,INFO,Unity,_focus is null
15:06:59.079,INFO,Unity,Weight Update =0
15:06:59.080,INFO,Unity,Weight Update2 =1
15:06:59.319,DEBUG,PlayerCarrying,집기 조작Onion (UnityEngine.BoxCollider2D)
15:06:59.321,DEBUG,PlayerCarrying,집기 조작Onion (1) (UnityEngine.BoxCollider2D)
15:06:59.322,DEBUG,PlayerCarrying,집기 조작Squash (1) (UnityEngine.CapsuleCollider2D)
15:06:59.323,DEBUG,PlayerCarrying,집기 조작Squash (UnityEngine.CapsuleCollider2D)
15:06:59.323,INFO,Unity,_focus is null
15:06:59.323,INFO,Unity,Weight Update =0
15:06:59.324,INFO,Unity,Weight Update2 =2
15:06:59.944,INFO,Unity,파괴된 구름을 리스트에서 제거. 현재 구름 수: 20
15:07:00.513,DEBUG,PlayerCarrying,집기 조작Onion (UnityEngine.BoxCollider2D)
15:07:00.514,DEBUG,PlayerCarrying,집기 조작냄비 (1) (UnityEngine.BoxCollider2D)
15:07:00.515,INFO,Unity,_focus is null
15:07:00.515,INFO,Unity,Weight Update =0
15:07:00.517,INFO,Unity,Weight Update2 =3
15:07:00.840,DEBUG,PlayerCarrying,집기 조작Onion (UnityEngine.BoxCollider2D)
15:07:01.244,INFO,Unity,Weight Update =0
15:07:01.245,INFO,Unity,Weight Update2 =2
15:07:01.640,DEBUG,PlayerCarrying,집기 조작냄비 (1) (UnityEngine.BoxCollider2D)
15:07:01.642,DEBUG,PlayerCarrying,집기 조작Onion (UnityEngine.BoxCollider2D)
15:07:01.643,INFO,Unity,_focus is null
15:07:01.643,INFO,Unity,Weight Update =0
15:07:01.643,INFO,Unity,Weight Update2 =3
15:07:01.975,DEBUG,PlayerCarrying,집기 조작Onion (UnityEngine.BoxCollider2D)
15:07:02.208,INFO,Unity,Weight Update =0
15:07:02.208,INFO,Unity,Weight Update2 =2
15:07:02.475,DEBUG,PlayerCarrying,집기 조작냄비 (1) (UnityEngine.BoxCollider2D)
15:07:02.476,DEBUG,PlayerCarrying,집기 조작Onion (UnityEngine.BoxCollider2D)
15:07:02.477,INFO,Unity,_focus is null
15:07:02.478,INFO,Unity,Weight Update =0
15:07:02.478,INFO,Unity,Weight Update2 =3
15:07:02.947,INFO,Unity,Weight Update =0
15:07:02.948,INFO,Unity,Weight Update2 =2
15:07:03.505,DEBUG,PlayerCarrying,집기 조작냄비 (1) (UnityEngine.BoxCollider2D)
15:07:03.506,DEBUG,PlayerCarrying,집기 조작Onion (UnityEngine.BoxCollider2D)
15:07:03.506,INFO,Unity,_focus is null
15:07:03.508,INFO,Unity,Weight Update =0
15:07:03.508,INFO,Unity,Weight Update2 =3
15:07:03.705,DEBUG,PlayerCarrying,집기 조작Onion (UnityEngine.BoxCollider2D)
15:07:04.055,INFO,Unity,Weight Update =0
15:07:04.057,INFO,Unity,Weight Update2 =2
15:07:04.601,INFO,Unity,파괴된 구름을 리스트에서 제거. 현재 구름 수: 20
15:07:04.683,INFO,Unity,maxJumpVelocity19.84127
15:07:04.811,DEBUG,PlayerCarrying,집기 조작Onion (UnityEngine.BoxCollider2D)
15:07:04.825,INFO,Unity,indexChamge
15:07:04.826,INFO,Unity,짐 2충돌
15:07:04.826,DEBUG,Carryable,"충돌로 인해 짐 떨어뜨림. Fall떨어트린 위치 : (-28.89, -12.49, 0.00)"
15:07:04.827,INFO,Unity,Weight Update =0
15:07:04.828,INFO,Unity,Weight Update2 =1
15:07:05.015,INFO,Unity,indexChamge
15:07:05.016,INFO,Unity,짐 1충돌
15:07:05.016,DEBUG,Carryable,"충돌로 인해 짐 떨어뜨림. Fall떨어트린 위치 : (-28.87, -12.49, 0.00)"
15:07:05.017,INFO,Unity,Weight Update =0
15:07:05.655,DEBUG,PlayerCarrying,집기 조작냄비 (1) (UnityEngine.BoxCollider2D)
15:07:05.657,INFO,Unity,_focus is null
15:07:05.657,INFO,Unity,Weight Update =0
15:07:05.657,INFO,Unity,Weight Update2 =1
15:07:06.008,INFO,Unity,파괴된 구름을 리스트에서 제거. 현재 구름 수: 20
15:07:06.252,INFO,Unity,maxJumpVelocity19.92032
15:07:07.057,INFO,Unity,사다리 점프
15:07:07.600,INFO,Unity,사다리 점프
15:07:08.421,INFO,Unity,사다리 점프
15:07:08.421,INFO,Unity,파괴된 구름을 리스트에서 제거. 현재 구름 수: 19
15:07:08.866,INFO,Unity,indexChamge
15:07:08.868,INFO,Unity,짐 1충돌
15:07:08.868,DEBUG,Carryable,"충돌로 인해 짐 떨어뜨림. Fall떨어트린 위치 : (-34.60, 0.81, 0.00)"
15:07:08.868,INFO,Unity,Weight Update =0
15:07:09.049,INFO,Unity,maxJumpVelocity20
15:07:10.007,DEBUG,PlayerCarrying,집기 조작냄비 (1) (UnityEngine.BoxCollider2D)
15:07:10.008,INFO,Unity,_focus is null
15:07:10.009,INFO,Unity,Weight Update =0
15:07:10.009,INFO,Unity,Weight Update2 =1
15:07:10.627,INFO,Unity,Weight Update =0
15:07:10.655,DEBUG,Stove,���� ����� ���� �������ϴ�.
15:07:10.668,DEBUG,Stove,���� ����� ���� �������ϴ�.
15:07:10.695,DEBUG,Stove,���� ����� ���� �������ϴ�.
15:07:10.709,DEBUG,Stove,���� ����� ���� �������ϴ�.
15:07:10.735,DEBUG,Stove,���� ����� ���� �������ϴ�.
15:07:10.750,DEBUG,Stove,���� ����� ���� �������ϴ�.
15:07:10.776,DEBUG,Stove,���� ����� ���� �������ϴ�.
15:07:10.789,DEBUG,Stove,���� ����� ���� �������ϴ�.
15:07:10.816,DEBUG,Stove,���� ����� ���� �������ϴ�.
15:07:10.831,DEBUG,Stove,���� ����� ���� �������ϴ�.
15:07:10.850,DEBUG,Stove,���� ����� ���� �������ϴ�.
15:07:10.865,DEBUG,Stove,���� ����� ���� �������ϴ�.
15:07:10.890,DEBUG,Stove,���� ����� ���� �������ϴ�.
15:07:10.916,DEBUG,Stove,���� ����� ���� �������ϴ�.
15:07:10.931,DEBUG,Stove,���� ����� ���� �������ϴ�.
15:07:10.944,DEBUG,Stove,���� ����� ���� �������ϴ�.
15:07:10.972,DEBUG,Stove,���� ����� ���� �������ϴ�.
15:07:10.985,DEBUG,Stove,���� ����� ���� �������ϴ�.
15:07:11.011,DEBUG,Stove,���� ����� ���� �������ϴ�.
15:07:11.025,DEBUG,Stove,���� ����� ���� �������ϴ�.
15:07:11.056,DEBUG,Stove,���� ����� ���� �������ϴ�.
15:07:11.071,DEBUG,Stove,���� ����� ���� �������ϴ�.
15:07:11.086,DEBUG,Stove,���� ����� ���� �������ϴ�.
15:07:11.112,DEBUG,Stove,���� ����� ���� �������ϴ�.
15:07:11.127,DEBUG,Stove,���� ����� ���� �������ϴ�.
15:07:11.154,DEBUG,Stove,���� ����� ���� �������ϴ�.
15:07:12.292,INFO,Unity,maxJumpVelocity20
15:07:13.389,INFO,Unity,파괴된 구름을 리스트에서 제거. 현재 구름 수: 21
15:07:14.572,INFO,Unity,maxJumpVelocity20
15:07:14.685,INFO,Unity,파괴된 구름을 리스트에서 제거. 현재 구름 수: 20
15:07:15.931,INFO,Unity,maxJumpVelocity20
15:07:16.061,DEBUG,PlayerCarrying,집기 조작냄비 (1) (UnityEngine.BoxCollider2D)
15:07:16.063,INFO,Unity,_focus is null
15:07:16.063,INFO,Unity,Weight Update =0
15:07:16.064,INFO,Unity,Weight Update2 =1
15:07:16.079,DEBUG,Stove,���� ����꿡�� ������ϴ�.
15:07:17.078,DEBUG,PlayerCarrying,집기 조작냄비 (1) (UnityEngine.BoxCollider2D)
15:07:17.580,INFO,Unity,maxJumpVelocity19.92032
15:07:17.694,INFO,Unity,Weight Update =0
15:07:17.710,DEBUG,Stove,���� ����� ���� �������ϴ�.
15:07:17.724,DEBUG,Stove,���� ����� ���� �������ϴ�.
15:07:17.752,DEBUG,Stove,���� ����� ���� �������ϴ�.
15:07:17.765,DEBUG,Stove,���� ����� ���� �������ϴ�.
15:07:17.792,DEBUG,Stove,���� ����� ���� �������ϴ�.
15:07:17.806,DEBUG,Stove,���� ����� ���� �������ϴ�.
15:07:17.834,DEBUG,Stove,���� ����� ���� �������ϴ�.
15:07:17.847,DEBUG,Stove,���� ����� ���� �������ϴ�.
15:07:17.873,DEBUG,Stove,���� ����� ���� �������ϴ�.
15:07:17.888,DEBUG,Stove,���� ����� ���� �������ϴ�.
15:07:17.921,DEBUG,Stove,���� ����� ���� �������ϴ�.
15:07:17.935,DEBUG,Stove,���� ����� ���� �������ϴ�.
15:07:17.948,DEBUG,Stove,���� ����� ���� �������ϴ�.
15:07:17.975,DEBUG,Stove,���� ����� ���� �������ϴ�.
15:07:17.989,DEBUG,Stove,���� ����� ���� �������ϴ�.
15:07:18.015,DEBUG,Stove,���� ����� ���� �������ϴ�.
15:07:18.029,DEBUG,Stove,���� ����� ���� �������ϴ�.
15:07:18.054,DEBUG,Stove,���� ����� ���� �������ϴ�.
15:07:18.068,DEBUG,Stove,���� ����� ���� �������ϴ�.
15:07:18.095,DEBUG,Stove,���� ����� ���� �������ϴ�.
15:07:18.110,DEBUG,Stove,���� ����� ���� �������ϴ�.
15:07:18.129,DEBUG,Stove,���� ����� ���� �������ϴ�.
15:07:18.144,DEBUG,Stove,���� ����� ���� �������ϴ�.
15:07:18.170,DEBUG,Stove,���� ����� ���� �������ϴ�.
15:07:18.185,DEBUG,Stove,���� ����� ���� �������ϴ�.
15:07:18.211,DEBUG,Stove,���� ����� ���� �������ϴ�.
15:07:18.390,INFO,Unity,파괴된 구름을 리스트에서 제거. 현재 구름 수: 20
15:07:22.537,INFO,Unity,파괴된 구름을 리스트에서 제거. 현재 구름 수: 20
15:07:23.711,INFO,Unity,파괴된 구름을 리스트에서 제거. 현재 구름 수: 19
15:07:24.957,INFO,Unity,Trigger Exit with: Wall3 (1)
15:07:24.957,INFO,Unity,Trigger Exit with: Wall3 (1)
15:07:24.958,INFO,Unity,Trigger Exit with: Wall3 (1)
15:07:24.958,INFO,Unity,Trigger Exit with: Wall3 (1)
15:07:24.959,INFO,Unity,Trigger Exit with: Wall3 (1)
15:07:24.960,INFO,Unity,Trigger Exit with: 야외
15:07:24.960,INFO,Unity,Trigger Exit with: 야외
15:07:24.960,INFO,Unity,Trigger Exit with: 야외
15:07:24.960,INFO,Unity,Trigger Exit with: 야외
15:07:24.961,INFO,Unity,Trigger Exit with: 야외
15:07:24.965,DEBUG,Stove,���� ����꿡�� ������ϴ�.
15:07:24.972,DEBUG,DirtObject,먼지 퀘스트 완료
